# Blender 4.1.1
# www.blender.org
mtllib lightning.mtl
o Lightning
v 4.991878 135.717773 -3.894730
v 6.242839 133.896088 -3.915789
v 4.791808 132.678818 -7.420167
v -5.285383 126.590385 -7.696053
v -4.116557 122.508965 -6.110237
v -5.599178 122.940689 -3.682023
v -4.672541 125.013000 3.535225
v -4.862079 129.635651 1.989422
v -4.379808 120.449303 2.334806
v -4.173419 129.366089 3.560496
v 3.608238 136.351685 -3.759944
v 1.380095 136.869751 -5.038285
v 2.810066 137.655304 0.730036
v 0.322883 135.759903 5.281094
v -0.768022 138.015427 -0.152376
v 2.064542 134.376251 5.087345
v -1.983182 135.981018 3.918514
v 3.907289 135.938904 0.477316
v -0.247842 131.194092 6.462558
v -2.528634 137.503662 -2.283645
v -2.286443 135.740952 -6.626207
v -5.394894 135.279724 -4.071633
v 1.369565 135.663025 -6.217642
v 1.824461 135.698822 -7.078997
v -4.106027 123.726234 -2.786976
v -4.782052 124.596008 -2.003546
v -4.205009 122.843819 -2.014075
v -2.301188 122.578468 -8.045648
v 0.954682 121.700272 -7.474921
v -2.450714 121.896126 -5.905953
v -5.144280 132.533508 -7.569692
v -2.296974 133.220062 -9.484047
v 1.824461 135.698822 -7.078997
v 6.840941 131.642670 -4.349622
v 6.602963 128.989120 -2.873320
v 6.409212 126.670418 -3.503011
v 6.965195 130.560181 -1.611828
v 6.139645 132.878891 0.972227
v 6.630342 129.842056 -0.047076
v 1.316913 122.900688 -8.987028
v -6.879622 131.922775 -3.869461
v 4.863410 129.635651 1.989424
v 4.989770 127.378036 1.465031
v 6.175446 129.456650 1.593499
v 5.048739 135.313431 0.456257
v 3.608238 136.351685 -3.759944
v -1.865247 132.276581 6.458345
v 3.140705 121.251686 -6.356638
v 2.452045 122.614273 -5.640597
v -6.603737 128.989120 -2.873322
v -6.150949 128.928040 -1.664483
v -6.801702 129.959991 -0.809445
v 3.907289 135.938904 0.477316
v -4.782052 124.596008 -2.003546
v -5.434911 124.587585 -2.161493
v -4.205009 122.843819 -2.014075
v -4.868395 136.031570 0.020317
v -3.920698 136.402222 2.061024
v -2.267491 127.171638 -10.328548
v 5.684750 127.428581 -7.588644
v 6.175446 129.456650 1.593499
v 6.150174 128.928040 -1.664481
v 6.602963 128.989120 -2.873320
v -3.324702 132.137589 3.642628
v 0.000665 132.365021 4.859897
v -0.247842 131.194092 6.462558
v 6.602963 128.989120 -2.873320
v 6.840941 131.642670 -4.349622
v 7.380076 126.438759 -5.183599
v -5.599178 122.940689 -3.682023
v 0.000665 122.650070 -6.217640
v -5.706584 128.207794 -1.165361
v 1.959244 133.302200 -9.281869
v -7.132342 128.043533 -2.942820
v -6.603737 128.989120 -2.873322
v -6.801702 129.959991 -0.809445
v 1.995045 127.378036 -10.244306
v 7.380076 126.438759 -5.183599
v -7.905244 124.208511 -2.302597
v 5.703702 129.561951 3.175098
v 4.461164 131.149872 4.546105
v 3.338669 131.059311 4.739853
v 5.198264 124.067398 -7.074783
v 6.409212 126.670418 -3.503011
v 4.105251 123.726234 -2.786975
v 5.990118 123.692543 -2.694308
v 4.105251 123.726234 -2.786975
v 7.335849 124.937180 -1.651839
v 6.630342 129.842056 -0.047076
v 6.965195 130.560181 -1.611828
v 7.335849 124.937180 -1.651839
v -6.788528 131.008774 5.502246
v -3.680077 133.447510 6.195119
v -4.436129 133.643356 4.451354
v -7.132342 128.043533 -2.942820
v -7.905244 124.208511 -2.302597
v -7.151185 132.750412 0.416247
v -4.636199 127.415932 6.087713
v -4.862079 129.635651 1.989422
v -3.324702 132.137589 3.642628
v -4.215329 127.971916 5.510656
v -9.322468 131.933289 2.103148
v -4.436129 133.643356 4.451354
v -1.865247 132.276581 6.458345
v -6.788528 131.008774 5.502246
v -6.784316 126.493515 0.096155
v -9.322468 131.933289 2.103148
v -4.436129 133.643356 4.451354
v -1.983182 135.981018 3.918514
v -6.386711 133.510681 2.052605
v -7.151185 132.750412 0.416247
v -4.246591 130.642319 6.106668
v -4.215329 127.971916 5.510656
v -0.247842 131.194092 6.462558
v -4.215329 127.971916 5.510656
v -9.210423 127.586533 3.145637
v -7.151185 132.750412 0.416247
v -4.868395 136.031570 0.020317
v -4.868395 136.031570 0.020317
v -6.386711 133.510681 2.052605
v -9.322468 131.933289 2.103148
v -7.151185 132.750412 0.416247
v -4.436129 133.643356 4.451354
v -1.983182 135.981018 3.918514
v -5.438871 118.644470 1.585086
v -5.706584 128.207794 -1.165361
v -5.302233 128.171982 0.470997
v -4.862079 129.635651 1.989422
v -4.862079 129.635651 1.989422
v 6.175446 129.456650 1.593499
v 6.409212 124.311684 0.593151
v 5.703702 129.561951 3.175098
v 5.945892 122.808006 2.113682
v -6.637431 125.920654 -4.132709
v 6.409212 124.311684 0.593151
v -6.409986 126.670418 -3.503014
v -6.603737 128.989120 -2.873322
v 6.965195 130.560181 -1.611828
v 6.693521 124.473862 -1.201159
v 6.150174 128.928040 -1.664481
v -7.132342 128.043533 -2.942820
v 6.409212 124.311684 0.593151
v 5.398333 124.503334 0.110877
v 4.916060 124.911911 -1.190630
v 5.109811 126.400848 0.018213
v 5.533117 126.744125 -1.314883
v 5.450984 121.386452 0.708980
v 5.587873 122.662697 0.477319
v 4.374820 122.037216 -0.131313
v 4.916060 124.911911 -1.190630
v 4.374820 122.037216 -0.131313
v 5.587873 122.662697 0.477319
v 4.606482 119.516327 -2.633233
v 5.288826 120.897858 -5.497389
v 6.114374 121.672882 -3.949481
v 4.374820 122.037216 -0.131313
v 5.990118 123.692543 -2.694308
v 5.802685 121.887680 -0.771533
v 5.802685 121.887680 -0.771533
v 5.450984 121.386452 0.708980
v 7.544181 117.829407 -1.774012
v 5.880444 118.960327 2.039945
v 5.880444 118.960327 2.039945
v 5.880444 118.960327 2.039945
v -0.709056 127.860306 6.551012
v -2.012667 128.989120 6.839531
v 0.194416 131.520523 6.460452
v 2.064542 134.376251 5.087345
v 3.018557 131.088791 5.097876
v 0.194416 131.520523 6.460452
v -0.709056 127.860306 6.551012
v -10.530882 121.816109 4.358693
v -6.799058 127.647598 5.019973
v -8.924006 121.715019 5.628610
v -8.016323 127.371719 3.029809
v -4.636199 127.415932 6.087713
v -4.246591 130.642319 6.106668
v -5.396462 131.509995 4.925204
v -7.070730 130.619171 1.648275
v -0.247842 131.194092 6.462558
v 5.703702 129.561951 3.175098
v 4.998193 126.891548 3.672114
v 4.461164 131.149872 4.546105
v 2.759518 124.661293 5.365337
v 3.307079 127.504387 5.493802
v 3.338669 131.059311 4.739853
v 3.646144 124.012650 4.131222
v -7.761498 122.483704 3.248834
v -7.028609 126.878906 2.774983
v -6.567399 122.508965 4.468204
v -8.730257 118.067429 3.507872
v -7.352935 122.104630 1.618793
v -6.784316 126.493515 0.096155
v -4.862079 129.635651 1.989422
v -4.215329 127.971916 5.510656
v -2.711859 129.924179 5.771791
v -0.247842 131.194092 6.462558
v -2.829664 126.032295 6.226694
v -4.160653 126.529305 5.203178
v 5.703702 129.561951 3.175098
v 6.175446 129.456650 1.593499
v 4.654916 125.143570 2.791810
v 4.216868 125.686913 3.990119
v 1.238989 121.557053 4.411320
v 3.142812 134.032974 3.798475
v 3.323927 132.137589 3.642630
v 3.338669 131.059311 4.739853
v 4.863410 129.635651 1.989424
v 3.338669 131.059311 4.739853
v 4.863410 129.635651 1.989424
v -5.639062 123.846268 2.280056
v -4.975803 129.305023 3.910090
v -4.257529 124.132683 4.116486
v -2.711859 129.924179 5.771791
v 6.590109 116.513153 4.693492
v 8.331768 114.902077 1.846189
v 5.669787 110.885933 8.922335
v 7.095546 108.592522 6.454107
v 7.544181 117.829407 -1.774012
v 5.880444 118.960327 2.039945
v 3.715642 124.107422 3.227752
v 4.789700 130.151627 2.968713
v 3.852532 127.306427 4.664040
v 2.753201 124.265366 4.699841
v 3.852532 127.306427 4.664040
v 3.715642 124.107422 3.227752
v 3.338669 131.059311 4.739853
v 4.789700 130.151627 2.968713
v -0.247842 131.194092 6.462558
v 3.018557 131.088791 5.097876
v 0.695643 127.843460 5.851819
v -1.715722 128.477356 6.214050
v -2.907717 124.018967 5.076811
v -4.487213 124.701309 4.407106
v -4.173419 129.366089 3.560496
v -4.672541 125.013000 3.535225
v -4.862079 129.635651 1.989422
v -4.379808 120.449303 2.334806
v 3.338669 131.059311 4.739853
v 2.753201 124.265366 4.699841
v 0.000665 132.365021 4.859897
v 3.323927 132.137589 3.642630
v 3.696468 110.131989 8.475863
v 2.022202 109.742371 7.199630
v 2.125398 115.378029 4.183841
v 6.478491 115.121094 5.072570
v 6.059396 109.883484 7.427076
v 3.873375 116.197266 5.363203
v 5.880444 118.960327 2.039945
v 2.548759 119.362572 0.925874
v -4.257529 124.132683 4.116486
v -2.711859 129.924179 5.771791
v -4.975803 129.305023 3.910090
v -5.639062 123.846268 2.280056
v -2.907717 124.018967 5.076811
v 0.695643 127.843460 5.851819
v -1.715722 128.477356 6.214050
v -0.247842 131.194092 6.462558
v -4.487213 124.701309 4.407106
v 3.018557 131.088791 5.097876
v 2.064542 134.376251 5.087345
v -5.599178 122.940689 -3.682023
v -4.478789 120.428246 -3.128147
v -3.948077 121.003181 -5.291005
v 6.175446 129.456650 1.593499
v 5.703702 129.561951 3.175098
v 4.654916 125.143570 2.791810
v 4.216868 125.686913 3.990119
v 1.238989 121.557053 4.411320
v -4.116557 122.508965 -6.110237
v -3.623755 120.558815 -1.411761
v -4.205009 122.843819 -2.014075
v -5.396462 131.509995 4.925204
v -7.070730 130.619171 1.648275
v -7.028609 126.878906 2.774983
v -4.246591 130.642319 6.106668
v -6.784316 126.493515 0.096155
v -7.761498 122.483704 3.248834
v -6.567399 122.508965 4.468204
v -8.730257 118.067429 3.507872
v -7.352935 122.104630 1.618793
v -6.801702 129.959991 -0.809445
v -7.151185 132.750412 0.416247
v -4.215329 127.971916 5.510656
v -7.028609 126.878906 2.774983
v -4.215329 127.971916 5.510656
v -4.246591 130.642319 6.106668
v -2.711859 129.924179 5.771791
v -4.160653 126.529305 5.203178
v -2.829664 126.032295 6.226694
v -0.247842 131.194092 6.462558
v 2.022202 109.742371 7.199630
v 3.696468 110.131989 8.475863
v 2.125398 115.378029 4.183841
v 6.059396 109.883484 7.427076
v 6.478491 115.121094 5.072570
v 3.873375 116.197266 5.363203
v 2.548759 119.362572 0.925874
v 5.880444 118.960327 2.039945
v 2.548759 119.362572 0.925874
v 4.606482 119.516327 -2.633233
v 5.880444 118.960327 2.039945
v 4.105251 123.726234 -2.786975
v 4.998193 126.889435 3.672114
v 5.703702 129.559845 3.175098
v 4.461164 131.147766 4.546105
v -4.478789 120.428246 -3.128147
v -3.623755 120.558815 -1.411761
v -3.623755 120.558815 -1.411761
v -4.205009 122.843819 -2.014075
v -5.599178 122.940689 -3.682023
v -3.948077 121.003181 -5.291005
v 0.194416 131.520523 6.460452
v 3.018557 131.088791 5.097876
v 3.307079 127.502289 5.493802
v 2.759518 124.659187 5.365337
v 3.646144 124.010544 4.131222
v 3.338669 131.057205 4.739853
v 3.307079 127.502289 5.493802
v 3.142812 134.032974 3.798475
v 3.142812 134.032974 3.798475
v 4.248460 133.346420 3.691067
v 4.461164 131.149872 4.546105
v 5.703702 129.561951 3.175098
v -0.709056 127.860306 6.551012
v 3.323927 132.137589 3.642630
v 3.338669 131.059311 4.739853
v -2.012667 128.989120 6.839531
v -8.924006 121.715019 5.628610
v -4.636199 127.415932 6.087713
v -6.933842 127.750793 5.028398
v -10.530882 121.816109 4.358693
v -8.016323 127.371719 3.029809
v -7.070730 130.619171 1.648275
v -5.396462 131.509995 4.925204
v -4.436129 133.643356 4.451354
v -4.246591 130.642319 6.106668
v -1.865247 132.276581 6.458345
v -7.151185 132.750412 0.416247
v 5.945892 122.808006 2.113682
v 6.409212 124.311684 0.593151
v 5.802685 121.887680 -0.771533
v 8.331768 114.902077 1.846189
v 6.590109 116.513153 4.693492
v 5.669787 110.885933 8.922335
v 7.095546 108.592522 6.454107
v 5.880444 118.960327 2.039945
v 5.442557 65.760788 3.337253
v 6.268107 65.764999 3.246696
v 6.266002 68.603882 3.246696
v 12.061703 68.422768 -3.469326
v 10.562234 68.441727 1.532413
v 11.577324 69.581062 -3.414571
v 6.059614 68.456467 3.234061
v 3.481874 68.464890 3.608927
v 3.313395 69.688477 2.448524
v 9.785122 69.564217 1.384995
v 5.442557 68.603882 3.337253
v 10.237909 65.944008 -8.517401
v 9.827241 53.190098 -6.430356
v 11.912176 71.101593 -7.201153
v 9.216502 71.101593 2.897098
v 12.811438 70.773056 -1.550764
v 8.094007 53.175354 1.340771
v 13.573809 66.565277 -2.369997
v 13.011507 66.565277 -0.263999
v 14.881632 62.650227 -2.039356
v 7.106294 65.944008 3.204577
v 10.406390 53.124809 -2.475298
v 6.059614 68.456467 3.234061
v 7.944481 67.995255 3.082427
v 8.917451 70.368713 2.941327
v 14.319330 62.650227 0.066641
v 5.533117 126.744125 -1.314883
v 6.409212 126.670418 -3.503011
v 6.602963 128.989120 -2.873320
v 0.314457 124.583374 6.224584
v 0.000663 124.577057 6.306715
v 0.000663 124.168488 5.337955
v 0.000663 123.429291 5.331638
v -0.540577 124.164284 5.104195
v -4.632526 128.934357 2.549617
v -4.862079 129.635651 1.989422
v -5.302233 128.171982 0.470997
v 4.916060 124.911911 -1.190630
v 5.533117 126.744125 -1.314883
v 5.109811 126.400848 0.018213
v -0.315235 124.583374 6.224583
v 5.436240 124.587585 -2.161491
v 4.783382 124.596008 -2.003544
v 0.331305 125.031952 6.462558
v 0.000663 125.025635 6.555223
v -4.916836 124.911911 -1.190631
v -5.434911 124.587585 -2.161493
v -4.782052 124.596008 -2.003546
v -4.242918 127.559143 2.951864
v -5.706584 128.207794 -1.165361
v -3.842778 128.140396 3.474152
v -2.450714 121.896126 -5.905953
v -3.356292 122.603745 -2.664826
v -4.106027 123.726234 -2.786976
v -6.409986 126.670418 -3.503014
v -0.332083 125.031952 6.462558
v -1.046016 124.574951 4.895700
v -4.379807 126.398743 2.859199
v 1.047344 124.574951 4.895700
v 0.539798 124.164284 5.104195
v 4.863410 129.635651 1.989424
v 4.633856 128.934357 2.549618
v 4.989770 127.378036 1.465031
v -6.603737 128.989120 -2.873322
v 6.409212 126.670418 -3.503011
v 5.436240 124.587585 -2.161491
v 4.783382 124.596008 -2.003544
v 5.436240 124.587585 -2.161491
v 4.105251 123.726234 -2.786975
v 6.409212 126.670418 -3.503011
v 4.783382 124.596008 -2.003544
v 4.379030 126.398743 2.859200
v 4.242141 127.559143 2.951866
v -6.150949 128.928040 -1.664483
v 3.355516 122.603745 -2.664825
v 2.452045 122.614273 -5.640597
v 4.105251 123.726234 -2.786975
v 3.842001 128.140396 3.474153
v 6.150174 128.928040 -1.664481
v 17.194008 108.683090 -3.871568
v 13.241060 111.035492 -0.819981
v 12.853559 114.598831 -5.954392
v 16.779127 108.687302 -8.751153
v 22.050428 105.024986 -6.746246
v 9.884107 113.402626 -0.594644
v 7.316904 116.759575 -3.328222
v 9.045922 113.411041 -10.412779
v 12.392344 111.043915 -10.758161
v 6.952567 116.761688 -7.599175
v 6.929401 117.071266 -5.446851
v 17.509907 107.434235 -3.460897
v 17.021317 107.440559 -9.210256
v 21.825085 104.239456 -4.886654
v 21.513397 104.243660 -8.542658
v 7.504311 87.863228 -6.518816
v 10.332664 77.131058 -10.358046
v 0.000645 78.057701 -13.043192
v 0.000645 88.031700 -8.262579
v 10.332664 77.131058 -10.358046
v 9.475523 78.419930 -8.829091
v 0.000645 78.725296 -11.272046
v 11.105565 85.908859 -0.432483
v 0.000645 78.057701 -13.043192
v -10.333479 77.131058 -10.358046
v -9.474233 78.419930 -8.829091
v -10.333479 77.131058 -10.358046
v -7.503019 87.863228 -6.518816
v -11.104274 85.908859 -0.432483
v 5.731072 79.637192 4.131212
v 9.667178 79.580330 1.818826
v 4.865498 84.171410 5.243178
v 12.897776 76.299194 -3.250304
v 12.061703 68.422768 -3.469326
v 9.220711 68.646004 -9.210271
v 9.667178 79.580330 1.818826
v 10.562234 68.441727 1.532413
v 9.212287 71.341675 -9.104974
v 9.220711 68.646004 -9.210271
v 10.368480 70.629852 -8.304694
v 2.304617 68.694443 -10.417010
v 0.000645 78.725296 -11.272046
v 9.475523 78.419930 -8.829091
v 11.528885 69.918030 -7.504416
v 9.220711 68.646004 -9.210271
v 9.239665 69.353615 -8.414207
v 2.565761 69.353622 -9.277666
v 3.361831 70.402405 3.693164
v 3.481874 68.464890 3.608927
v 5.935359 71.171089 3.453079
v 0.000645 74.304810 1.216512
v 6.059614 68.456467 3.234061
v 10.743349 67.504555 -8.119366
v 5.731072 79.637192 4.131212
v 9.212287 71.341675 -9.104974
v 5.935359 71.171089 3.453079
v 0.000645 79.371841 5.468519
v 2.304617 68.694443 -10.417010
v 9.728230 32.395489 -4.122184
v 11.099233 32.395489 -6.352434
v 5.977449 29.249130 -6.070231
v 5.950072 36.843349 -0.114473
v 2.218246 36.843349 -2.026718
v 3.408134 32.395485 -1.169577
v 8.492009 32.395489 -1.169577
v 9.728230 32.395489 -4.122184
v 9.643990 36.843353 -1.592881
v 8.492009 32.395489 -1.169577
v 1.201049 32.395485 -6.352434
v 2.285637 32.395485 -4.122184
v 5.950072 36.843349 -0.114473
v 9.643990 36.843353 -1.592881
v 2.218246 36.843349 -2.026718
v 9.077476 32.395489 -10.829784
v 2.818454 32.395485 -10.829784
v 2.285637 32.395485 -4.122184
v 9.643990 36.843353 -1.592881
v 8.637332 10.482594 -6.434563
v 9.193323 3.850808 -1.481259
v 8.331970 2.130211 -5.168860
v 1.990815 3.703391 -1.742403
v 2.323555 9.218994 -6.004941
v 3.224928 5.190221 -11.312048
v 11.099233 32.395489 -6.352434
v 1.201049 32.395485 -6.352434
v 3.176491 6.687588 -0.026014
v 7.898135 6.321142 -0.285051
v 7.689641 5.190221 -11.312048
v 2.504678 2.130211 -5.168860
v 3.288108 -0.001059 -10.652874
v 8.622598 -0.001058 -2.153070
v 7.544327 -0.001059 -10.652874
v 8.331970 -0.001058 -5.166754
v 2.500467 -0.001058 -5.166754
v 7.544327 -0.001059 -10.652874
v 2.614190 -0.001058 -2.153070
v 7.689641 5.190221 -11.312048
v 7.544327 -0.001059 -10.652874
v 8.331970 2.130211 -5.168860
v 2.504678 2.130211 -5.168860
v 8.622598 -0.001058 -2.153070
v 2.614190 -0.001058 -2.153070
v 3.288108 -0.001059 -10.652874
v 2.500467 -0.001058 -5.166754
v 8.331970 -0.001058 -5.166754
v 7.632763 10.691089 -10.107423
v 3.353379 10.691088 -10.107423
v 9.077476 32.395489 -10.829784
v 7.285275 12.752857 -3.172376
v 3.549237 12.744432 -3.176588
v 3.176491 6.687588 -0.026014
v 3.549237 12.744432 -3.176588
v 7.632763 10.691089 -10.107423
v 9.077476 32.395489 -10.829784
v 3.408134 32.395485 -1.169577
v 1.201049 32.395485 -6.352434
v 2.818454 32.395485 -10.829784
v -7.690450 5.190223 -11.312047
v -3.225738 5.190223 -11.312047
v -3.288918 -0.001058 -10.652872
v -7.543030 -0.001058 -10.652872
v -8.332779 -0.001057 -5.166753
v -8.332779 2.130212 -5.168859
v -7.543030 -0.001058 -10.652872
v -2.505487 2.130212 -5.168858
v -2.501276 -0.001057 -5.166752
v -1.989518 3.703393 -1.742401
v -8.623406 -0.001057 -2.153068
v -9.194131 3.850810 -1.481258
v -8.332779 -0.001057 -5.166753
v -7.543030 -0.001058 -10.652872
v -2.501276 -0.001057 -5.166752
v -7.690450 5.190223 -11.312047
v -2.614999 -0.001057 -2.153068
v -8.332779 2.130212 -5.168859
v -2.505487 2.130212 -5.168858
v -8.623406 -0.001057 -2.153068
v -2.614999 -0.001057 -2.153068
v -3.288918 -0.001058 -10.652872
v -1.201872 32.395485 -6.352432
v -2.286459 32.395485 -4.122183
v -2.324369 9.218993 -6.004941
v -8.638145 10.482592 -6.434562
v -9.729051 32.395485 -4.122183
v -11.100055 32.395485 -6.352432
v -3.175194 6.687589 -0.026013
v -7.898944 6.321144 -0.285049
v -11.100055 32.395485 -6.352432
v -9.729051 32.395485 -4.122183
v -5.978272 29.249126 -6.070230
v -2.219068 36.843346 -2.026716
v -5.948787 36.843349 -0.114472
v -3.406850 32.395485 -1.169577
v -8.490725 32.395485 -1.169577
v -9.644812 36.843349 -1.592880
v -8.490725 32.395485 -1.169577
v -2.286459 32.395485 -4.122183
v -1.201872 32.395485 -6.352432
v -9.644812 36.843349 -1.592880
v -5.948787 36.843349 -0.114472
v -2.219068 36.843346 -2.026716
v -2.819277 32.395485 -10.829783
v -9.076193 32.395485 -10.829783
v -9.644812 36.843349 -1.592880
v -3.354199 10.691084 -10.107422
v -1.201872 32.395485 -6.352432
v -7.633584 10.691084 -10.107422
v -3.547951 12.744429 -3.176587
v -7.286094 12.752852 -3.172375
v -9.076193 32.395485 -10.829783
v -3.547951 12.744429 -3.176587
v -3.175194 6.687589 -0.026013
v -9.076193 32.395485 -10.829783
v -7.633584 10.691084 -10.107422
v -3.406850 32.395485 -1.169577
v -2.819277 32.395485 -10.829783
v 7.470618 -0.001055 7.738793
v 7.439029 2.766222 7.669294
v 3.288109 2.766223 8.084176
v 3.351289 -0.001055 8.162099
v 9.877771 -0.001056 3.480470
v 9.892513 2.766222 3.379380
v 7.470618 -0.001055 7.738793
v 2.001345 -0.001056 4.362882
v 3.351289 -0.001055 8.162099
v 9.877771 -0.001056 3.480470
v 7.470618 -0.001055 7.738793
v 3.351289 -0.001055 8.162099
v 7.439029 2.766222 7.669294
v 2.001345 -0.001056 4.362882
v 1.982391 2.766222 4.270219
v 3.288109 2.766223 8.084176
v 3.526106 121.224281 -6.834706
v 4.595950 118.583366 -2.904914
v 8.650065 115.887680 -2.026691
v 7.287475 114.095474 -9.633541
v 0.000667 113.600571 -10.077937
v 0.000667 118.391716 -8.584785
v 8.650065 115.887680 -2.026691
v 7.348534 114.522995 -1.854005
v 6.247115 116.921722 -4.793969
v 7.813961 109.207466 -9.711467
v 6.141748 102.868416 -7.776079
v 0.000664 105.332428 -9.189202
v 3.614607 110.595314 -10.044216
v 1.803395 107.802773 5.544343
v 5.832209 112.707634 0.226717
v 2.951164 110.327866 4.501874
v 5.204648 117.654610 -7.125306
v 5.204648 117.654610 -7.125306
v 8.384655 105.155518 -7.622333
v 5.638414 107.200462 6.119282
v 5.204648 117.654610 -7.125306
v 6.247115 116.921722 -4.793969
v 7.114785 116.780617 -6.775709
v 7.177961 116.018250 -3.705172
v 0.000668 117.997894 -9.492473
v 3.614608 111.825218 -10.044217
v 5.832209 112.707634 0.226717
v 7.348534 114.522995 -1.854005
v 2.951164 110.327866 4.501874
v 8.452025 101.467934 -3.305051
v 9.338650 104.319450 -4.256959
v 0.000668 117.997894 -9.492473
v 3.614608 111.825218 -10.044217
v 7.177961 116.018250 -3.705172
v 1.803395 107.802773 5.544343
v 3.521902 113.809059 0.254085
v 0.000665 114.664093 -0.055504
v 4.362195 117.260788 -4.417017
v 2.685811 115.276947 -1.051637
v 7.767601 110.816437 0.616321
v 8.692108 104.770134 3.507849
v 3.521902 113.809059 0.254085
v 1.803395 107.802773 5.544343
v 2.951164 110.327866 4.501874
v 4.362195 117.260788 -4.417017
v 8.690025 107.638489 -0.190274
v 4.362195 117.260788 -4.417017
v 38.468750 84.828506 -8.570040
v 42.558590 82.191803 -8.190964
v 39.001568 82.602470 -8.384710
v 44.123344 81.298866 -3.071295
v 44.125446 80.787117 -8.148844
v 42.621773 82.726730 -3.313484
v 41.033844 81.014557 -2.549007
v 40.482079 79.921539 -2.930189
v 41.832016 80.793427 -3.307165
v 42.718643 80.448044 -8.527919
v 39.372223 85.963638 -6.251345
v 42.084740 81.288338 -2.728014
v 39.747089 82.979439 -2.557431
v 38.645657 85.506638 -3.530397
v 36.754471 83.244797 -6.805218
v 38.386616 82.221291 -5.651132
v 37.655834 81.471550 -3.627274
v 42.558590 82.191803 -8.190964
v 42.621773 82.726730 -3.313484
v 43.028229 82.958382 -5.857522
v 38.386616 82.221291 -5.651132
v 40.482079 79.921539 -2.930189
v 36.920845 83.781822 -3.604110
v 44.123344 81.298866 -3.071295
v 44.125446 80.787117 -8.148844
v 44.571918 81.618973 -5.714317
v 43.377823 79.546677 -3.479854
v 41.832016 80.793427 -3.307165
v 43.308327 79.654083 -4.250648
v 41.832016 80.793427 -3.307165
v 43.377823 79.546677 -3.479854
v 36.754471 83.244797 -6.805218
v 38.645657 85.506638 -3.530397
v 39.372223 85.963638 -6.251345
v 38.470856 86.763908 -6.430352
v 35.869949 84.308319 -6.699915
v 36.754471 83.244797 -6.805218
v 36.352226 84.767426 -3.648334
v 36.920845 83.781822 -3.604110
v 37.988583 86.336395 -3.724149
v 36.352226 84.767426 -3.648334
v 38.468750 84.828506 -8.570040
v 37.403114 85.698280 -8.612158
v 36.920845 83.781822 -3.604110
v 35.869949 84.308319 -6.699915
v 31.274677 87.218811 -6.028105
v 33.264843 89.091034 -9.513525
v 35.495094 91.293907 -6.384021
v 38.470856 86.763908 -6.430352
v 37.403114 85.698280 -8.612158
v 33.264843 89.091034 -9.513525
v 37.988583 86.336395 -3.724149
v 33.523880 89.446953 -2.393162
v 36.352226 84.767426 -3.648334
v 37.403114 85.698280 -8.612158
v 36.352226 84.767426 -3.648334
v 33.523880 89.446953 -2.393162
v 41.377129 76.909958 -0.499874
v 41.895203 77.107925 -1.447573
v 42.276386 77.465942 -0.483027
v 39.681797 79.352913 -1.559188
v 39.681797 79.352913 -1.559188
v 40.482079 79.921539 -2.930189
v 41.895203 77.107925 -1.447573
v 40.882217 80.094231 -1.538129
v 41.895203 77.107925 -1.447573
v 40.482079 79.921539 -2.930189
v 40.882217 80.094231 -1.538129
v 40.482079 79.921539 -2.930189
v -5.495987 104.869125 7.094355
v -5.483354 100.591858 5.624372
v -1.521976 99.823181 6.759503
v 6.103837 98.692253 -3.692552
v 7.550656 99.831604 1.711434
v 5.497312 104.869125 7.094359
v 5.482568 100.591858 5.624374
v 0.000661 98.123634 -6.017575
v 1.205289 99.926369 6.974317
v 5.482568 100.591858 5.624374
v 5.497312 104.869125 7.094359
v -1.039700 105.880005 7.113310
v -1.591472 103.171684 7.711414
v -0.260481 104.281548 7.667188
v -6.140420 102.868423 -7.776081
v -6.102516 98.692253 -3.692555
v -8.452805 101.467941 -3.305055
v -7.551441 99.831604 1.711429
v -8.692889 104.770142 3.507845
v 31.274677 87.218811 -6.028105
v 33.523880 89.446953 -2.393162
v 36.573318 85.934135 -6.106024
v 35.495094 91.293907 -6.384021
v 33.264843 89.091034 -9.513525
v -33.524651 89.446945 -2.393184
v -37.989357 86.336395 -3.724172
v -36.352993 84.767426 -3.648356
v -33.263504 89.091026 -9.513546
v -37.403885 85.698280 -8.612181
v -35.495861 91.293900 -6.384043
v -31.273342 87.218796 -6.028126
v -35.870728 84.308319 -6.699937
v -33.263504 89.091026 -9.513546
v -38.471626 86.763908 -6.430374
v -36.352993 84.767426 -3.648356
v -33.524651 89.446945 -2.393184
v -37.403885 85.698280 -8.612181
v -37.989357 86.336395 -3.724172
v -38.471626 86.763908 -6.430374
v -38.646446 85.506638 -3.530424
v -39.373013 85.963638 -6.251372
v -36.919529 83.781822 -3.604136
v -36.755257 83.244797 -6.805244
v -35.870728 84.308319 -6.699937
v -36.352993 84.767426 -3.648356
v -38.469536 84.828506 -8.570066
v -37.403885 85.698280 -8.612181
v -36.919529 83.781822 -3.604136
v -36.352993 84.767426 -3.648356
v -42.085529 81.288338 -2.728042
v -42.622559 82.726738 -3.313513
v -44.124130 81.298866 -3.071324
v -37.656624 81.471558 -3.627300
v -40.482868 79.921547 -2.930216
v -38.385296 82.221298 -5.651158
v -39.002350 82.602478 -8.384737
v -42.719429 80.448044 -8.527947
v -42.559376 82.191811 -8.190991
v -40.482868 79.921547 -2.930216
v -41.034641 81.014557 -2.549034
v -41.832809 80.793427 -3.307193
v -38.385296 82.221298 -5.651158
v -42.622559 82.726738 -3.313513
v -42.559376 82.191811 -8.190991
v -43.029015 82.958389 -5.857550
v -39.747875 82.979446 -2.557458
v -38.646446 85.506638 -3.530424
v -38.469536 84.828506 -8.570066
v -44.126236 80.787117 -8.148872
v -36.755257 83.244797 -6.805244
v -39.373013 85.963638 -6.251372
v -36.755257 83.244797 -6.805244
v -41.832809 80.793427 -3.307193
v -43.309113 79.654091 -4.250676
v -43.378609 79.546684 -3.479883
v -41.832809 80.793427 -3.307193
v -36.919529 83.781822 -3.604136
v -43.378609 79.546684 -3.479883
v -44.126236 80.787117 -8.148872
v -44.124130 81.298866 -3.071324
v -44.572712 81.618973 -5.714346
v -41.895988 77.107941 -1.447598
v -41.377922 76.909973 -0.499899
v -42.277180 77.465958 -0.483053
v -39.682587 79.352921 -1.559214
v -41.895988 77.107941 -1.447598
v -40.482868 79.921547 -2.930216
v -40.883007 80.094231 -1.538156
v -39.682587 79.352921 -1.559214
v -40.482868 79.921547 -2.930216
v -40.883007 80.094231 -1.538156
v -40.482868 79.921547 -2.930216
v -41.895988 77.107941 -1.447598
v -7.437729 2.766222 7.669295
v -7.471426 -0.001055 7.738793
v -3.288917 2.766223 8.084176
v -3.352097 -0.001055 8.162099
v -9.893323 2.766222 3.379380
v -9.878580 -0.001056 3.480470
v -7.471426 -0.001055 7.738793
v -3.352097 -0.001055 8.162099
v -2.002153 -0.001056 4.362882
v -7.471426 -0.001055 7.738793
v -9.878580 -0.001056 3.480470
v -3.352097 -0.001055 8.162099
v -7.437729 2.766222 7.669295
v -2.002153 -0.001056 4.362882
v -1.983199 2.766222 4.270219
v -3.288917 2.766223 8.084176
v -3.941760 122.831177 -1.405444
v -4.106027 123.726234 -2.786976
v -3.356292 122.603745 -2.664826
v -1.475639 120.527206 2.682298
v -0.673256 120.175514 3.785840
v -1.479851 120.958939 3.501530
v -4.344005 123.738853 0.167736
v -0.597439 119.998611 3.128766
v 0.000663 120.874695 4.343928
v 0.672476 120.175514 3.785840
v 0.000663 120.148125 4.017500
v 0.000663 119.920692 3.318308
v 1.476966 120.527206 2.682298
v 2.264610 121.150581 2.082087
v 1.479072 120.958939 3.501531
v -2.265388 121.150581 2.082086
v -3.415261 122.363647 1.163873
v 0.596660 119.998611 3.128767
v 5.109811 126.400848 0.018213
v 4.343228 123.738853 0.167737
v 3.416589 122.363647 1.163874
v 3.940983 122.831177 -1.405442
v 4.105251 123.726234 -2.786975
v 3.355516 122.603745 -2.664825
v -1.890520 120.843117 -0.004953
v 0.000664 120.053368 1.237583
v -2.762402 121.375931 -0.042860
v 1.889744 120.843117 -0.004952
v 2.763731 121.375931 -0.042859
v -10.563046 68.441727 1.532413
v -12.062515 68.422768 -3.469326
v -11.578135 69.581062 -3.414571
v -9.785933 69.564217 1.384996
v -3.314205 69.688469 2.448524
v -3.482683 68.464890 3.608926
v -3.362642 70.402405 3.693165
v -5.731885 79.637192 4.131212
v -6.060422 68.456459 3.234061
v -6.060422 68.456459 3.234061
v -9.665886 79.580330 1.818827
v -10.563046 68.441727 1.532413
v -3.482683 68.464890 3.608926
v -9.474233 78.419930 -8.829091
v 0.000645 78.725296 -11.272046
v -2.309642 68.694443 -10.417010
v -9.665886 79.580330 1.818827
v -5.731885 79.637192 4.131212
v -4.866311 84.171410 5.243177
v -6.268917 65.851349 3.246696
v -5.443367 65.760788 3.337253
v -6.266811 68.603882 3.246696
v -12.803822 76.299194 -3.250303
v -12.062515 68.422768 -3.469326
v -9.240478 69.353615 -8.414207
v -5.443367 68.603882 3.337253
v 2.304617 68.694443 -10.417010
v -2.309642 68.694443 -10.417010
v -2.566574 69.353622 -9.277666
v -9.234159 68.646004 -9.210270
v -9.234159 68.646004 -9.210270
v 2.776363 72.830605 6.643656
v 10.334785 73.643517 3.099263
v 7.329521 84.803200 5.283184
v 1.047330 84.419922 6.856368
v 2.776363 72.830605 6.643656
v 1.047330 84.419922 6.856368
v 10.334785 73.643517 3.099263
v 14.184546 75.359909 -3.277687
v 12.897776 76.299194 -3.250304
v 14.184546 75.359909 -3.277687
v -1.471431 100.351784 6.955361
v -1.452478 97.479202 7.014329
v 0.000658 97.946732 7.382879
v 0.000659 99.932693 7.199658
v 7.550656 99.831604 1.711434
v 7.308465 95.920761 2.185285
v 6.095412 94.282303 -3.050224
v 0.000660 93.962181 -5.269945
v 0.000661 98.123634 -6.017575
v 4.886569 96.659966 5.820231
v 8.578381 93.987457 1.732495
v 7.308465 95.920761 2.185285
v 5.482568 100.591858 5.624374
v 4.886569 96.659966 5.820231
v 1.205289 99.926369 6.974317
v 1.194758 97.950943 7.174387
v 6.103837 98.692253 -3.692552
v -1.395616 97.913040 6.957468
v -1.521976 99.823181 6.759503
v -5.483354 100.591858 5.624372
v 6.095412 94.282303 -3.050224
v -4.887359 96.659966 5.820229
v -0.134126 97.561333 7.471332
v 1.203182 97.563438 7.410258
v 1.203183 100.353889 7.153325
v 0.449236 99.907417 7.338654
v 0.449236 99.907417 7.338654
v -0.134125 100.351784 7.214398
v -1.395616 97.913040 6.957468
v 1.194758 97.950943 7.174387
v 0.449236 97.995163 7.513452
v 0.449236 97.995163 7.513452
v -7.309254 95.920761 2.185281
v -7.551441 99.831604 1.711429
v -6.096197 94.282303 -3.050226
v -8.579169 93.987457 1.732491
v -4.887359 96.659966 5.820229
v -7.309254 95.920761 2.185281
v -6.102516 98.692253 -3.692555
v -6.096197 94.282303 -3.050226
v 0.000660 93.962181 -5.269945
v 0.000653 91.392868 7.151217
v 4.886569 96.659966 5.820231
v 0.000653 91.392868 7.151217
v 7.329521 84.803200 5.283184
v -10.335596 73.643509 3.099262
v -2.777175 72.830597 6.643655
v -7.330336 84.803200 5.283183
v -1.048144 84.419907 6.856368
v -1.048144 84.419907 6.856368
v -2.777175 72.830597 6.643655
v -10.335596 73.643509 3.099262
v 2.673176 118.829765 -0.148165
v 0.000667 118.370667 0.949060
v 0.000665 114.664093 -0.055504
v 2.685811 115.276947 -1.051637
v 4.227402 119.950165 -3.511438
v 0.209161 116.167793 0.898518
v 0.209161 118.166367 0.898517
v -0.207828 116.167793 0.898517
v -0.207827 118.166367 0.898517
v 0.209161 118.166367 0.898517
v 0.209161 116.167793 0.898518
v -0.207828 116.167793 0.898517
v -0.207827 118.166367 0.898517
v -4.362957 117.260803 -4.417023
v -2.686584 115.276955 -1.051638
v -4.226066 119.950165 -3.511440
v -2.673948 118.829765 -0.148166
v -3.526875 121.224281 -6.834707
v 4.362195 117.260788 -4.417017
v 3.526106 121.224281 -6.834706
v 47.558216 75.597961 -3.119730
v 46.671593 75.610596 -3.500912
v 47.558216 75.597961 -3.888418
v 46.671593 75.610596 -3.500912
v 45.730209 77.107956 -3.500913
v 45.730209 77.107956 -3.500913
v 46.671593 75.610596 -3.500912
v 46.334614 78.224121 -3.006004
v 45.334282 77.548096 -3.500912
v 46.334614 78.224121 -4.031623
v 45.334282 77.548096 -3.500912
v 45.041546 80.020523 -2.917555
v 43.377823 79.546677 -3.479854
v 45.212135 80.073174 -4.229589
v 43.377823 79.546677 -3.479854
v 8.405651 109.125351 3.345635
v 8.108706 111.222923 2.564309
v 9.625023 109.072708 2.808606
v 9.153279 108.483017 3.467785
v 9.338608 111.435623 2.103095
v 8.108706 111.222923 2.564309
v 11.804729 111.863144 1.176458
v 9.338608 111.435623 2.103095
v 11.804729 111.863144 1.176458
v 8.108706 111.222923 2.564309
v 9.338608 111.435623 2.103095
v -33.524651 89.446945 -2.393184
v -31.273342 87.218796 -6.028126
v -36.574150 85.934151 -6.106050
v -33.263504 89.091026 -9.513546
v -35.495861 91.293900 -6.384043
v -8.648724 115.887695 -2.026672
v -4.596723 118.583366 -2.904916
v -3.526875 121.224281 -6.834707
v -7.115550 116.780624 -6.775692
v -7.176622 116.018257 -3.705157
v -6.247881 116.921730 -4.793952
v -7.288239 114.095474 -9.633526
v -7.814728 109.207474 -9.711454
v -5.205382 117.654617 -7.125313
v -6.247881 116.921730 -4.793952
v -8.648724 115.887695 -2.026672
v -5.205382 117.654617 -7.125313
v -8.385427 105.155525 -7.622332
v -5.205382 117.654617 -7.125313
v -9.339430 104.319458 -4.256964
v -7.349282 114.523003 -1.854008
v -7.768370 110.816452 0.616321
v -5.832945 112.707642 0.226702
v -5.639195 107.200462 6.119280
v -8.690783 107.638512 -0.190286
v -3.522676 113.809067 0.254087
v -1.804175 107.802773 5.544342
v -2.686584 115.276955 -1.051638
v -4.362957 117.260803 -4.417023
v -1.804175 107.802773 5.544342
v -3.522676 113.809067 0.254087
v -2.949836 110.327866 4.501873
v -4.362957 117.260803 -4.417023
v -7.176622 116.018257 -3.705157
v -12.803822 76.299194 -3.250303
v -14.187468 75.359909 -3.277687
v -14.187468 75.359909 -3.277687
v -8.162268 109.866653 3.063500
v -8.065390 111.214493 2.581226
v -9.312139 111.431412 2.113697
v -9.446923 109.872971 2.703376
v -9.312139 111.431412 2.113697
v -11.805639 111.863136 1.176527
v -8.065390 111.214493 2.581226
v -8.065390 111.214493 2.581226
v -2.949836 110.327866 4.501873
v -11.805639 111.863136 1.176527
v -9.312139 111.431412 2.113697
v -46.672382 75.610596 -3.500944
v -47.556900 75.597961 -3.119762
v -47.556900 75.597961 -3.888450
v -45.731007 77.107956 -3.500944
v -46.672382 75.610596 -3.500944
v -46.672382 75.610596 -3.500944
v -45.731007 77.107956 -3.500944
v -45.335075 77.548103 -3.500944
v -46.335430 78.224136 -3.006036
v -46.335430 78.224136 -4.031655
v -45.335075 77.548103 -3.500944
v -43.378609 79.546684 -3.479883
v -45.042343 80.020523 -2.917585
v -43.378609 79.546684 -3.479883
v -45.212921 80.073174 -4.229619
v -45.212921 80.073174 -4.229619
v -45.212921 80.073174 -4.229619
v -45.042343 80.020523 -2.917585
v -44.835953 79.961563 -8.058311
v 45.812340 75.260994 -6.965272
v 45.940800 74.991425 -4.419129
v 45.129997 75.121994 -4.518109
v 45.273205 77.444908 -4.379117
v 45.129997 75.121994 -4.518109
v 45.245823 75.480011 -6.937895
v 45.245823 75.480011 -6.937895
v 45.296364 77.821877 -4.355947
v 44.984669 78.394707 -7.934030
v 45.245823 75.480011 -6.937895
v 44.984669 78.394707 -7.934030
v 46.003983 78.207275 -7.784503
v 46.399910 78.108292 -4.318039
v 44.173859 78.975960 -4.328568
v 45.296364 77.821877 -4.355947
v 44.087524 79.194984 -8.129885
v 44.173859 78.975960 -4.328568
v 44.087524 79.194984 -8.129885
v 44.837269 79.961555 -8.058283
v 44.087524 79.194984 -8.129885
v 44.837269 79.961555 -8.058283
v 45.212135 80.073174 -4.229589
v 45.212135 80.073174 -4.229589
v 45.212135 80.073174 -4.229589
v 45.041546 80.020523 -2.917555
v -3.425786 127.451736 3.811115
v -2.349621 127.201141 4.139649
v -3.417361 126.436653 3.962746
v -1.823122 126.668320 4.301815
v -1.088130 127.422256 4.177557
v 0.803052 126.807297 4.899914
v 3.425018 127.451736 3.811116
v 3.416596 126.436653 3.962748
v -0.803822 126.807297 4.899913
v 2.348855 127.201141 4.139651
v 1.824464 126.668320 4.301816
v 1.089470 127.422256 4.177558
v -3.425786 127.451736 3.811115
v -3.410980 128.525787 3.977484
v -3.842778 128.140396 3.474152
v -2.349621 127.201141 4.139649
v -2.374799 128.660583 4.375523
v -3.410980 128.525787 3.977484
v -2.374799 128.660583 4.375523
v -3.223447 129.530350 4.485035
v 0.000665 132.365021 4.859897
v -3.324702 132.137589 3.642628
v -1.959716 129.378708 5.028389
v -4.173419 129.366089 3.560496
v -0.860664 128.883804 5.142109
v 0.000673 128.898560 5.327435
v -0.207829 127.915047 5.127358
v -0.593225 127.856079 4.704052
v 0.594556 127.856079 4.704052
v 0.207053 127.915047 5.127359
v -1.088130 127.422256 4.177557
v -1.298721 128.340454 4.436593
v -1.298721 128.340454 4.436593
v 0.000665 127.915047 5.163160
v 3.323927 132.137589 3.642630
v 4.172626 129.366089 3.560502
v 3.410258 128.525787 3.977486
v 3.222805 129.530350 4.485037
v 1.959181 129.378708 5.028391
v 2.374103 128.660583 4.375524
v 0.859915 128.883804 5.142110
v 1.297957 128.340454 4.436593
v -45.941597 74.991425 -4.419160
v -45.813133 75.260994 -6.965303
v -45.130787 75.121994 -4.518139
v -45.130787 75.121994 -4.518139
v -45.274002 77.444908 -4.379147
v -45.244507 75.480011 -6.937926
v -45.244507 75.480011 -6.937926
v -44.985481 78.394714 -7.934061
v -45.297165 77.821877 -4.355977
v -44.985481 78.394714 -7.934061
v -45.244507 75.480011 -6.937926
v -46.004784 78.207283 -7.784535
v -45.297165 77.821877 -4.355977
v -46.400711 78.108299 -4.318071
v -44.174675 78.975967 -4.328599
v -44.088326 79.194984 -8.129914
v -44.835953 79.961563 -8.058311
v -44.174675 78.975967 -4.328599
v -44.088326 79.194984 -8.129914
v -43.309113 79.654091 -4.250676
v -44.088326 79.194984 -8.129914
v -45.212921 80.073174 -4.229619
v -44.174675 78.975967 -4.328599
v -1.473527 122.102493 3.918521
v -4.552498 125.371017 1.816730
v -3.356292 124.593895 3.636313
v 4.551722 125.371017 1.816732
v 2.890093 122.801704 3.261450
v 0.000663 121.995079 4.548210
v 3.355517 124.593895 3.636314
v 1.472760 122.102493 3.918521
v -2.890865 122.801704 3.261449
v 1.999255 124.537033 4.400791
v -1.997924 124.537033 4.400791
v 1.424323 123.130234 4.472399
v -1.425090 123.130234 4.472398
v -1.804175 107.802773 5.544342
v 0.000668 121.666534 -8.142531
v 0.000662 105.842094 6.839531
v 5.638414 107.200462 6.119282
v 1.803395 107.802773 5.544343
v 0.798834 105.880005 7.245989
v 0.000662 105.842094 6.839531
v 0.798834 105.880005 7.245989
v -4.362957 117.260803 -4.417023
v -3.590056 117.243950 -4.478096
v -2.214841 116.264656 -1.538124
v 2.214067 116.264656 -1.538123
v 3.589284 117.243950 -4.478094
v 0.000667 118.402245 -7.959307
v -2.444394 118.176895 -7.281175
v 0.000665 122.650070 -6.217640
v 2.443623 118.176895 -7.281174
v 0.000665 115.923492 -0.508291
v 0.000664 120.053368 1.237583
v -1.890520 120.843117 -0.004953
v 1.889744 120.843117 -0.004952
v -7.915866 108.699936 3.554199
v -9.916562 108.710464 2.991897
v -7.764234 110.218353 3.048758
v -9.764930 110.226776 2.486457
v 6.268107 65.764999 3.246696
v 5.442557 65.760788 3.337253
v 6.266002 68.603882 3.246696
v 5.442557 68.603882 3.337253
v 0.000667 115.517036 -10.372777
v 6.335566 114.560913 -9.707251
v 0.000667 117.471397 -9.220799
v 0.000666 110.690086 -11.257295
v 7.380126 117.184975 -8.094067
v -5.443367 65.760788 3.337253
v -6.268917 65.851349 3.246696
v -6.266811 68.603882 3.246696
v -5.443367 68.603882 3.337253
v -7.380896 117.184982 -8.094052
v -6.336336 114.560913 -9.707230
v -3.710155 113.748001 -10.671778
v -7.764234 110.218353 3.048758
v -9.764930 110.226776 2.486457
v -9.916562 108.710464 2.991897
v -7.915866 108.699936 3.554199
v -20.964548 68.523849 -13.380146
v -20.631800 72.548409 -12.428234
v -7.035487 62.306946 -13.359086
v -28.143890 65.731293 -12.428233
v -28.948381 69.734795 -12.428234
v -24.119331 69.939072 -13.028447
v -24.119331 69.939072 -11.825921
v -20.621271 61.963669 -11.842768
v -9.880690 63.998062 -11.495279
v -24.119331 69.939072 -13.028447
v -28.948381 69.734795 -12.428234
v -24.119331 69.939072 -11.825921
v -9.880690 63.998062 -11.495279
v -20.621271 61.963669 -13.011599
v -22.289219 61.367668 -12.428233
v -7.035487 62.306946 -11.495279
v -4.603062 66.329399 -12.428233
v -18.481577 66.350464 -12.428233
v -24.260435 68.203735 -12.428233
v -18.163572 72.110359 -12.428234
v -20.964548 68.523849 -11.476326
v -20.964548 68.523849 -11.476326
v -20.964548 68.523849 -13.380146
v -7.035487 62.306946 -11.495279
v -7.035487 62.306946 -13.359086
v -9.880690 63.998062 -13.359086
v -8.107439 57.039848 -12.428233
v -20.631800 72.548409 -12.428234
v -9.880690 63.998062 -13.359086
v -21.293085 75.098770 -12.428234
v -21.293085 75.098770 -12.428234
v -24.260435 68.203735 -12.428233
v -18.163572 72.110359 -12.428234
v -18.481577 66.350464 -12.428233
v 3.073311 48.417908 -7.264330
v 2.826909 54.142006 -7.455977
v 7.982388 54.142006 -7.455977
v 9.943071 51.437908 -3.372451
v 11.577324 69.581062 -3.414571
v 9.785122 69.564217 1.384995
v 8.026614 50.342793 0.616307
v 3.313395 69.688477 2.448524
v 7.748623 48.417908 -7.264330
v 14.378299 52.764683 -4.815057
v 15.081701 62.989292 -4.623411
v 12.541871 52.764683 2.058913
v 8.502568 60.432621 -7.854010
v 8.294076 57.905422 -7.693955
v 10.657003 60.061966 -6.643064
v 14.378299 52.764683 -4.815057
v 12.541871 52.764683 2.058913
v 10.370588 53.065842 2.541187
v 12.739834 53.065838 -6.316633
v 10.370588 53.065842 2.541187
v 8.028720 65.893471 4.042763
v 8.094007 53.175354 1.340771
v 14.890056 60.116714 -4.678170
v 16.151546 59.369087 -4.341206
v 14.378299 52.764683 -4.815057
v 11.912176 71.101593 -7.201153
v 14.287741 70.644592 -7.712910
v 11.453070 65.893471 -8.784862
v 13.247380 62.989292 2.244241
v 14.108732 63.985428 -5.364723
v 11.019235 70.644592 4.525033
v 9.216502 71.101593 2.897098
v 12.034326 63.985435 2.400087
v 14.013962 70.231812 -1.230653
v 6.354454 62.715523 1.408161
v 6.503979 65.000526 1.608231
v 8.656307 63.322044 2.113671
v 8.875330 64.939453 -8.136217
v 8.704744 62.879787 -8.007750
v 11.560476 65.303787 -7.159034
v 8.763713 65.417511 2.391663
v 15.953584 53.124805 -4.395966
v 14.117156 53.124805 2.480114
v 12.541871 52.764683 2.058913
v 8.439389 54.464226 1.128065
v 6.002751 52.311897 0.650003
v 6.209139 55.270821 0.999597
v 7.106294 65.944008 3.204577
v 11.366724 63.322044 -6.912631
v 10.471676 57.528450 -6.249242
v 14.315120 59.369087 2.532763
v 14.117156 53.124805 2.480114
v 14.108732 63.985428 -5.364723
v 12.739834 53.065838 -6.316633
v 9.827241 53.190098 -6.430356
v 10.237909 65.944008 -8.517401
v 15.953584 53.124805 -4.395966
v 12.739834 53.065838 -6.316633
v 10.406390 53.124809 -2.475298
v 12.811438 70.773056 -1.550764
v 9.216502 71.101593 2.897098
v 8.744759 57.425255 1.370255
v 8.795303 59.916649 1.665093
v 6.499767 58.069691 1.090157
v 13.053628 60.116714 2.195804
v 14.287741 70.644592 -7.712910
v 9.827241 53.190098 -6.430356
v 10.471676 57.528450 -6.249242
v 8.233002 57.164112 -7.647624
v 7.982388 54.142006 -7.455977
v 14.378299 52.764683 -4.815057
v 12.541871 52.764683 2.058913
v 8.744759 57.425255 1.370255
v 6.670353 60.512650 1.334453
v 3.690368 49.980560 0.755301
v 11.912176 71.101593 -7.201153
v 8.094007 53.175354 1.340771
v 10.172625 54.569527 -6.036536
v 2.188793 46.817352 -3.203969
v 9.943071 51.437908 -3.372451
v 17.194008 108.683090 -3.871568
v 18.375471 109.222229 -6.428242
v 15.999913 113.013008 -3.275572
v 13.241060 111.035492 -0.819981
v 13.813894 115.264320 -2.786985
v 16.553791 113.514244 -6.270297
v 14.216141 116.310997 -6.068120
v 16.779127 108.687302 -8.751153
v 15.500793 113.019325 -9.130231
v 21.513397 104.243660 -8.542658
v 12.392344 111.043915 -10.758161
v 9.045922 113.411041 -10.412779
v 13.264231 115.270645 -9.237639
v 11.189828 117.494576 -5.809083
v 6.929401 117.071266 -5.446851
v 7.316904 116.759575 -3.328222
v 9.884107 113.402626 -0.594644
v 11.358307 116.296249 -2.786984
v 10.842338 116.300468 -8.820651
v 6.952567 116.761688 -7.599175
v 21.825085 104.239456 -4.886654
v 17.509907 107.434235 -3.460897
v 14.529929 112.471771 -1.934057
v 14.064505 113.579521 -2.085687
v 11.181397 111.564087 0.190893
v 11.076098 111.665176 -10.943488
v 10.694915 112.815048 -10.836085
v 13.721228 112.435974 -10.008427
v 17.021317 107.440559 -9.210256
v 11.318293 117.517738 -4.834007
v 11.151920 117.585129 -6.794688
v 6.876752 117.429283 -6.685172
v 14.304592 116.384720 -5.088832
v 22.050428 105.024986 -6.746246
v 14.138220 116.386810 -7.049510
v 10.844440 112.654991 -0.070252
v 13.245274 113.556358 -9.871541
v 7.116835 117.081795 -4.507576
v 0.000645 84.078751 6.452019
v 0.000645 79.371841 5.468519
v 4.865498 84.171410 5.243178
v 0.000645 79.371841 5.468519
v 0.000645 84.078751 6.452019
v -4.866311 84.171410 5.243177
v 2.826909 54.142006 -7.455977
v 2.565761 69.353622 -9.277666
v 7.982388 54.142006 -7.455977
v 1.978186 69.974892 0.195104
v 3.313395 69.688477 2.448524
v 0.000645 74.304810 1.216512
v 5.731072 79.637192 4.131212
v 9.239665 69.353615 -8.414207
v 2.188793 46.817352 -3.203969
v 1.978186 69.974892 0.195104
v 2.188793 46.817352 -3.203969
v 1.359020 69.911713 -3.703094
v 1.359020 69.911713 -3.703094
v 0.000645 73.344482 -3.759955
v 2.565761 69.353622 -9.277666
v 1.359020 69.911713 -3.703094
v 5.204648 117.654610 -7.125306
v 6.247115 116.921722 -4.793969
v 6.819945 116.696381 -4.783440
v 9.338650 104.319450 -4.256959
v 8.384655 105.155518 -7.622333
v 9.858846 107.316284 -5.501599
v 8.384655 105.155518 -7.622333
v 8.928042 109.279068 -9.357655
v 9.858846 107.316284 -5.501599
v 8.348906 114.059677 -9.406091
v 7.287475 114.095474 -9.633541
v 7.114785 116.780617 -6.775709
v 7.813961 109.207466 -9.711467
v 8.403681 116.163559 -6.512449
v 8.306776 115.487534 -3.427180
v 7.177961 116.018250 -3.705172
v 7.348534 114.522995 -1.854005
v 8.222513 113.851181 -1.988793
v 2.997497 111.214493 2.692826
v 8.334130 111.431389 0.841668
v 8.340448 112.374878 0.190913
v 3.340774 112.155853 1.561903
v 5.204648 117.654610 -7.125306
v 6.819945 116.696381 -4.783440
v 9.359734 109.089516 -1.234849
v 8.690025 107.638489 -0.190274
v 8.304668 111.955780 -10.320099
v 8.458405 110.782738 -10.389595
v 3.614608 111.825218 -10.044217
v 3.614607 110.595314 -10.044216
v 8.342540 112.501228 -1.161142
v 7.767601 110.816437 0.616321
v 22.001995 104.041473 -6.074443
v 17.853193 108.428261 -5.887008
v 20.211899 102.221893 -3.206077
v 16.840208 107.560585 -8.557406
v 20.831066 103.015854 -8.765899
v 14.546778 105.366135 -8.696401
v 19.032543 101.219444 -8.706930
v 18.080633 100.278061 -5.750117
v 13.550643 104.308929 -5.598483
v 24.211182 100.657135 -4.446510
v 13.550643 104.308929 -5.598483
v 18.080633 100.278061 -5.750117
v 21.119577 97.898285 -6.106028
v 21.978827 98.492172 -4.250648
v 15.823012 106.783478 -3.159746
v 17.853193 108.428261 -5.887008
v 23.568855 101.828079 -6.362963
v 23.126593 100.379150 -8.833290
v 21.119577 97.898285 -6.106028
v 21.606064 98.622749 -8.704825
v 26.563551 99.545174 -6.356642
v 24.735535 94.836166 -3.808383
v 27.907164 98.104675 -3.930537
v 24.994574 97.241211 -9.096534
v 24.373323 97.837204 -9.033357
v 30.392235 96.120827 -6.478785
v 23.817329 95.040443 -5.910165
v 26.536158 92.026764 -6.051267
v 26.536158 92.026764 -6.051267
v 23.817329 95.040443 -5.910165
v 27.233240 92.765968 -3.511438
v 29.859419 95.364769 -3.770478
v 43.028229 82.958382 -5.857522
v 44.571918 81.618973 -5.714317
v 44.125446 80.787117 -8.148844
v 44.123344 81.298866 -3.071295
v 42.558590 82.191803 -8.190964
v 42.621773 82.726730 -3.313484
v -9.943882 51.437908 -3.372450
v -9.044616 45.739079 -3.722043
v -7.781018 46.897373 0.226700
v -3.937575 46.728897 0.395177
v -2.033749 43.409843 -3.372449
v -2.189603 46.817352 -3.203969
v -8.027426 50.342793 0.616308
v -3.689072 49.980560 0.755301
v -2.189603 46.817352 -3.203969
v -2.033749 43.409843 -3.372449
v -3.072016 48.417908 -7.264330
v -8.252747 30.797031 -10.330661
v -9.935438 30.797031 -6.141832
v -7.534605 41.057449 -8.275208
v -3.924933 43.605705 0.056115
v -8.589707 39.279987 -4.370692
v -7.749434 48.417908 -7.264330
v -3.105696 41.057449 -8.275208
v -2.488636 38.066933 -4.848750
v -2.160101 30.797031 -5.977567
v -3.425804 30.797031 -10.330661
v -7.380872 43.601494 -0.274526
v -7.473532 40.747868 -1.060062
v -2.488636 38.066933 -4.848750
v -3.870172 40.731010 -0.977930
v -2.160101 30.797031 -5.977567
v -5.982484 30.797031 -2.498460
v 9.043804 45.739079 -3.722044
v 7.533784 41.057453 -8.275208
v 3.104875 41.057449 -8.275208
v 2.035038 43.409843 -3.372450
v 3.936762 46.728897 0.395177
v 2.188793 46.817352 -3.203969
v 8.251925 30.797035 -10.330662
v 2.487813 38.066933 -4.848751
v 2.159278 30.797033 -5.977568
v 2.035038 43.409843 -3.372450
v 8.588884 39.279991 -4.370693
v 3.424981 30.797033 -10.330662
v 7.382161 43.601494 -0.274527
v 7.780205 46.897373 0.226700
v 9.934616 30.797035 -6.141834
v 3.924115 43.605709 0.056114
v 3.690368 49.980560 0.755301
v 8.026614 50.342793 0.616307
v 7.472712 40.747868 -1.060064
v 3.869352 40.731018 -0.977931
v 2.487813 38.066933 -4.848751
v 2.159278 30.797033 -5.977568
v 5.981661 30.797033 -2.498461
v 33.980877 86.108940 -6.266084
v 35.343456 87.456779 -4.122185
v 36.594418 88.631927 -6.487212
v 35.210777 87.269348 -8.163584
v 33.980877 86.108940 -6.266084
v -44.572712 81.618973 -5.714346
v -44.124130 81.298866 -3.071324
v -43.029015 82.958389 -5.857550
v -44.126236 80.787117 -8.148872
v -42.622559 82.726738 -3.313513
v -42.559376 82.191811 -8.190991
v -12.658497 71.491196 -9.793635
v -15.596363 58.718330 -10.713954
v 26.702576 45.496880 -11.164637
v -21.886976 60.729557 -13.813983
v -21.886976 60.729557 -10.802404
v -15.596363 58.718330 -13.813983
v -15.596363 58.718330 -10.713954
v -12.658497 71.491196 -14.740621
v 25.160982 56.827145 -14.378388
v 26.702576 45.496880 -13.363296
v -21.886976 60.729557 -13.813983
v -15.596363 58.718330 -13.813983
v -21.886976 60.729557 -10.802404
v -21.886976 60.729557 -13.813983
v -15.596363 58.718330 -13.813983
v 25.160982 56.827145 -10.145333
v -12.658497 71.491196 -14.740621
v -12.658497 71.491196 -9.793635
v 26.702576 45.496880 -13.363296
v -21.886976 60.729557 -10.802404
v 26.702576 45.496880 -13.363296
v 25.160982 56.827145 -14.378388
v 25.160982 56.827145 -14.378388
v -12.658497 71.491196 -14.740621
v 2.601644 83.032036 7.534458
v 3.380864 83.733330 6.936356
v 1.824533 83.783875 8.069381
v 3.380864 83.733330 6.936356
v 1.824533 83.783875 8.069381
v 3.334451 98.308960 6.938515
v 1.917115 97.757195 7.789337
v 3.334451 98.308960 6.938515
v 1.917115 97.757195 7.789337
v -7.983199 54.142006 -7.455977
v -2.827720 54.142006 -7.455977
v -9.785933 69.564217 1.384996
v -11.578135 69.581062 -3.414571
v -9.240478 69.353615 -8.414207
v -2.566574 69.353622 -9.277666
v -3.314205 69.688469 2.448524
v -1.978999 69.974892 0.195104
v -1.978999 69.974892 0.195104
v -3.314205 69.688469 2.448524
v -5.731885 79.637192 4.131212
v -2.566574 69.353622 -9.277666
v -1.359833 69.911713 -3.703093
v -1.359833 69.911713 -3.703093
v -1.359833 69.911713 -3.703093
v 0.449236 97.995163 7.513452
v 1.194758 97.950943 7.174387
v 1.205289 99.926369 6.974317
v 1.205289 99.926369 6.974317
v 0.449236 99.907417 7.338654
v 1.194758 97.950943 7.174387
v 1.205289 99.926369 6.974317
v 1.194758 97.950943 7.174387
v 4.865498 84.171410 5.243178
v 0.000653 91.392868 7.151217
v 0.000645 84.078751 6.452019
v -4.866311 84.171410 5.243177
v 4.227402 119.950165 -3.511438
v 3.526106 121.224281 -6.834706
v 0.000666 117.161819 -4.233799
v 2.673176 118.829765 -0.148165
v 0.000667 118.370667 0.949060
v -3.526875 121.224281 -6.834707
v -4.226066 119.950165 -3.511440
v -2.673948 118.829765 -0.148166
v 3.389205 81.991661 -17.543688
v -4.021794 81.709457 -15.863105
v -1.842092 99.387207 -12.788351
v 3.378672 99.602020 -14.098281
v 10.964471 81.709450 -15.863099
v 8.763703 99.387207 -12.788348
v 3.439746 45.282059 -24.632462
v 3.437636 25.312998 -28.484325
v 15.936727 44.888229 -22.178978
v -8.876118 44.888237 -22.178978
v -11.582327 24.824411 -25.510656
v 18.634502 24.824398 -25.510656
v 13.495770 63.351521 -18.927324
v -6.509087 63.351501 -18.927324
v 3.405944 63.694782 -20.915380
v -24.209833 100.657158 -4.446518
v -20.212660 102.221901 -3.206085
v -22.002754 104.041481 -6.074450
v -22.002754 104.041481 -6.074450
v -20.212660 102.221901 -3.206085
v -17.401159 107.945999 -4.016892
v -19.033300 101.219452 -8.706939
v -18.081390 100.278076 -5.750124
v -21.120340 97.898300 -6.106037
v -17.853951 108.428268 -5.887015
v -16.840965 107.560593 -8.557414
v -18.081390 100.278076 -5.750124
v -19.033300 101.219452 -8.706939
v -13.551401 104.308937 -5.598488
v -23.569613 101.828087 -6.362972
v -18.081390 100.278076 -5.750124
v -13.551401 104.308937 -5.598488
v -23.127350 100.379166 -8.833299
v -20.831821 103.015862 -8.765907
v -21.606825 98.622772 -8.704833
v -21.979588 98.492195 -4.250657
v -15.821665 106.783485 -3.159752
v -20.831821 103.015862 -8.765907
v -14.547535 105.366142 -8.696406
v -21.120340 97.898300 -6.106037
v -18.081390 100.278076 -5.750124
v -23.818140 95.040466 -5.910183
v -24.374115 97.837227 -9.033373
v -27.905886 98.104698 -3.930558
v -24.736364 94.836189 -3.808404
v -23.818140 95.040466 -5.910183
v -24.995392 97.241226 -9.096553
v -26.564360 99.545197 -6.356661
v -30.393063 96.120842 -6.478808
v -26.534880 92.026787 -6.051289
v -26.534880 92.026787 -6.051289
v -27.231968 92.765991 -3.511461
v -29.860247 95.364792 -3.770501
v -35.209442 87.269348 -8.163606
v -35.344231 87.456779 -4.122207
v -33.979542 86.108940 -6.266105
v -33.979542 86.108940 -6.266105
v -36.595188 88.631912 -6.487234
v -8.385427 105.155525 -7.622332
v -9.339430 104.319458 -4.256964
v -9.859620 107.316292 -5.501599
v -7.115550 116.780624 -6.775692
v -8.404442 116.163567 -6.512424
v -7.176622 116.018257 -3.705157
v -8.349669 114.059677 -9.406072
v -7.288239 114.095474 -9.633526
v -8.928810 109.279083 -9.357639
v -7.814728 109.207474 -9.711454
v -9.859620 107.316292 -5.501599
v -8.385427 105.155525 -7.622332
v -8.307544 115.487549 -3.427164
v -9.594307 113.893311 -9.172329
v -9.981779 109.851906 -9.288188
v -9.358397 109.089523 -1.234850
v -7.768370 110.816452 0.616321
v -10.432470 111.924202 -1.854033
v -8.223287 113.851181 -1.988782
v -7.349282 114.523003 -1.854008
v -8.690783 107.638512 -0.190286
v -12.140426 114.358719 -3.380884
v -10.213408 115.196907 -3.265048
v -9.956522 115.853989 -6.322918
v -10.908417 113.109879 -9.027047
v -12.292056 114.817841 -6.356650
v -10.908417 113.109879 -9.027047
v -12.270965 109.689751 -1.864564
v -10.942079 107.684830 -5.726954
v -11.542290 108.857880 -8.854353
v -10.942079 107.684830 -5.726954
v -13.441896 111.056534 -8.862780
v -14.734979 112.164291 -3.587273
v -15.036136 112.421219 -6.295578
v -13.441896 111.056534 -8.862780
v -15.036136 112.421219 -6.295578
v -10.942079 107.684830 -5.726954
v -12.270965 109.689751 -1.864564
v -11.542290 108.857880 -8.854353
v -10.942079 107.684830 -5.726954
v -14.734979 112.164291 -3.587273
v 0.000666 110.690086 -11.257295
v 6.335566 114.560913 -9.707251
v 17.853193 108.428261 -5.887008
v 15.037481 112.421204 -6.295573
v 14.734219 112.164291 -3.587267
v 12.270201 109.689728 -1.864559
v 10.941317 107.684830 -5.726951
v 13.443242 111.056519 -8.862774
v 11.541527 108.857872 -8.854348
v 10.941317 107.684830 -5.726951
v 11.164553 114.752541 -3.317697
v 9.980980 109.851898 -9.288182
v 10.379020 111.924202 -1.851920
v 11.044564 115.426468 -6.373474
v 10.404327 113.503685 -9.067039
v 0.000668 121.666534 -8.142531
v -21.886976 60.729557 -10.802404
v -12.658497 71.491196 -9.793635
v -15.596363 58.718330 -10.713954
v -12.658497 71.491196 -14.740621
v -21.886976 60.729557 -13.813983
v -15.596363 58.718330 -13.813983
v 7.483251 79.015930 -9.879983
v 8.342497 76.678268 -10.204307
v 6.089081 78.735825 -10.364363
v 6.796696 76.808846 -10.583387
v -6.245741 79.074890 -10.046359
v -6.879644 76.912033 -10.631824
v -8.389646 76.865700 -10.431754
v -7.644121 79.354996 -9.580933
v 14.136094 60.938049 -12.451402
v 12.765091 60.548439 -12.485098
v -10.337690 70.362381 -12.609351
v -8.964581 69.842201 -12.607246
vn 0.6180 0.7373 -0.2730
vn 0.9084 0.4024 -0.1134
vn 0.6892 0.3615 -0.6280
vn -0.8029 -0.2242 -0.5523
vn -0.5832 -0.7498 -0.3126
vn -0.9240 -0.3708 -0.0935
vn -0.9812 0.0238 0.1914
vn -0.9804 0.0252 0.1955
vn -0.9978 -0.0538 -0.0387
vn -0.9047 0.1013 0.4139
vn 0.4172 0.8704 -0.2614
vn 0.1662 0.8972 -0.4092
vn 0.5048 0.8411 0.1943
vn 0.0934 0.6281 0.7725
vn -0.1047 0.9821 0.1567
vn 0.6238 0.3759 0.6852
vn -0.3543 0.7942 0.4937
vn 0.8013 0.5099 0.3129
vn 0.1300 0.1306 0.9829
vn -0.3482 0.9250 -0.1518
vn -0.2403 0.8402 -0.4861
vn -0.7284 0.6354 -0.2564
vn 0.1082 0.9185 -0.3802
vn -0.1021 0.9947 -0.0126
vn 0.8852 0.2463 0.3946
vn 0.8584 0.2801 0.4297
vn 0.5951 -0.6715 0.4416
vn -0.3601 -0.6892 -0.6288
vn -0.0998 -0.9920 0.0771
vn 0.1075 -0.9820 0.1553
vn -0.7243 0.3222 -0.6096
vn -0.1996 0.4528 -0.8690
vn 0.2948 0.7320 -0.6142
vn 0.9757 0.1072 -0.1913
vn 0.9963 -0.0853 0.0074
vn 0.9906 -0.0978 -0.0961
vn 0.9616 -0.0517 0.2697
vn 0.9194 0.2345 0.3159
vn 0.9731 0.0231 0.2293
vn 0.1495 -0.5764 -0.8034
vn -0.9483 0.1350 -0.2872
vn 0.2570 -0.2050 0.9444
vn -0.3202 -0.3172 0.8926
vn 0.2322 -0.1914 0.9536
vn 0.6761 0.7005 0.2282
vn 0.4298 0.8995 -0.0792
vn -0.0037 0.1056 0.9944
vn -0.4126 -0.9108 -0.0126
vn -0.4029 -0.6885 0.6031
vn -0.7210 -0.6511 0.2371
vn -0.7939 -0.5968 0.1161
vn -0.8220 -0.5289 -0.2111
vn 0.4734 0.7935 0.3824
vn -0.2333 -0.0827 0.9689
vn -0.7469 -0.2980 0.5945
vn -0.6906 -0.3124 0.6523
vn -0.6402 0.7673 0.0374
vn -0.4544 0.8441 0.2845
vn -0.3518 -0.1428 -0.9251
vn 0.8426 -0.0446 -0.5367
vn 0.9601 0.0255 0.2786
vn 0.8505 -0.4343 0.2966
vn 0.5508 -0.5961 0.5842
vn 0.4056 -0.6369 -0.6556
vn 0.2540 -0.7993 -0.5446
vn 0.4045 -0.6384 -0.6549
vn -0.9639 -0.0582 -0.2600
vn -0.1605 -0.9840 0.0770
vn 0.0784 -0.7659 0.6381
vn -0.7266 -0.3595 -0.5855
vn 0.3138 0.4226 -0.8503
vn 0.9238 -0.3447 0.1665
vn 0.8214 -0.4816 0.3054
vn 0.8306 -0.3591 0.4256
vn 0.3491 -0.0340 -0.9365
vn 0.7773 -0.3655 0.5120
vn 0.8280 -0.2843 0.4833
vn 0.1848 -0.5555 0.8108
vn 0.7797 -0.2230 -0.5852
vn -0.0425 0.2674 0.9626
vn -0.2548 0.6402 0.7247
vn 0.1090 0.6300 0.7689
vn -0.8049 -0.3631 0.4692
vn -0.9697 -0.0622 -0.2361
vn 0.9697 0.0622 0.2361
vn -0.4767 0.3827 0.7914
vn -0.3787 0.5478 0.7460
vn -0.6165 0.7069 0.3467
vn -0.9835 0.1025 -0.1491
vn -0.9618 0.1564 -0.2245
vn -0.9474 0.3004 -0.1106
vn -0.0387 -0.0540 0.9978
vn 0.8868 -0.3332 -0.3203
vn -0.4860 0.5935 0.6415
vn 0.2956 -0.5698 -0.7668
vn -0.8832 -0.2111 -0.4188
vn -0.6291 0.7619 0.1538
vn -0.6492 0.5766 0.4960
vn -0.5733 0.6990 0.4275
vn -0.7617 0.5571 0.3309
vn 0.4694 -0.3052 0.8286
vn -0.0566 -0.2181 0.9743
vn 0.5303 -0.4387 -0.7254
vn -0.8463 0.3900 0.3628
vn -0.8428 0.5156 0.1542
vn -0.8096 0.5766 0.1103
vn 0.3700 -0.7079 -0.6017
vn 0.4483 -0.8439 -0.2947
vn -0.8463 0.3901 0.3628
vn 0.7603 -0.5135 -0.3979
vn 0.4734 -0.8796 0.0472
vn 0.7183 -0.3352 -0.6097
vn 0.9697 -0.0420 -0.2405
vn 0.9697 -0.0420 -0.2406
vn 0.7182 -0.3352 -0.6098
vn -0.7111 0.0115 0.7030
vn -0.9580 0.0122 -0.2866
vn -0.9586 0.0111 -0.2845
vn -0.9592 0.0100 -0.2824
vn -0.9221 -0.3022 0.2417
vn 0.9704 -0.1636 0.1777
vn -0.8466 -0.1675 0.5052
vn -0.2099 -0.3693 0.9053
vn 0.8367 -0.0740 -0.5426
vn 0.6174 -0.2516 -0.7453
vn 0.0415 -0.0984 -0.9943
vn -0.6090 -0.4911 0.6228
vn -0.2376 -0.1701 0.9564
vn -0.7827 -0.0259 0.6218
vn -0.9233 0.0953 0.3721
vn -0.9761 -0.1403 0.1657
vn -0.0788 -0.0900 -0.9928
vn -0.4711 0.2946 0.8314
vn -0.4748 0.1554 0.8663
vn -0.5931 0.2648 0.7604
vn -0.0544 -0.1974 -0.9788
vn -0.2552 -0.1747 -0.9510
vn 0.9409 -0.2634 0.2129
vn -0.5396 -0.8251 -0.1673
vn 0.4268 -0.6274 -0.6513
vn 0.9896 0.0266 -0.1416
vn -0.1427 0.7155 0.6838
vn 0.9865 -0.0383 0.1593
vn 0.9997 -0.0016 -0.0257
vn 0.3635 0.6613 0.6562
vn 0.9523 0.1369 0.2726
vn 0.9793 -0.1618 -0.1216
vn -0.5054 -0.8622 0.0352
vn -0.4156 0.3798 0.8264
vn 0.8853 0.3341 0.3234
vn -0.1961 0.0241 -0.9803
vn -0.4471 -0.1326 -0.8846
vn -0.4376 -0.0254 -0.8988
vn -0.4375 -0.0254 -0.8988
vn -0.4229 0.0821 -0.9025
vn 0.7001 -0.3794 -0.6049
vn 0.6734 -0.3008 -0.6754
vn 0.4991 -0.2637 -0.8255
vn 0.7932 -0.4365 -0.4246
vn 0.3184 -0.0984 -0.9428
vn 0.3898 -0.1001 -0.9155
vn 0.7625 -0.2911 -0.5777
vn 0.8394 -0.3724 -0.3958
vn 0.0893 -0.0049 -0.9960
vn -0.7070 0.0556 -0.7051
vn -0.7150 0.1276 -0.6873
vn -0.5546 -0.0353 -0.8313
vn -0.7107 0.2017 -0.6739
vn -0.5556 0.0050 -0.8314
vn -0.1505 -0.2038 -0.9674
vn -0.7254 0.2376 -0.6460
vn 0.9503 -0.2031 -0.2359
vn 0.9100 -0.3419 -0.2345
vn 0.7074 -0.1903 -0.6807
vn 0.9470 -0.2214 -0.2328
vn 0.9660 -0.1381 0.2186
vn 0.9271 -0.3498 0.1349
vn 0.7594 -0.6359 -0.1372
vn 0.7110 -0.4218 -0.5626
vn 0.4558 -0.1169 -0.8824
vn 0.3246 -0.1195 -0.9383
vn 0.4566 -0.1169 -0.8820
vn 0.5792 -0.1119 -0.8075
vn -0.8465 -0.5058 -0.1663
vn -0.7995 -0.5661 -0.2008
vn -0.8531 0.3265 -0.4070
vn -0.8090 0.3646 -0.4611
vn -0.7322 0.4785 -0.4846
vn -0.9933 -0.0888 -0.0740
vn -0.9559 -0.2158 -0.1992
vn -0.9559 -0.2158 -0.1993
vn -0.8868 -0.3356 -0.3179
vn -0.4057 -0.8839 0.2326
vn -0.2707 -0.9535 0.1326
vn 0.7898 0.0854 -0.6074
vn 0.7125 0.0711 -0.6981
vn 0.7126 0.0705 -0.6980
vn 0.6250 0.0557 -0.7786
vn -0.8749 -0.3450 -0.3399
vn -0.8838 -0.3309 -0.3308
vn -0.8934 -0.1525 -0.4226
vn -0.9043 -0.1217 -0.4093
vn -0.8398 -0.4968 -0.2190
vn -0.8387 -0.4959 -0.2249
vn 0.8846 -0.2220 0.4101
vn 0.8955 -0.0303 0.4441
vn 0.8694 -0.1169 0.4802
vn -0.7898 0.2791 -0.5463
vn -0.8692 0.1168 -0.4805
vn -0.8846 0.2220 -0.4101
vn -0.7936 -0.0965 -0.6007
vn -0.8955 0.0304 -0.4440
vn -0.2863 -0.2050 -0.9359
vn -0.3400 -0.5313 -0.7759
vn -0.1914 0.1601 -0.9684
vn 0.0828 0.1824 -0.9797
vn 0.1857 0.1960 -0.9629
vn 0.4291 0.1138 -0.8961
vn 0.9047 -0.1013 -0.4139
vn 0.9812 -0.0238 -0.1916
vn 0.9804 -0.0251 -0.1954
vn 0.9978 0.0538 0.0386
vn 0.7936 0.0965 0.6007
vn 0.7898 -0.2791 0.5463
vn -0.2724 -0.7553 -0.5961
vn -0.2711 -0.7530 -0.5996
vn 0.1615 -0.4392 -0.8837
vn 0.6150 -0.3808 -0.6905
vn 0.6288 -0.4283 -0.6490
vn -0.3432 -0.4696 -0.8134
vn -0.4108 -0.3463 -0.8434
vn 0.1706 -0.6165 -0.7687
vn -0.1168 -0.7279 -0.6757
vn 0.3827 -0.6943 -0.6095
vn -0.7125 -0.0711 0.6980
vn -0.6250 -0.0557 0.7786
vn -0.7125 -0.0711 0.6981
vn -0.7898 -0.0854 0.6074
vn -0.1860 -0.1959 0.9628
vn 0.1913 -0.1602 0.9684
vn -0.0825 -0.1824 0.9798
vn 0.2971 -0.0317 0.9543
vn -0.4291 -0.1138 0.8961
vn 0.3861 0.0276 0.9220
vn 0.3861 0.1150 0.9153
vn 0.9454 0.3131 -0.0908
vn 0.9167 0.3938 -0.0680
vn 0.8354 0.3912 0.3862
vn 0.9245 -0.2448 0.2921
vn 0.8997 -0.2449 0.3613
vn 0.8531 -0.3265 0.4069
vn 0.8090 -0.3647 0.4611
vn 0.7322 -0.4785 0.4846
vn 0.8293 0.3358 0.4467
vn 0.8204 0.1560 -0.5502
vn 0.7678 0.0265 -0.6402
vn -0.8284 0.0323 0.5592
vn -0.9992 -0.0095 0.0399
vn -0.9442 0.0981 0.3143
vn -0.7353 -0.0545 0.6756
vn -0.9953 0.0081 -0.0967
vn -0.9503 0.2031 0.2359
vn -0.7080 0.1900 0.6802
vn -0.9470 0.2214 0.2328
vn -0.9660 0.1381 -0.2186
vn -0.9939 -0.0591 -0.0930
vn -0.9926 -0.0868 -0.0854
vn -0.7210 0.1829 0.6684
vn -0.6514 -0.1725 0.7388
vn -0.4566 0.1169 0.8820
vn -0.5792 0.1119 0.8075
vn -0.3246 0.1195 0.9383
vn -0.6150 0.3808 0.6905
vn -0.1616 0.4392 0.8837
vn -0.6288 0.4283 0.6490
vn 0.4108 0.3463 0.8434
vn 0.3432 0.4696 0.8134
vn -0.1706 0.6165 0.7687
vn -0.4172 0.6372 0.6480
vn -0.0883 -0.9917 -0.0939
vn -0.5983 -0.7074 -0.3765
vn -0.6015 -0.7037 -0.3782
vn 0.0022 0.6606 0.7508
vn -0.8572 -0.1203 -0.5008
vn 0.7150 -0.1276 0.6873
vn 0.7070 -0.0556 0.7051
vn 0.5578 0.0337 0.8293
vn -0.9167 -0.3941 0.0663
vn -0.8503 -0.2811 0.4450
vn -0.7678 -0.0265 0.6402
vn -0.8354 -0.3912 -0.3862
vn 0.3595 0.0089 0.9331
vn 0.7014 0.0937 0.7066
vn 0.7102 -0.1080 0.6956
vn 0.7107 -0.2018 0.6739
vn 0.7254 -0.2376 0.6460
vn 0.5561 0.0346 0.8304
vn 0.1505 0.2038 0.9674
vn 0.8464 0.2835 0.4508
vn 0.4014 0.5295 0.7473
vn 0.5157 0.5064 0.6911
vn 0.6415 0.3151 0.6994
vn 0.9376 0.0660 0.3413
vn 0.3118 -0.0535 0.9486
vn 0.9646 0.0713 0.2538
vn 0.2045 0.3397 0.9181
vn 0.1961 -0.0241 0.9803
vn -0.4886 0.2444 0.8376
vn -0.3205 0.0920 0.9428
vn -0.6792 0.3045 0.6677
vn -0.7238 0.3732 0.5803
vn -0.8259 0.4290 0.3659
vn -0.8463 0.3695 0.3836
vn -0.7270 0.3822 0.5704
vn -0.6722 0.3973 0.6248
vn -0.4246 0.2338 0.8747
vn -0.2924 0.2262 0.9291
vn -0.8271 0.2575 0.4995
vn 0.9592 -0.0100 0.2824
vn 0.9586 -0.0110 0.2844
vn 0.9590 0.2357 0.1574
vn 0.8838 0.3309 0.3308
vn 0.8749 0.3450 0.3399
vn 0.8934 0.1525 0.4226
vn 0.9043 0.1217 0.4093
vn 0.8636 0.4368 0.2518
vn 0.1091 0.0001 0.9940
vn 0.1090 0.0001 0.9940
vn 0.1093 -0.0000 0.9940
vn -0.8965 -0.4027 0.1848
vn -0.5798 -0.5651 -0.5869
vn -0.8863 -0.4603 -0.0510
vn -0.1584 -0.7572 -0.6337
vn -0.2548 -0.5871 -0.7684
vn -0.2933 -0.6193 -0.7283
vn -0.5298 -0.4603 -0.7123
vn -0.8141 0.1192 0.5684
vn -0.9229 0.1231 0.3647
vn -0.9461 0.1243 0.2991
vn -0.5974 0.1064 -0.7949
vn -0.9278 0.1321 -0.3490
vn -0.6934 0.1207 -0.7104
vn -0.0000 -1.0000 -0.0000
vn -0.3871 0.1038 -0.9162
vn -0.9878 0.1365 -0.0742
vn 0.1180 -0.0244 0.9927
vn 0.0860 0.0240 0.9960
vn -0.4584 -0.5172 0.7228
vn -0.5351 -0.2212 0.8153
vn -0.5458 0.6187 0.5651
vn 0.8935 -0.2034 0.4003
vn 0.9108 -0.1817 0.3708
vn 0.9159 -0.1915 0.3528
vn 0.4470 -0.7107 0.5433
vn 0.0007 -0.6624 0.7492
vn 0.0005 -0.7374 0.6754
vn 0.0004 -0.2742 0.9617
vn -0.4949 -0.4055 0.7685
vn -0.8894 -0.0969 0.4466
vn -0.9185 0.0763 0.3880
vn -0.9496 -0.1132 0.2923
vn 0.8466 -0.4758 0.2386
vn 0.9292 -0.2981 0.2183
vn -0.4470 -0.7106 0.5433
vn 0.0728 -0.9336 0.3509
vn 0.8461 -0.4776 0.2368
vn 0.7045 -0.7070 0.0618
vn 0.5700 0.0046 0.8216
vn 0.0008 -0.0278 0.9996
vn -0.8903 -0.3818 0.2484
vn -0.5800 -0.6277 0.5192
vn -0.7049 -0.7067 0.0611
vn -0.8145 -0.0155 0.5800
vn -0.9102 -0.2398 0.3377
vn -0.7532 -0.1587 0.6383
vn -0.7797 0.0989 -0.6183
vn -0.9794 -0.1649 0.1168
vn -0.8214 -0.5603 -0.1072
vn -0.8874 -0.1623 0.4315
vn -0.5695 0.0046 0.8220
vn -0.6679 -0.1478 0.7295
vn -0.8628 -0.0915 0.4973
vn 0.6672 -0.1482 0.7299
vn 0.4949 -0.4058 0.7683
vn 0.9141 0.0842 0.3966
vn 0.8775 -0.0839 0.4722
vn 0.9319 -0.0813 0.3534
vn -0.8990 -0.2564 0.3550
vn -0.2148 -0.4559 -0.8637
vn 0.8683 -0.2146 0.4473
vn 0.7878 -0.6160 0.0020
vn 0.8552 -0.0984 0.5088
vn 0.8001 -0.0096 0.5997
vn -0.8895 -0.3294 0.3166
vn 0.8457 -0.4764 0.2405
vn 0.9827 -0.1658 0.0821
vn 0.7610 0.0979 -0.6413
vn 0.7942 -0.5569 -0.2431
vn 0.7462 -0.1465 0.6494
vn 0.9197 -0.2064 0.3341
vn -0.7300 -0.6388 -0.2429
vn -0.6058 -0.6743 -0.4223
vn -0.5832 -0.8101 0.0594
vn -0.6737 -0.6399 0.3696
vn -0.7104 -0.7013 0.0598
vn -0.5173 -0.7285 -0.4492
vn -0.4555 -0.8515 -0.2598
vn -0.4282 -0.7127 0.5556
vn -0.5091 -0.6677 0.5430
vn -0.4067 -0.8444 0.3486
vn -0.3826 -0.9234 0.0322
vn -0.6620 -0.5430 -0.5167
vn -0.5652 -0.5440 0.6202
vn -0.6288 -0.6860 -0.3660
vn -0.5580 -0.6869 0.4656
vn 0.5384 0.4451 -0.7156
vn 0.7050 0.3935 -0.5900
vn -0.0000 0.4163 -0.9092
vn -0.0000 0.4415 -0.8973
vn -0.3641 -0.8444 0.3931
vn -0.5093 -0.8090 0.2934
vn -0.0000 -0.8821 0.4710
vn 0.9588 0.2667 0.0977
vn -0.0000 -0.9357 0.3527
vn 0.3638 -0.8445 0.3930
vn 0.5009 -0.8182 0.2822
vn -0.7049 0.3938 -0.5899
vn -0.5384 0.4450 -0.7156
vn -0.9588 0.2669 0.0978
vn 0.5020 -0.1144 0.8573
vn -0.7583 -0.6434 -0.1048
vn -0.4734 -0.1471 -0.8685
vn 0.9868 -0.0273 -0.1594
vn 0.9910 -0.1028 -0.0854
vn 0.6914 -0.0069 -0.7225
vn 0.6066 0.0022 0.7950
vn 0.6928 -0.0285 0.7206
vn -0.5827 -0.0335 0.8120
vn 1.0000 -0.0000 -0.0000
vn -0.0000 1.0000 -0.0000
vn 0.1988 0.0152 -0.9799
vn 0.2488 -0.0254 -0.9682
vn 0.4573 -0.0017 -0.8893
vn 1.0000 0.0001 -0.0001
vn -0.3658 -0.7341 0.5721
vn -0.6359 -0.5581 0.5331
vn -0.0456 -0.8356 0.5474
vn 0.5827 0.0335 -0.8120
vn -0.0012 1.0000 0.0017
vn 0.0753 -0.0837 0.9936
vn 0.0825 -0.0512 0.9953
vn 0.2716 -0.0498 0.9611
vn -0.0004 -0.6146 -0.7888
vn 0.2495 -0.0665 0.9661
vn -0.8292 0.0163 0.5587
vn -0.8063 -0.0185 -0.5913
vn 1.0000 0.0001 0.0035
vn 0.2881 -0.0807 0.9542
vn 0.5558 0.0229 -0.8310
vn 0.1497 -0.0727 0.9861
vn -0.0000 -0.1373 0.9905
vn -0.0479 -0.8598 0.5084
vn -0.3328 0.6593 -0.6742
vn -0.5247 0.8501 -0.0452
vn 0.0119 0.9768 -0.2137
vn -0.0303 -0.0675 0.9973
vn -0.7398 -0.0689 0.6693
vn -0.6643 -0.1160 0.7384
vn 0.5477 -0.1494 0.8232
vn 0.8942 -0.1208 0.4311
vn 0.9041 -0.1981 0.3785
vn 0.1903 -0.1223 0.9741
vn 0.5512 0.8335 -0.0365
vn 0.3817 0.6429 -0.6641
vn 0.0241 0.5442 -0.8386
vn -0.3295 0.4620 -0.8234
vn 0.4195 0.3921 -0.8187
vn -0.2632 0.8748 0.4069
vn 0.2808 0.8758 0.3926
vn -0.9155 -0.0741 0.3955
vn 0.3716 -0.0079 0.9284
vn 0.9958 0.0223 0.0892
vn 0.9934 0.0854 -0.0760
vn 0.9864 -0.0561 -0.1545
vn -0.9994 0.0269 -0.0220
vn -0.9936 0.0461 0.1031
vn -0.7394 0.0495 -0.6715
vn 0.9933 -0.1017 -0.0550
vn -0.8987 -0.0370 0.4370
vn -0.9244 0.3277 0.1952
vn 0.6839 0.5878 0.4321
vn 0.9849 -0.0110 -0.1728
vn -0.9912 -0.0545 -0.1206
vn -0.6569 -0.0924 -0.7483
vn 0.9744 -0.1102 -0.1958
vn -0.0000 -0.4490 0.8935
vn -0.0000 -0.8931 0.4499
vn 0.9908 -0.0219 -0.1338
vn -0.9841 -0.1563 -0.0838
vn -0.0000 -0.0128 -0.9999
vn -0.0000 -0.1260 -0.9920
vn -0.0000 -0.9956 -0.0941
vn -0.0000 -0.4969 0.8678
vn -0.0000 -0.9796 -0.2008
vn -0.0000 -0.9168 -0.3992
vn -0.9898 0.0018 -0.1421
vn 0.9899 -0.0001 -0.1421
vn -0.0000 0.1324 -0.9912
vn -0.6040 0.0279 -0.7965
vn -0.0000 -0.0333 -0.9994
vn 0.5849 0.1630 0.7946
vn -0.0010 0.0914 0.9958
vn 0.0574 0.7118 0.7000
vn -0.9413 0.0296 0.3363
vn 0.9485 -0.0382 -0.3144
vn 0.9089 -0.0742 -0.4104
vn -0.0000 -0.1016 0.9948
vn -0.9529 -0.0426 -0.3002
vn -0.5744 -0.0414 -0.8175
vn 0.7393 0.0495 -0.6716
vn 0.6569 -0.0924 -0.7483
vn -0.9907 -0.0221 -0.1341
vn -0.9898 -0.0001 -0.1425
vn -0.9864 -0.0561 -0.1547
vn 0.9912 -0.0549 -0.1207
vn 0.9898 0.0018 -0.1421
vn 0.9994 0.0267 -0.0221
vn -0.9744 -0.1102 -0.1958
vn -0.9934 0.0854 -0.0760
vn 0.0001 -0.8931 0.4499
vn -0.9849 -0.0112 -0.1729
vn 0.9840 -0.1568 -0.0843
vn -0.0000 -0.9164 -0.4003
vn 0.8987 -0.0370 0.4370
vn 0.9157 -0.0740 0.3950
vn 0.9936 0.0461 0.1029
vn -0.9958 0.0223 0.0892
vn -0.8941 -0.1208 0.4312
vn -0.9933 -0.1016 -0.0551
vn 0.9245 0.3275 0.1951
vn -0.6839 0.5879 0.4321
vn 0.5247 0.8501 -0.0451
vn 0.3327 0.6593 -0.6742
vn -0.0119 0.9768 -0.2136
vn 0.7401 -0.0687 0.6690
vn 0.0304 -0.0675 0.9973
vn 0.6646 -0.1158 0.7381
vn -0.5475 -0.1489 0.8235
vn -0.9038 -0.1984 0.3791
vn -0.1902 -0.1223 0.9741
vn -0.3818 0.6429 -0.6641
vn -0.5512 0.8335 -0.0365
vn 0.3294 0.4620 -0.8234
vn -0.0242 0.5442 -0.8386
vn -0.4197 0.3920 -0.8186
vn -0.2808 0.8758 0.3926
vn 0.2631 0.8747 0.4070
vn -0.3714 -0.0080 0.9284
vn 0.6040 0.0279 -0.7965
vn 0.9529 -0.0426 -0.3001
vn 0.9415 0.0296 0.3358
vn -0.5848 0.1630 0.7946
vn 0.0010 0.0914 0.9958
vn -0.0574 0.7118 0.7000
vn -0.9087 -0.0741 -0.4108
vn -0.9485 -0.0381 -0.3145
vn 0.5741 -0.0414 -0.8178
vn 0.1004 0.0277 0.9946
vn 0.0994 0.0261 0.9947
vn -0.6418 0.1523 0.7516
vn 0.1022 0.0303 0.9943
vn 0.9982 -0.0361 0.0487
vn 0.9291 0.2649 0.2582
vn 0.8692 0.0179 0.4942
vn -0.9886 -0.0434 0.1439
vn -0.9422 -0.0121 0.3348
vn -0.6402 0.1521 0.7530
vn 0.4707 0.7329 0.4913
vn -0.9586 0.2295 0.1683
vn 0.0434 0.8997 0.4344
vn 0.4188 0.6796 -0.6022
vn -0.5177 0.6488 0.5576
vn 0.4269 0.7537 0.4997
vn 0.1783 0.3134 -0.9327
vn -0.0089 0.0718 -0.9974
vn -0.0001 0.0508 -0.9987
vn 0.2594 -0.7187 -0.6451
vn 0.3324 -0.6974 -0.6350
vn 0.4445 -0.8441 -0.3000
vn 0.1615 -0.2124 -0.9637
vn 0.3894 -0.5005 -0.7732
vn -0.0065 -0.2622 -0.9650
vn 0.0299 -0.0513 -0.9982
vn 0.5649 0.3474 0.7484
vn 0.4974 0.4888 0.7167
vn 0.6100 -0.7869 -0.0935
vn 0.6469 0.3590 -0.6728
vn -0.1353 -0.9609 -0.2416
vn 0.6667 -0.4628 -0.5842
vn 0.5344 0.5250 0.6624
vn 0.4817 0.7520 -0.4500
vn 0.4820 0.8633 0.1496
vn 0.4959 0.8608 -0.1143
vn 0.0225 0.7787 0.6269
vn -0.0000 -0.9174 0.3980
vn 0.0325 0.0471 -0.9984
vn 0.8564 -0.1487 0.4944
vn 0.8577 -0.4647 -0.2201
vn 0.9795 -0.1928 -0.0593
vn 0.1774 0.3093 -0.9343
vn 0.0001 0.3188 -0.9478
vn 0.1111 -0.0000 -0.9938
vn 0.5615 0.8057 0.1885
vn -0.0069 0.6312 0.7756
vn 0.1805 0.6944 0.6966
vn -0.0000 0.6540 0.7565
vn 0.3409 0.7257 0.5976
vn 0.2253 0.7162 0.6606
vn 0.6878 0.4724 0.5512
vn 0.9275 -0.0242 0.3730
vn -0.9344 0.3329 0.1265
vn -0.8183 0.4936 0.2945
vn -0.6598 0.5836 0.4735
vn 0.3333 -0.6985 -0.6333
vn -0.9788 0.2029 -0.0262
vn 0.9776 0.1665 0.1286
vn -0.9737 -0.0741 0.2153
vn -0.0265 0.1754 -0.9841
vn 0.4547 0.4945 -0.7407
vn -0.3521 -0.4623 -0.8138
vn 0.6207 0.6305 0.4660
vn 0.6132 0.5340 -0.5821
vn 0.5679 0.6765 0.4689
vn 0.6798 -0.2910 0.6732
vn 0.5180 -0.5028 0.6920
vn 0.1483 -0.6928 0.7057
vn -0.3497 -0.6234 -0.6994
vn 0.6316 0.7661 -0.1193
vn 0.0774 -0.1577 0.9844
vn 0.1013 0.3163 0.9432
vn 0.2033 0.5696 0.7964
vn -0.7025 -0.6874 -0.1843
vn -0.1352 -0.8253 -0.5483
vn -0.6475 -0.7414 -0.1765
vn -0.7566 0.6510 -0.0616
vn -0.4300 -0.8903 -0.1500
vn -0.1535 -0.7977 -0.5832
vn -0.6803 -0.0200 0.7327
vn 0.7935 -0.6054 0.0613
vn -0.2817 -0.5489 0.7870
vn 0.2208 -0.6545 -0.7232
vn -0.4846 -0.8639 0.1370
vn -0.5533 -0.8322 -0.0373
vn -0.2313 -0.9662 -0.1138
vn -0.5637 -0.6142 -0.5523
vn 0.4883 0.6133 0.6208
vn 0.6726 0.7281 -0.1319
vn 0.6851 0.7111 -0.1582
vn -0.7480 -0.5925 -0.2989
vn -0.7350 -0.5839 -0.3446
vn -0.8055 -0.5673 0.1710
vn -0.0749 0.0780 0.9941
vn 0.2440 0.3286 0.9124
vn 0.0021 0.0461 0.9989
vn 0.3618 0.3306 -0.8716
vn -0.1798 -0.1156 -0.9769
vn -0.8616 -0.4914 0.1272
vn -0.4912 -0.7658 -0.4150
vn -0.6121 -0.7845 0.0992
vn -0.4153 -0.6186 -0.6670
vn 0.7797 0.6097 -0.1426
vn 0.8211 0.5412 -0.1812
vn 0.6151 0.4637 -0.6377
vn 0.5341 0.4636 -0.7070
vn 0.6175 0.3817 0.6878
vn 0.4340 0.2530 0.8646
vn 0.1866 -0.1477 0.9713
vn -0.3424 -0.6079 -0.7164
vn -0.5503 -0.7039 0.4491
vn -0.5546 -0.5113 0.6566
vn -0.4370 -0.8995 -0.0006
vn 0.5213 -0.8465 0.1082
vn 0.8272 0.1164 0.5497
vn -0.6253 -0.2171 0.7496
vn -0.5694 -0.0387 0.8212
vn -0.5984 -0.6033 -0.5272
vn -0.6559 -0.5824 -0.4802
vn 0.7340 0.1803 0.6548
vn 0.8780 0.2159 -0.4271
vn 0.8866 0.2846 -0.3645
vn 0.6156 0.5522 0.5623
vn 0.9002 -0.3807 -0.2115
vn -0.3988 0.0049 0.9170
vn -0.6359 -0.3108 0.7064
vn -0.2390 0.0495 0.9698
vn 0.6262 -0.6399 -0.4455
vn 0.8810 -0.4385 0.1779
vn 0.7467 -0.0005 0.6652
vn 0.7636 -0.2958 0.5740
vn -0.0000 -0.5569 -0.8306
vn 0.1216 0.0478 0.9914
vn 0.3296 -0.3079 0.8925
vn 0.1637 0.0409 0.9857
vn 0.0266 0.4435 0.8959
vn -0.0891 -0.0384 0.9953
vn -0.0054 0.1980 0.9802
vn -0.3892 -0.5006 -0.7732
vn -0.6260 -0.6400 -0.4456
vn -0.8576 -0.4649 -0.2202
vn -0.8810 -0.4385 0.1777
vn -0.9275 -0.0243 0.3731
vn 0.2352 0.9716 -0.0256
vn -0.4674 0.4177 -0.7791
vn -0.6903 0.7220 0.0466
vn -0.9782 -0.1928 0.0765
vn -0.3799 0.4650 0.7997
vn -0.4340 0.2530 0.8646
vn -0.6175 0.3817 0.6878
vn -0.1866 -0.1477 0.9713
vn -0.5338 0.4636 -0.7072
vn -0.6150 0.4637 -0.6378
vn -0.7796 0.6098 -0.1426
vn 0.6120 -0.7846 0.0993
vn 0.4911 -0.7659 -0.4149
vn 0.4152 -0.6187 -0.6669
vn -0.8211 0.5412 -0.1812
vn 0.5502 -0.7039 0.4492
vn 0.5544 -0.5112 0.6567
vn 0.3423 -0.6080 -0.7164
vn -0.2440 0.3287 0.9124
vn -0.6851 0.7111 -0.1582
vn -0.4884 0.6134 0.6207
vn -0.6726 0.7281 -0.1319
vn 0.0749 0.0781 0.9941
vn 0.7352 -0.5835 -0.3448
vn 0.7480 -0.5925 -0.2989
vn 0.8060 -0.5667 0.1706
vn -0.3618 0.3306 -0.8716
vn 0.1792 -0.1164 -0.9769
vn 0.8625 -0.4901 0.1265
vn -0.0021 0.0460 0.9989
vn -0.0774 -0.1577 0.9844
vn -0.5679 0.6765 0.4689
vn -0.6207 0.6305 0.4660
vn 0.6473 -0.7415 -0.1766
vn 0.1536 -0.7977 -0.5832
vn 0.1354 -0.8253 -0.5482
vn 0.3521 -0.4622 -0.8139
vn 0.3496 -0.6234 -0.6994
vn -0.4547 0.4945 -0.7407
vn -0.5180 -0.5028 0.6920
vn -0.6798 -0.2910 0.6732
vn -0.1483 -0.6928 0.7057
vn 0.4300 -0.8903 -0.1502
vn 0.7566 0.6510 -0.0616
vn -0.1013 0.3163 0.9432
vn -0.2034 0.5696 0.7963
vn 0.0265 0.1754 -0.9841
vn -0.6134 0.5337 -0.5822
vn 0.7023 -0.6875 -0.1844
vn -0.6316 0.7661 -0.1193
vn 0.5638 -0.6140 -0.5524
vn 0.5532 -0.8322 -0.0373
vn 0.4456 -0.8770 0.1798
vn 0.2313 -0.9662 -0.1138
vn -0.2207 -0.6544 -0.7232
vn 0.6804 -0.0205 0.7326
vn 0.2817 -0.5489 0.7870
vn -0.7935 -0.6054 0.0613
vn -0.5213 -0.8465 0.1082
vn 0.4370 -0.8995 -0.0006
vn -0.8272 0.1164 0.5497
vn 0.6253 -0.2175 0.7494
vn 0.6559 -0.5824 -0.4802
vn 0.5984 -0.6033 -0.5272
vn -0.7340 0.1803 0.6548
vn 0.5693 -0.0388 0.8212
vn -0.9002 -0.3807 -0.2115
vn -0.6155 0.5522 0.5623
vn -0.8866 0.2846 -0.3645
vn -0.8780 0.2159 -0.4271
vn -0.0995 0.0262 0.9947
vn -0.1008 0.0282 0.9945
vn 0.6418 0.1522 0.7516
vn -0.1022 0.0303 0.9943
vn -0.9290 0.2651 0.2583
vn -0.9982 -0.0361 0.0487
vn -0.8690 0.0184 0.4944
vn 0.9422 -0.0121 0.3348
vn 0.9886 -0.0435 0.1440
vn 0.6402 0.1520 0.7530
vn -0.4705 0.7330 0.4913
vn 0.9587 0.2294 0.1685
vn -0.0434 0.8997 0.4344
vn -0.8390 -0.5394 -0.0714
vn -0.8225 -0.5170 -0.2372
vn -0.6607 -0.7095 -0.2450
vn -0.6263 -0.7669 0.1400
vn -0.4538 -0.7309 0.5097
vn -0.6515 -0.4507 0.6103
vn -0.9035 -0.4073 0.1335
vn -0.3475 -0.9370 0.0359
vn 0.0003 -0.2926 0.9562
vn 0.4540 -0.7308 0.5097
vn 0.0004 -0.7503 0.6611
vn 0.0003 -0.9866 0.1629
vn 0.6264 -0.7668 0.1404
vn 0.7486 -0.6199 0.2352
vn 0.6517 -0.4502 0.6104
vn -0.7483 -0.6205 0.2346
vn -0.8354 -0.5156 0.1906
vn 0.3474 -0.9371 0.0358
vn 0.9566 -0.2355 0.1717
vn 0.9161 -0.3762 0.1386
vn 0.8355 -0.5154 0.1907
vn 0.8391 -0.5394 -0.0713
vn 0.8221 -0.5174 -0.2375
vn 0.6605 -0.7096 -0.2454
vn -0.4624 -0.8796 -0.1120
vn 0.0002 -0.9953 -0.0972
vn -0.6638 -0.7468 -0.0409
vn 0.4617 -0.8799 -0.1125
vn 0.6639 -0.7467 -0.0410
vn 0.5798 -0.5651 -0.5869
vn 0.8952 -0.4062 0.1835
vn 0.8863 -0.4603 -0.0510
vn 0.5298 -0.4603 -0.7123
vn 0.2932 -0.6193 -0.7284
vn 0.2550 -0.5871 -0.7683
vn -0.0982 -0.0911 0.9910
vn -0.2877 -0.0797 0.9544
vn -0.2833 -0.0406 0.9582
vn 0.1584 -0.7572 -0.6337
vn -0.6006 0.0024 0.7996
vn -0.7838 -0.0131 0.6209
vn -0.0480 -0.0404 0.9980
vn -0.4606 0.0018 -0.8876
vn -0.1255 -0.0555 -0.9905
vn -0.1412 -0.0255 -0.9897
vn 0.7496 -0.6562 -0.0867
vn -0.5022 -0.1143 0.8572
vn 0.4737 -0.1470 -0.8683
vn -0.1090 0.0001 0.9940
vn -0.1091 0.0001 0.9940
vn -0.1093 -0.0000 0.9940
vn -0.9983 -0.0318 -0.0478
vn -0.9923 -0.0910 -0.0844
vn 0.6343 -0.5618 0.5311
vn -0.0000 -0.0849 -0.9964
vn 0.0319 -0.8620 0.5059
vn 0.0607 -0.8249 0.5621
vn -0.7022 -0.0140 -0.7118
vn 0.3639 -0.7371 0.5694
vn 0.3374 -0.0214 0.9411
vn 0.7215 0.0521 0.6904
vn 0.6485 0.0643 0.7585
vn 0.2425 0.0069 0.9701
vn -0.4063 -0.0379 -0.9130
vn -0.3906 -0.0291 -0.9201
vn -0.6629 -0.1607 -0.7313
vn -0.7276 -0.6849 -0.0392
vn -0.5852 -0.8046 0.1010
vn 0.9623 0.2570 0.0886
vn -0.1950 0.0547 0.9793
vn -0.2513 0.0182 0.9677
vn -0.1378 0.0910 0.9863
vn 0.9991 -0.0426 0.0083
vn 0.9538 -0.0637 0.2938
vn 0.7506 -0.1200 -0.6498
vn 0.0001 -0.1768 -0.9842
vn -0.0000 -0.1609 -0.9870
vn 0.7963 0.2785 0.5370
vn 0.9198 0.3813 0.0928
vn 0.8403 0.5395 0.0533
vn 0.6234 -0.0012 0.7819
vn 0.6103 -0.0531 0.7904
vn 0.2861 0.0950 0.9535
vn 0.3150 0.0450 0.9480
vn 0.7468 -0.0973 -0.6579
vn -0.2864 0.0626 0.9561
vn -0.2719 0.0814 0.9589
vn -0.6110 -0.0030 0.7917
vn 0.6492 0.5195 -0.5556
vn -0.5965 -0.0505 0.8010
vn 0.2436 0.9328 0.2655
vn -0.4370 0.8922 -0.1138
vn 0.5203 -0.5619 0.6430
vn -0.2876 0.0837 0.9541
vn -0.0360 0.9991 -0.0228
vn -0.4251 -0.8665 0.2616
vn -0.4001 -0.8447 0.3556
vn -0.4244 -0.8902 0.1656
vn -0.1613 -0.4296 0.8885
vn 0.1046 -0.4440 0.8899
vn 0.0031 -0.9907 0.1361
vn -0.2910 0.0871 0.9527
vn -0.9538 -0.0637 0.2938
vn -0.9991 -0.0425 0.0081
vn -0.7505 -0.1198 -0.6499
vn -0.9198 0.3812 0.0927
vn -0.5727 0.1400 0.8077
vn -0.8403 0.5395 0.0533
vn -0.7467 -0.0969 -0.6581
vn -0.6491 0.5196 -0.5557
vn -0.0000 0.4859 -0.8740
vn -0.0084 -0.0115 0.9999
vn 0.2897 -0.0269 0.9567
vn -0.0021 -0.0214 -0.9998
vn 0.2486 0.0019 0.9686
vn -0.7215 0.0522 0.6904
vn -0.3374 -0.0214 0.9411
vn -0.5421 0.0469 0.8390
vn -0.2426 0.0063 0.9701
vn 0.3907 -0.0305 -0.9200
vn 0.4063 -0.0379 -0.9130
vn 0.6629 -0.1609 -0.7312
vn 0.0022 -0.0214 -0.9998
vn 0.6070 -0.1992 0.7693
vn 0.0002 -0.2616 0.9652
vn 0.0001 -0.2534 0.9674
vn 0.7848 -0.1470 0.6021
vn 0.9757 -0.0279 0.2173
vn -0.0000 -0.0000 1.0000
vn -0.0000 -0.0000 -1.0000
vn -0.9923 0.0088 0.1238
vn -0.7848 -0.1468 0.6022
vn -0.9756 -0.0275 0.2177
vn -0.6070 -0.1992 0.7694
vn -0.9805 0.1057 -0.1658
vn 0.9923 0.0082 0.1233
vn 0.9804 0.1052 -0.1665
vn 0.4862 -0.2813 0.8273
vn -0.0142 -0.9999 -0.0000
vn 0.0604 -0.5050 -0.8610
vn -0.3911 -0.2459 -0.8869
vn -0.3565 -0.2473 -0.9010
vn -0.3442 -0.2356 0.9088
vn -0.3861 -0.2427 0.8900
vn 0.4796 0.2347 0.8455
vn -0.2723 -0.2527 0.9285
vn 0.5189 0.1809 -0.8355
vn -0.2975 -0.2758 -0.9140
vn 0.1395 0.0381 0.9895
vn -0.2453 -0.2500 0.9366
vn 0.5152 0.2586 -0.8171
vn -0.2939 -0.2781 -0.9145
vn -0.2673 0.8018 -0.5345
vn -0.2182 0.8729 -0.4364
vn -0.3879 -0.3695 -0.8444
vn 0.9891 0.1455 0.0222
vn 0.0629 0.9352 -0.3485
vn -0.9123 0.2662 0.3111
vn -0.5039 0.2426 0.8290
vn 0.6612 0.7011 -0.2669
vn 0.5666 0.7151 0.4094
vn 0.3879 0.3695 0.8444
vn 0.2019 0.6612 0.7226
vn 0.1493 0.6848 0.7133
vn 0.1492 0.6848 0.7133
vn 0.1275 -0.6449 -0.7535
vn -0.0810 -0.8052 -0.5875
vn 0.6126 -0.7852 -0.0905
vn -0.0811 -0.8052 -0.5874
vn 0.4675 0.4176 -0.7791
vn -0.2351 0.9716 -0.0256
vn 0.6903 0.7220 0.0472
vn 0.3797 0.4650 0.7997
vn 0.9782 -0.1928 0.0767
vn -0.4268 0.7537 0.4999
vn 0.5180 0.6486 0.5577
vn -0.4188 0.6796 -0.6023
vn -0.4961 0.8607 -0.1143
vn -0.5621 0.8053 0.1888
vn -0.4823 0.8631 0.1497
vn -0.2145 0.4400 -0.8720
vn -0.1460 -0.1965 -0.9696
vn -0.6469 0.3590 -0.6728
vn -0.4450 -0.8439 -0.2998
vn -0.2596 -0.7186 -0.6452
vn 0.1355 -0.9609 -0.2415
vn -0.6665 -0.4629 -0.5843
vn -0.4817 0.7519 -0.4501
vn -0.9795 -0.1925 -0.0596
vn -0.8130 -0.2735 -0.5141
vn -0.6878 0.4726 0.5510
vn -0.6986 -0.7011 0.1427
vn -0.3746 0.5388 0.7546
vn -0.9776 0.1665 0.1286
vn -0.1804 0.6944 0.6966
vn 0.0068 0.6312 0.7756
vn -0.2253 0.7160 0.6607
vn -0.3409 0.7257 0.5976
vn 0.8192 0.4928 0.2934
vn 0.9347 0.3324 0.1258
vn 0.6605 0.5832 0.4728
vn 0.9788 0.2029 -0.0261
vn -0.0226 0.7787 0.6269
vn 0.5572 -0.8238 0.1042
vn 0.7151 -0.6980 -0.0379
vn -0.9622 0.2573 0.0887
vn 0.9583 0.1278 0.2556
vn 0.9631 -0.1897 0.1910
vn 0.0025 -0.0028 1.0000
vn 0.1577 0.4029 -0.9015
vn 0.0410 -0.8611 -0.5068
vn -0.0987 -0.7072 -0.7001
vn 0.0408 -0.8608 -0.5072
vn -0.2015 0.6610 0.7228
vn -0.6123 -0.7901 -0.0269
vn -0.1495 0.6849 0.7132
vn -0.1488 0.6849 0.7133
vn 0.0143 -0.9999 -0.0000
vn -0.4861 -0.2820 0.8271
vn -0.0600 -0.5054 -0.8608
vn 0.3568 -0.2474 -0.9008
vn 0.3919 -0.2464 -0.8864
vn 0.3868 -0.2432 0.8895
vn 0.3446 -0.2357 0.9087
vn 0.2722 -0.2527 0.9285
vn -0.4797 0.2346 0.8455
vn -0.5190 0.1806 -0.8355
vn 0.2975 -0.2758 -0.9140
vn 0.2453 -0.2500 0.9366
vn -0.1395 0.0380 0.9895
vn 0.2939 -0.2781 -0.9145
vn -0.5152 0.2586 -0.8171
vn -0.1634 -0.7730 0.6130
vn -0.7618 0.6478 -0.0122
vn -0.3797 0.1581 0.9115
vn -0.5694 0.4114 -0.7117
vn 0.3594 -0.7136 -0.6014
vn 0.2957 -0.5282 0.7959
vn -0.2564 -0.9583 -0.1259
vn -0.7144 -0.0196 0.6995
vn -0.7637 0.0085 0.6455
vn -0.9999 -0.0020 0.0123
vn -0.3628 -0.9192 -0.1533
vn -0.9362 -0.3506 0.0254
vn -0.9168 -0.3988 0.0218
vn -0.1733 -0.3324 -0.9271
vn 0.0167 -0.2370 -0.9714
vn 0.6809 0.1199 -0.7224
vn 0.7106 0.0368 0.7027
vn -0.6257 -0.6651 0.4077
vn -0.0219 -0.0585 0.9980
vn -0.3348 -0.5735 -0.7477
vn -0.4208 -0.6138 0.6680
vn -0.6620 -0.7490 -0.0281
vn 0.5688 0.4124 -0.7116
vn 0.1382 -0.0771 -0.9874
vn 0.6382 0.3148 -0.7025
vn 0.6236 0.3608 0.6935
vn -0.6250 -0.6645 0.4096
vn 0.1634 -0.7730 0.6130
vn 0.7614 0.6482 -0.0120
vn 0.3797 0.1581 0.9115
vn -0.5898 0.0449 0.8063
vn -0.1832 0.1502 0.9715
vn -0.5077 0.0164 0.8614
vn -0.3374 0.1859 0.9228
vn -0.5248 0.2017 0.8270
vn 0.7263 0.2671 0.6334
vn 0.5692 -0.0225 0.8219
vn 0.5079 0.0164 0.8613
vn -0.7269 0.2675 0.6325
vn 0.1883 -0.0403 0.9813
vn 0.3372 0.1860 0.9229
vn 0.4248 0.1033 0.8994
vn -0.5332 -0.1223 0.8371
vn -0.4689 -0.1345 0.8730
vn -0.7175 -0.0970 0.6898
vn -0.1878 -0.1823 0.9652
vn -0.2216 -0.1593 0.9620
vn -0.5406 -0.2907 0.7895
vn -0.3014 -0.4889 0.8186
vn -0.5121 -0.1376 0.8479
vn 0.0001 0.1737 0.9848
vn -0.5945 0.2625 0.7601
vn -0.3172 -0.1916 0.9288
vn -0.8006 -0.0437 0.5976
vn -0.3660 -0.2578 0.8942
vn 0.0005 -0.0635 0.9980
vn -0.4944 0.0425 0.8682
vn -0.6978 -0.1487 0.7007
vn 0.6971 -0.1486 0.7014
vn 0.4942 0.0424 0.8683
vn 0.0180 -0.2677 0.9633
vn -0.0429 -0.2147 0.9757
vn -0.4240 -0.5065 0.7508
vn 0.0008 0.2388 0.9711
vn 0.5944 0.2624 0.7602
vn 0.8002 -0.0435 0.5981
vn 0.5072 -0.2138 0.8349
vn 0.5121 -0.1376 0.8478
vn 0.3173 -0.1917 0.9288
vn 0.2740 -0.3631 0.8906
vn 0.3660 -0.2575 0.8943
vn 0.3059 -0.4215 0.8537
vn -0.2957 -0.5282 0.7959
vn -0.3598 -0.7135 -0.6012
vn 0.2559 -0.9585 -0.1258
vn 0.7635 0.0084 0.6458
vn 0.7142 -0.0194 0.6996
vn 0.3616 -0.9197 -0.1531
vn 0.9999 -0.0016 0.0128
vn 0.9169 -0.3985 0.0219
vn 0.9362 -0.3506 0.0254
vn -0.0167 -0.2367 -0.9714
vn 0.1726 -0.3322 -0.9273
vn -0.6808 0.1201 -0.7225
vn 0.0242 -0.0581 0.9980
vn -0.7106 0.0368 0.7026
vn 0.6257 -0.6651 0.4077
vn -0.1383 -0.0770 -0.9874
vn -0.6379 0.3153 -0.7026
vn 0.6182 -0.7854 -0.0312
vn 0.3336 -0.5723 -0.7491
vn 0.6620 -0.7490 -0.0281
vn 0.3347 -0.5735 -0.7477
vn -0.6235 0.3611 0.6935
vn 0.6250 -0.6645 0.4096
vn -0.0111 -0.1002 0.9949
vn -0.4563 -0.3352 0.8243
vn -0.9127 -0.2864 0.2915
vn -0.6865 -0.2370 0.6875
vn 0.9098 -0.2863 0.3005
vn 0.7278 -0.4077 0.5514
vn 0.0003 -0.3343 0.9425
vn 0.6866 -0.2372 0.6873
vn 0.4566 -0.3351 0.8241
vn -0.7279 -0.4077 0.5512
vn 0.4275 -0.0653 0.9016
vn -0.4272 -0.0650 0.9018
vn 0.4924 -0.2362 0.8377
vn -0.4923 -0.2359 0.8379
vn -0.1947 0.5614 0.8043
vn 0.0001 0.3453 -0.9385
vn -0.0000 0.6158 0.7879
vn 0.0526 0.5297 0.8465
vn -0.1765 0.7024 0.6895
vn -0.0616 0.4508 0.8905
vn -0.1804 0.7031 0.6879
vn -0.0822 0.6092 0.7888
vn -0.3432 0.7166 0.6071
vn -0.0793 0.6070 0.7907
vn 0.9737 -0.0741 0.2153
vn -0.9948 0.0601 -0.0827
vn -0.7892 -0.1525 0.5949
vn 0.7892 -0.1525 0.5948
vn 0.9950 0.0603 -0.0796
vn -0.0026 0.3630 -0.9318
vn -0.6761 0.2545 -0.6915
vn -0.0052 0.3794 -0.9252
vn 0.6762 0.2544 -0.6915
vn 0.0003 -0.3894 0.9211
vn -0.6757 -0.2245 0.7022
vn 0.6759 -0.2244 0.7020
vn 0.2540 -0.3282 -0.9098
vn 0.2541 -0.3285 -0.9097
vn 0.2541 -0.3284 -0.9097
vn 0.2543 -0.3286 -0.9096
vn -0.1090 -0.0001 -0.9940
vn -0.1091 -0.0001 -0.9940
vn -0.1093 -0.0000 -0.9940
vn 0.1204 0.2408 -0.9631
vn 1.0000 -0.0001 0.0001
vn 0.4486 0.0015 0.8937
vn -0.8053 -0.5928 -0.0001
vn 1.0000 -0.0026 -0.0001
vn 0.1205 0.2408 -0.9631
vn -0.2572 -0.8329 -0.4900
vn 0.4472 0.0001 0.8944
vn 1.0000 0.0001 -0.0000
vn 0.1208 0.2428 -0.9625
vn 0.4472 -0.0000 0.8944
vn 0.1091 -0.0001 -0.9940
vn 0.1090 -0.0001 -0.9940
vn 0.1093 -0.0000 -0.9940
vn 0.7071 0.7071 -0.0000
vn 0.2181 0.4364 0.8729
vn 0.4451 -0.0025 0.8955
vn 0.2183 0.4364 0.8729
vn -0.2763 0.8065 0.5227
vn 0.2164 0.4384 0.8723
vn 0.4473 -0.0000 0.8944
vn 0.1189 0.2422 -0.9629
vn -0.2541 0.3284 0.9097
vn -0.2540 0.3282 0.9098
vn -0.2541 0.3285 0.9097
vn -0.2543 0.3287 0.9095
vn 0.1002 0.2212 -0.9701
vn 0.3898 0.9209 -0.0001
vn 0.0858 0.2025 -0.9755
vn -0.7728 -0.6347 -0.0005
vn -0.9804 -0.1970 -0.0002
vn -0.0841 -0.0286 -0.9960
vn -0.0843 -0.0286 0.9960
vn -0.0845 -0.5173 0.8516
vn -0.0181 -0.0750 0.9970
vn 0.2479 0.9688 -0.0000
vn -0.0423 0.9991 -0.0000
vn 0.1756 0.9845 -0.0000
vn 0.3851 0.9229 -0.0000
vn -0.0842 -0.5161 -0.8524
vn -0.0705 -0.9975 -0.0003
vn 0.0858 0.2027 0.9755
vn 0.3617 0.9323 -0.0002
vn 0.1000 0.2212 0.9701
vn -0.8606 -0.5092 -0.0000
vn -0.7224 -0.6915 0.0003
vn -0.4076 -0.9132 -0.0000
vn -0.0181 -0.0748 -0.9970
vn -0.2986 -0.9544 0.0003
vn -0.9966 0.0824 -0.0000
vn -0.6265 0.0214 -0.7791
vn -0.6169 -0.0529 -0.7853
vn 0.3389 -0.0453 -0.9397
vn 0.9941 -0.1012 -0.0380
vn 0.9952 -0.0897 -0.0383
vn 0.7496 -0.0888 0.6559
vn 0.4187 -0.0901 0.9037
vn -0.2593 -0.0770 0.9627
vn 0.5460 0.0177 -0.8376
vn 0.9574 -0.0606 -0.2823
vn 0.9656 0.1461 -0.2149
vn 0.8170 -0.0667 0.5727
vn 0.6113 0.1131 0.7833
vn 0.8992 -0.0212 0.4369
vn -0.9805 -0.1571 -0.1183
vn -0.1459 -0.9885 -0.0390
vn -0.1458 -0.9886 -0.0389
vn -0.0947 -0.9952 -0.0255
vn 0.6378 -0.0192 -0.7699
vn 0.0589 -0.0714 0.9957
vn -0.3342 -0.0084 0.9425
vn -0.5697 -0.1736 0.8033
vn 0.5448 0.7751 -0.3200
vn 0.8868 0.2461 -0.3912
vn 0.2572 0.0003 -0.9664
vn -0.1693 0.3004 -0.9387
vn 0.3154 0.0259 -0.9486
vn 0.1801 -0.0070 -0.9836
vn 0.6614 0.3574 0.6594
vn 0.9447 0.3255 -0.0406
vn 0.3432 0.5966 0.7254
vn -0.6145 0.3006 0.7294
vn 0.6515 0.0561 0.7566
vn 0.8834 0.4048 0.2360
vn -1.0000 -0.0000 -0.0000
vn 0.4375 -0.0453 0.8981
vn 0.7186 0.1254 0.6840
vn -0.7584 -0.5189 -0.3944
vn -1.0000 -0.0002 0.0021
vn -0.3075 -0.1096 0.9452
vn -1.0000 -0.0003 0.0021
vn 0.2084 -0.9765 0.0557
vn 0.2084 -0.9765 0.0556
vn -0.6685 0.0737 0.7401
vn -0.0000 0.1241 -0.9923
vn 0.0034 0.1240 -0.9923
vn 0.8252 -0.1277 0.5502
vn 1.0000 -0.0010 0.0049
vn 0.4291 0.5141 0.7426
vn 0.7482 -0.0293 0.6628
vn 0.7382 -0.1513 -0.6574
vn 0.3075 0.1096 -0.9452
vn 0.4429 -0.1264 -0.8876
vn -0.0927 -0.1700 -0.9811
vn -0.2113 0.0772 -0.9744
vn 0.8650 -0.0230 -0.5013
vn -0.0779 -0.9968 -0.0205
vn -0.0430 -0.9990 -0.0115
vn 0.2882 0.9544 0.0772
vn 0.1815 0.9806 0.0743
vn -0.0000 1.0000 0.0001
vn 0.1584 0.6153 0.7722
vn 0.6447 0.7622 0.0576
vn -0.0422 -0.9991 -0.0103
vn 0.5970 0.0995 0.7960
vn 0.5934 0.1483 0.7911
vn 0.6963 0.1741 0.6963
vn -0.2583 -0.0000 0.9661
vn -0.5883 -0.7452 -0.3138
vn -0.6219 -0.7831 -0.0000
vn -0.5561 -0.7150 -0.4237
vn -0.7647 -0.6153 -0.1915
vn 0.7466 0.6414 0.1765
vn 0.3487 0.1725 0.9212
vn -0.6727 -0.0819 0.7354
vn 0.1943 0.9806 0.0261
vn -0.0417 -0.9991 -0.0120
vn 0.4822 0.8083 0.3379
vn 0.2976 0.7958 0.5273
vn -0.4527 -0.8083 -0.3764
vn -0.9773 0.0021 -0.2121
vn 0.9919 -0.1222 -0.0349
vn 0.7090 0.3217 0.6275
vn 0.8619 0.5018 -0.0728
vn 0.7783 0.3869 0.4945
vn 0.4922 0.2521 0.8332
vn 0.4476 0.6426 0.6219
vn 0.8492 0.5231 -0.0718
vn 0.6368 0.7692 -0.0534
vn 0.5802 0.3192 -0.7493
vn 0.6720 0.3800 -0.6356
vn 0.5601 0.5440 -0.6247
vn 0.2952 0.2126 -0.9315
vn -0.0064 0.4520 -0.8920
vn 0.3194 0.6239 -0.7132
vn 0.1629 0.9866 -0.0131
vn -0.0981 0.9951 0.0088
vn -0.0216 0.8872 0.4610
vn 0.1689 0.5074 0.8450
vn 0.1604 0.7758 0.6102
vn 0.0420 0.7558 -0.6535
vn -0.1071 0.8776 -0.4673
vn 0.6579 0.5429 0.5220
vn 0.5328 0.3829 0.7546
vn 0.4503 0.3041 0.8395
vn -0.0001 0.7071 -0.7071
vn -0.0000 0.7071 -0.7072
vn -0.7831 0.6059 0.1399
vn -0.7525 0.6586 -0.0001
vn -0.8939 -0.4464 0.0401
vn 0.3972 0.3841 -0.8335
vn 0.1840 -0.9810 -0.0613
vn 0.9965 -0.0543 -0.0640
vn 0.5882 0.6179 0.5218
vn 0.1839 -0.9810 -0.0613
vn -0.9995 0.0001 -0.0312
vn 0.5665 -0.8241 -0.0001
vn 0.7485 0.6601 -0.0630
vn -0.9995 -0.0013 -0.0314
vn -0.0935 0.2749 0.9569
vn 0.8634 -0.5039 -0.0253
vn -0.0000 0.7071 -0.7071
vn 0.1835 0.8208 0.5409
vn -0.0014 0.7076 -0.7067
vn -0.7608 0.6490 -0.0054
vn -0.7078 -0.5956 -0.3798
vn -0.0012 0.2412 -0.9705
vn -0.0010 0.7058 -0.7084
vn -0.4503 -0.3041 -0.8395
vn -0.7522 0.6590 -0.0021
vn 0.5665 -0.8240 -0.0000
vn 0.0740 0.1571 -0.9848
vn 0.0890 -0.9820 -0.1665
vn -0.7228 0.2049 0.6600
vn -0.0890 0.9820 0.1665
vn 0.1819 -0.9814 -0.0610
vn 0.2399 -0.1986 0.9503
vn 0.2359 -0.1944 0.9521
vn 0.2357 -0.1942 0.9522
vn -0.2358 -0.1944 0.9522
vn -0.2398 -0.1986 0.9503
vn -0.2356 -0.1942 0.9522
vn -0.8070 -0.0827 -0.5847
vn -0.3625 -0.1010 -0.9265
vn 0.3747 -0.1100 -0.9206
vn -0.8460 -0.4528 0.2815
vn -0.7894 -0.4572 0.4096
vn -0.0002 -0.8954 0.4452
vn 0.2315 -0.1898 0.9541
vn 0.7036 -0.0955 -0.7042
vn -0.9584 -0.0500 0.2811
vn -0.9322 -0.0536 0.3579
vn -0.9758 -0.0397 -0.2148
vn -0.9767 -0.0407 -0.2109
vn -0.9189 -0.3940 0.0190
vn -0.0002 -0.9846 0.1748
vn -0.5901 -0.7591 0.2747
vn -0.9870 -0.0321 0.1573
vn -0.1405 0.9120 0.3854
vn 0.3610 0.9236 0.1289
vn -0.3040 0.7897 0.5328
vn 0.9768 -0.2084 0.0502
vn 0.8987 -0.2919 -0.3273
vn 0.8726 -0.4807 0.0871
vn 0.6548 -0.3649 -0.6619
vn 0.3779 -0.2098 -0.9018
vn 0.3655 -0.7929 -0.4876
vn 0.2805 0.5428 -0.7917
vn 0.2410 0.2832 -0.9283
vn 0.3694 0.8573 -0.3586
vn 0.3082 -0.1828 -0.9336
vn 0.3512 0.9350 -0.0500
vn 0.3114 0.8019 0.5099
vn 0.3315 0.8762 0.3499
vn 0.4538 0.5866 0.6708
vn 0.3725 0.5223 0.7671
vn -0.0000 0.4472 -0.8944
vn 0.0001 0.7071 -0.7071
vn -0.0000 0.4471 -0.8945
vn 0.4622 0.6743 0.5759
vn 0.2349 0.1338 0.9628
vn -0.1288 0.5507 -0.8247
vn -0.0006 0.4454 -0.8953
vn -0.3610 -0.9236 -0.1289
vn 0.1406 -0.9119 -0.3855
vn 0.3048 -0.7891 -0.5332
vn 0.6685 -0.2869 0.6862
vn 0.8658 0.0451 0.4983
vn -0.0101 -0.7972 -0.6036
vn -0.9923 -0.1241 0.0022
vn 0.9483 -0.0853 -0.3058
vn -0.9923 -0.1241 -0.0000
vn -0.9753 0.0941 0.2001
vn -0.9959 -0.0900 0.0024
vn 0.5883 0.3343 0.7363
vn 0.7550 0.3363 0.5630
vn -0.9923 -0.1241 0.0001
vn 0.7402 0.6724 -0.0095
vn 0.5410 0.4983 0.6775
vn 0.0796 0.0156 0.9967
vn 0.5044 0.4193 -0.7548
vn 0.3746 0.3388 -0.8631
vn -0.2353 -0.2477 -0.9398
vn -0.4361 -0.4658 -0.7700
vn -0.6025 -0.6837 -0.4117
vn -0.6610 -0.6314 -0.4054
vn 0.4800 0.4788 0.7351
vn -0.4452 -0.5195 0.7293
vn -0.4846 -0.5672 0.6659
vn -0.6593 -0.6313 0.4084
vn -0.3063 -0.3075 0.9009
vn 0.2728 -0.0363 0.9614
vn 0.6407 0.6250 -0.4461
vn 0.6801 0.7137 -0.1677
vn 0.3097 0.3102 -0.8988
vn -0.6499 -0.6766 -0.3461
vn -0.4182 -0.4790 -0.7717
vn 0.6017 0.6660 -0.4409
vn -0.5740 -0.4649 0.6741
vn 0.3845 0.5193 0.7632
vn -0.0729 -0.0338 -0.9968
vn 0.0205 -0.0872 -0.9960
vn 0.7039 0.6409 -0.3062
vn -0.7132 -0.6557 0.2478
vn -0.6369 -0.6962 0.3311
vn -0.5215 -0.5510 -0.6515
vn -0.5523 -0.6222 -0.5548
vn -0.3012 -0.3804 0.8744
vn 0.5338 0.3980 0.7461
vn 0.6642 0.7425 -0.0871
vn 0.6575 0.7493 -0.0795
vn 0.6306 0.6912 -0.3530
vn 0.6481 0.7387 0.1852
vn 0.6296 0.6916 -0.3539
vn 0.6640 0.7276 0.1723
vn -0.9930 -0.1117 -0.0376
vn -0.9931 -0.0993 0.0632
vn -0.5723 -0.1621 0.8038
vn 0.4941 -0.1030 0.8633
vn 0.8799 -0.0967 0.4651
vn 0.9318 -0.0493 0.3596
vn -0.4743 -0.1071 0.8738
vn 0.5045 -0.1090 0.8565
vn 0.9771 -0.0115 -0.2126
vn 0.9784 0.0176 -0.2061
vn 0.6266 0.0216 -0.7790
vn -0.3613 0.2074 -0.9091
vn -0.9897 0.0614 0.1291
vn -0.7634 0.1292 -0.6328
vn 0.3589 -0.2153 0.9082
vn -0.9981 0.0371 0.0489
vn -0.5460 0.0177 -0.8376
vn 0.6286 0.1213 -0.7682
vn 0.9866 0.0180 -0.1620
vn 0.9784 0.0450 -0.2016
vn 0.6002 0.1391 -0.7877
vn -0.4841 -0.1791 0.8565
vn -0.6036 -0.1738 0.7781
vn 0.9115 -0.1050 0.3976
vn 0.6253 -0.2109 0.7514
vn 0.8237 -0.1353 0.5506
vn -0.0139 -0.2395 0.9708
vn 0.9931 -0.0993 0.0630
vn 0.7634 0.1292 -0.6328
vn -0.6286 0.1214 -0.7682
vn -0.8801 -0.0967 0.4649
vn -0.4942 -0.1030 0.8632
vn -0.8989 -0.0484 0.4354
vn 0.3613 0.2074 -0.9091
vn -0.9866 0.0181 -0.1619
vn -0.9784 0.0450 -0.2016
vn -0.9784 0.0176 -0.2062
vn 0.9981 0.0371 0.0489
vn -0.6002 0.1391 -0.7877
vn 0.4842 -0.1792 0.8564
vn 0.5724 -0.1619 0.8038
vn 0.9897 0.0614 0.1291
vn -0.3591 -0.2153 0.9081
vn -0.3132 -0.1312 0.9406
vn 0.5566 -0.1325 0.8201
vn 0.6036 -0.1739 0.7781
vn -0.6254 -0.2109 0.7513
vn -0.9116 -0.1048 0.3975
vn -0.8237 -0.1353 0.5506
vn 0.0139 -0.2395 0.9708
vn -0.4819 -0.7042 0.5214
vn 0.1694 -0.0858 0.9818
vn 0.7923 0.6076 0.0546
vn 0.0081 -0.1029 -0.9947
vn -0.4777 -0.5770 -0.6625
vn -0.6575 0.7493 -0.0795
vn -0.6481 0.7387 0.1852
vn -0.6640 0.7426 -0.0871
vn -0.6306 0.6912 -0.3530
vn -0.6640 0.7276 0.1723
vn -0.6296 0.6916 -0.3539
vn 0.0947 0.2313 0.9683
vn -0.2541 -0.8036 0.5382
vn 0.2827 -0.4241 0.8604
vn 0.3045 0.9525 -0.0000
vn -0.4948 0.8690 -0.0000
vn -0.0197 -0.0767 -0.9969
vn -0.0264 -0.0928 -0.9953
vn -0.0188 -0.0813 -0.9965
vn -0.0216 -0.0674 -0.9975
vn -0.0161 -0.0687 -0.9975
vn -0.3045 -0.9525 -0.0000
vn -0.3014 -0.9535 -0.0000
vn 0.7627 0.5813 0.2835
vn 0.3615 0.9324 -0.0000
vn -0.9746 0.2242 -0.0000
vn 0.9909 0.1348 -0.0000
vn -0.0345 -0.0639 0.9974
vn -0.2983 -0.9545 -0.0000
vn 0.5889 0.0343 0.8075
vn 0.5645 0.0161 0.8252
vn 0.5889 0.0233 0.8079
vn -0.5646 -0.0160 -0.8252
vn -0.5889 -0.0343 -0.8075
vn -0.5889 -0.0233 -0.8079
vn 0.6969 0.3006 0.6512
vn 0.4929 0.1505 0.8570
vn -0.6973 -0.3011 -0.6505
vn -0.4929 -0.1505 -0.8570
vn -0.3583 -0.0782 -0.9303
vn 0.7382 -0.0716 -0.6708
vn -0.7498 -0.0866 0.6559
vn -0.9952 -0.0897 -0.0383
vn -0.7036 -0.0955 -0.7042
vn 0.3625 -0.0988 -0.9267
vn 0.7893 -0.4575 0.4095
vn 0.8459 -0.4531 0.2813
vn 0.9323 -0.0535 0.3577
vn 0.2593 -0.0769 0.9627
vn -0.2314 -0.1898 0.9542
vn 0.5899 -0.7593 0.2748
vn 0.9187 -0.3945 0.0191
vn 0.9870 -0.0321 0.1573
vn 0.9766 -0.0407 -0.2111
vn 0.4239 0.0858 0.9017
vn 0.4167 0.0894 0.9046
vn 0.4239 0.0858 0.9016
vn 0.5634 0.7494 -0.3479
vn 0.4310 0.0821 0.8986
vn -0.0925 -0.0998 -0.9907
vn -0.5637 -0.7498 0.3464
vn 0.0925 0.0998 0.9907
vn 0.2418 -0.0923 0.9659
vn -0.0000 -0.0952 0.9955
vn 0.0001 -0.0952 0.9955
vn -0.2417 -0.0923 0.9660
vn -0.5631 0.7982 0.2138
vn -0.3853 0.7110 0.5882
vn -0.0000 0.9582 0.2860
vn -0.4110 0.9060 -0.1011
vn -0.0001 0.9739 -0.2271
vn 0.3853 0.7111 0.5881
vn 0.5631 0.7982 0.2137
vn 0.4109 0.9061 -0.1009
vn -0.0941 -0.9847 -0.1468
vn -0.8320 -0.0000 -0.5547
vn -0.0005 0.7056 -0.7086
vn -0.7216 -0.0524 0.6903
vn 0.9517 0.2765 0.1336
vn -0.9008 -0.3119 0.3021
vn 0.1152 -0.3844 -0.9160
vn 0.0014 0.7071 -0.7071
vn -0.8326 -0.0013 -0.5539
vn 0.0941 0.9847 0.1468
vn -0.9923 -0.1240 -0.0000
vn -0.9707 0.1763 0.1635
vn -0.7526 0.6585 -0.0000
vn 0.9899 0.0044 -0.1414
vn 0.9533 0.2152 0.2117
vn -0.7525 0.6585 -0.0000
vn -0.9923 -0.1240 -0.0001
vn 0.8321 0.5547 -0.0000
vn 0.9370 -0.1562 -0.3123
vn 0.0001 1.0000 -0.0000
vn -0.2357 0.2357 0.9428
vn 0.8320 0.5548 -0.0000
vn 0.7682 0.6402 -0.0000
vn -0.8930 0.4500 0.0001
vn 0.8311 0.5561 -0.0000
vn 0.8317 0.5553 -0.0021
vn 0.8320 0.5547 -0.0021
vn -0.8945 0.4471 -0.0001
vn -0.2372 0.2371 0.9421
vn 0.0001 1.0000 0.0001
vn -0.2358 0.2336 0.9433
vn -0.8942 0.4477 -0.0021
vn 0.8329 0.5534 -0.0022
vn -0.1162 0.3488 0.9300
vn -0.0818 0.1616 0.9835
vn -0.0819 0.1639 0.9831
vn -0.1173 0.3504 0.9292
vn 0.1977 -0.1857 0.9625
vn 0.1966 -0.1864 0.9626
vn -0.0814 0.1642 0.9831
vn -0.8309 -0.0004 0.5565
vn -0.0000 0.2425 0.9701
vn -0.1879 -0.9641 -0.1877
vn -0.0787 0.1653 0.9831
vn -0.1966 0.1864 -0.9626
vn -0.8321 -0.0000 0.5547
vn -0.0827 0.1641 0.9830
vn -0.1977 0.1857 -0.9625
vn -0.0001 1.0000 0.0001
vn -0.1163 0.3487 0.9300
vn -0.1163 0.3488 0.9300
vn -1.0000 0.0029 0.0005
vn -1.0000 -0.0000 0.0005
vn -0.0001 1.0000 -0.0000
vn -0.1173 0.3482 0.9301
vn -0.1197 0.3491 0.9294
vn -0.1169 0.3506 0.9292
vn -0.1155 0.3487 0.9301
vn -0.1960 -0.1944 0.9611
vn -0.1169 0.3489 0.9298
vn 0.1960 0.1944 -0.9611
vn 0.9899 -0.1414 -0.0000
vn -0.2241 0.1764 -0.9585
vn 0.8320 0.5547 -0.0001
vn 0.8317 0.5552 -0.0021
vn 0.2241 -0.1764 0.9585
vn -0.2194 -0.1770 0.9594
vn -0.9138 0.4061 -0.0000
vn -1.0000 0.0052 0.0005
vn 0.2194 0.1770 -0.9594
vn -0.4799 0.4786 0.7353
vn -0.0788 0.0029 0.9969
vn -0.7447 0.6613 0.0904
vn -0.7565 0.6539 0.0120
vn -0.0270 -0.0767 0.9967
vn -0.6072 0.4200 0.6745
vn 0.3998 -0.4200 -0.8147
vn 0.5914 -0.6937 -0.4112
vn 0.6499 -0.6766 -0.3461
vn -0.7960 0.6050 -0.0196
vn -0.5043 0.4194 -0.7548
vn 0.6134 -0.6738 -0.4120
vn 0.4779 -0.5196 -0.7083
vn 0.6610 -0.6314 -0.4054
vn -0.6801 0.7138 -0.1674
vn 0.4277 -0.5088 0.7471
vn 0.4453 -0.5196 0.7292
vn -0.3097 0.3102 -0.8988
vn -0.4978 0.4308 -0.7527
vn 0.4182 -0.4790 -0.7717
vn 0.3063 -0.3075 0.9009
vn -0.1181 -0.0960 0.9884
vn -0.2399 0.2362 -0.9416
vn 0.2352 -0.2479 -0.9398
vn 0.6593 -0.6313 0.4084
vn 0.5111 -0.5941 0.6211
vn 0.5523 -0.6222 -0.5548
vn -0.0205 -0.0872 -0.9960
vn -0.3843 0.5192 0.7633
vn 0.5740 -0.4648 0.6741
vn 0.7132 -0.6556 0.2479
vn 0.0730 -0.0337 -0.9968
vn -0.6017 0.6661 -0.4408
vn -0.7038 0.6410 -0.3062
vn 0.6371 -0.6960 0.3311
vn 0.5216 -0.5509 -0.6515
vn 0.3013 -0.3803 0.8744
vn -0.5337 0.3981 0.7461
vn -0.0081 -0.1029 -0.9947
vn -0.1695 -0.0858 0.9818
vn 0.4818 -0.7042 0.5215
vn 0.4777 -0.5770 -0.6625
vn -0.7924 0.6076 0.0545
vn -0.8987 -0.2919 -0.3273
vn -0.9768 -0.2081 0.0501
vn -0.8726 -0.4806 0.0872
vn -0.3694 0.8573 -0.3585
vn -0.3146 0.9478 -0.0514
vn -0.3311 0.8763 0.3500
vn -0.2656 0.5547 -0.7885
vn -0.2415 0.2833 -0.9281
vn -0.3823 -0.2127 -0.8992
vn -0.3082 -0.1828 -0.9336
vn -0.3655 -0.7929 -0.4876
vn -0.6548 -0.3649 -0.6619
vn -0.2694 0.8140 0.5147
vn -0.2498 0.4179 -0.8735
vn -0.1059 -0.2968 -0.9491
vn -0.7240 -0.3297 0.6059
vn -0.6411 0.2717 0.7178
vn -0.3830 0.2910 0.8767
vn -0.3661 0.5459 0.7536
vn -0.4204 0.6224 0.6602
vn -0.8794 -0.0651 0.4717
vn -0.4472 0.6702 0.5923
vn -0.2312 0.7901 0.5677
vn -0.3152 0.9239 -0.2168
vn -0.1195 0.0455 -0.9918
vn -0.5467 0.7982 -0.2529
vn -0.4924 0.5969 -0.6335
vn -0.3414 -0.0476 0.9387
vn -0.3167 -0.8677 0.3830
vn -0.0286 -0.7147 -0.6988
vn -0.2517 -0.9211 -0.2972
vn -0.2859 0.1726 -0.9426
vn -0.6806 0.3812 0.6257
vn -0.2872 0.1742 -0.9419
vn -0.6055 0.6871 -0.4016
vn -0.2486 0.1727 -0.9531
vn -0.7592 0.5603 -0.3312
vn 0.6918 -0.5155 0.5056
vn 0.1800 -0.3916 0.9023
vn 0.5401 -0.4703 -0.6979
vn 0.7322 -0.5795 -0.3579
vn -0.6005 0.6656 0.4432
vn -0.2350 0.2365 0.9428
vn 0.8663 0.4662 -0.1793
vn 0.3952 -0.8563 -0.3324
vn -0.2372 0.2370 0.9421
vn 0.0276 -0.9591 -0.2815
vn 0.5822 0.1316 -0.8024
vn -0.2357 0.2356 0.9428
vn 0.7603 -0.1138 -0.6395
vn -0.2711 -0.8743 -0.4026
vn 0.8662 0.4806 0.1371
vn 0.6731 0.6477 -0.3569
vn 0.6500 0.5353 0.5394
vn 0.1308 -0.1908 0.9729
vn -0.0245 -0.8702 0.4922
vn 0.2684 0.1744 -0.9474
vn -0.2669 -0.6237 -0.7347
vn -0.2816 -0.8794 -0.3839
vn 0.3496 0.6955 0.6277
vn 0.0950 -0.3661 -0.9257
vn 0.3267 0.2940 0.8982
vn 0.4540 0.8607 -0.2306
vn 0.2956 0.3817 -0.8757
vn -0.0000 0.6554 0.7553
vn 0.0345 0.0639 -0.9974
vn 0.0216 0.0674 0.9975
vn 0.2775 0.2314 -0.9325
vn 0.4270 0.9043 0.0010
vn 0.4471 -0.0000 0.8945
vn 0.4490 0.0006 0.8935
vn -0.8018 0.2673 0.5345
vn -0.1344 0.2954 -0.9459
vn -0.5005 0.7939 0.3452
vn -0.4878 0.7898 0.3717
vn -0.4877 0.7948 0.3613
vn 0.1344 -0.2954 0.9459
vn 0.4490 0.0007 0.8935
vn -0.2775 -0.2314 0.9325
vn 0.4492 0.0018 0.8934
vn 0.4244 0.9055 -0.0000
vn 0.4248 0.9053 -0.0021
vn 0.4245 0.9054 0.0022
vn -0.0078 0.1133 -0.9935
vn 1.0000 -0.0000 -0.0001
vn -0.7248 0.6116 0.3171
vn 1.0000 -0.0019 -0.0004
vn -0.0933 -0.2423 0.9657
vn 1.0000 -0.0000 0.0001
vn 0.0078 -0.1133 0.9935
vn 0.4245 0.9054 0.0001
vn 0.4244 0.9055 0.0001
vn 1.0000 0.0007 -0.0020
vn 0.0933 0.2423 -0.9657
vn 1.0000 0.0014 0.0026
vn 1.0000 -0.0005 0.0021
vt 0.477147 -0.328739
vt 0.505793 -0.333067
vt 0.507661 -0.279378
vt 0.585067 -0.124681
vt 0.678664 -0.114549
vt 0.676547 -0.074265
vt -0.547811 -0.362057
vt -0.620983 -0.219885
vt -0.547002 -0.271146
vt -0.553478 -0.415604
vt 0.388843 -0.213130
vt 0.412819 -0.195820
vt 0.352787 -0.168659
vt 0.326134 -0.111206
vt 0.384360 -0.142484
vt 0.304151 -0.124646
vt 0.355901 -0.096219
vt 0.338775 -0.185195
vt 0.288396 -0.074230
vt 0.416368 -0.143082
vt 0.462949 -0.172353
vt 0.465689 -0.124470
vt 0.428947 -0.207817
vt 0.434926 -0.219181
vt 0.677854 -0.154059
vt 0.686074 -0.149098
vt 0.687195 -0.128305
vt 0.661290 -0.167709
vt 0.677854 -0.203208
vt 0.671191 -0.160004
vt 0.511522 -0.135306
vt 0.506353 -0.181712
vt 0.459088 -0.246905
vt 0.539670 -0.330041
vt 0.578466 -0.333172
vt 0.601383 -0.322371
vt 0.548637 -0.365470
vt 0.518808 -0.390730
vt 0.556172 -0.385207
vt 0.634637 -0.211582
vt 0.493463 -0.085347
vt 0.798789 -0.190895
vt 0.781913 -0.168237
vt 0.832604 -0.173796
vt 0.481382 -0.389429
vt 0.457157 -0.328845
vt 0.310254 -0.066701
vt 0.669883 -0.240994
vt 0.697346 -0.218091
vt 0.439596 -0.431472
vt 0.443270 -0.416062
vt 0.434801 -0.401074
vt 0.464755 -0.390766
vt 0.625918 -0.042988
vt 0.622680 -0.050622
vt 0.674803 -0.045521
vt 0.418610 -0.102094
vt 0.389840 -0.094495
vt 0.579275 -0.172389
vt 0.584818 -0.277302
vt 0.562524 -0.404381
vt 0.567194 -0.376552
vt 0.573795 -0.361459
vt 0.586063 -0.279237
vt 0.578777 -0.224107
vt 0.379004 -0.219885
vt 0.446509 -0.415604
vt 0.453047 -0.271146
vt 0.694108 -0.111910
vt 0.686573 -0.197861
vt 0.505357 -0.231425
vt 0.398371 -0.236315
vt 0.415995 -0.297779
vt 0.577781 -0.223051
vt 0.592540 -0.340877
vt 0.458465 -0.052628
vt 0.626915 -0.267100
vt 0.697284 -0.018114
vt 0.737575 -0.004287
vt 0.742556 -0.056603
vt 0.734399 -0.234626
vt 0.607672 -0.375461
vt 0.342387 -0.023356
vt 0.335786 -0.061775
vt 0.358143 -0.058574
vt 0.520116 -0.052487
vt 0.543406 -0.008896
vt 0.450494 -0.060685
vt 0.288583 -0.021702
vt 0.402668 -0.311535
vt 0.422720 -0.352311
vt 0.421163 -0.021034
vt 0.430193 -0.353050
vt 0.443831 -0.033629
vt 0.399181 -0.231073
vt 0.420790 -0.314279
vt 0.450930 -0.298166
vt 0.425211 -0.322934
vt 0.438164 -0.331167
vt 0.669759 -0.271251
vt 0.451553 -0.389675
vt 0.410639 -0.302880
vt -0.451350 -1.422419
vt -0.375252 -1.462175
vt -0.472523 -1.461225
vt -0.404209 -1.488526
vt 0.603064 -0.071978
vt 0.617262 -0.415429
vt 0.591107 -0.060896
vt 0.563707 -0.057588
vt 0.558601 -0.380422
vt 0.626666 -0.394952
vt 0.583697 -0.380105
vt 0.572924 -0.065962
vt 0.825754 -0.157718
vt 0.778488 -0.151174
vt 0.683334 -0.177596
vt 0.732966 -0.179566
vt 0.612529 -0.379085
vt 0.786521 -0.102692
vt 0.801529 -0.118771
vt 0.702888 -0.122219
vt 0.638435 -0.380809
vt 0.655436 -0.396254
vt 0.648586 -0.423837
vt 0.710984 -0.274066
vt 0.666334 -0.296899
vt 0.780294 -0.065434
vt 0.637999 -0.342144
vt 0.658300 -0.411523
vt 0.760242 -0.069515
vt 0.666832 -0.429748
vt 0.711669 -0.311113
vt 0.747040 -0.282509
vt 0.752520 -0.068530
vt 0.682649 -0.435307
vt 0.256761 -1.050365
vt 0.237145 -1.068589
vt 0.278183 -1.087518
vt 0.304151 -1.124670
vt 0.274572 -1.132270
vt -0.875494 -1.624471
vt -0.841057 -1.579790
vt -0.820569 -1.615429
vt -0.894301 -1.599280
vt -0.776604 -1.576025
vt -0.809173 -1.540631
vt -0.854134 -1.547527
vt -0.940383 -1.565189
vt -0.737932 -1.538204
vt 0.548637 -1.422419
vt 0.588554 -1.443211
vt 0.531387 -1.447117
vt 0.595840 -1.488526
vt 0.571491 -1.479273
vt 0.527464 -1.461225
vt 0.624735 -1.462175
vt 0.204016 -1.039353
vt 0.187576 -1.048254
vt 0.177674 -1.017681
vt 0.223134 -1.024682
vt 0.231727 -1.061799
vt 0.236585 -1.093323
vt 0.179293 -1.051385
vt 0.148094 -1.002341
vt 0.035068 -1.672601
vt 0.035068 -1.574864
vt 0.134020 -1.646038
vt 0.134020 -1.694449
vt -0.806807 -1.048465
vt -0.775545 -1.077948
vt -0.773428 -1.063875
vt -0.800517 -1.034463
vt -0.776915 -1.024682
vt -0.777164 -1.084562
vt -0.778784 -1.093076
vt -0.813283 -1.061447
vt 0.773631 -1.289429
vt 0.756443 -1.332844
vt 0.851909 -1.332070
vt 0.851224 -1.372495
vt 0.711669 -1.311137
vt 0.747040 -1.282498
vt 0.134020 -0.646049
vt 0.035068 -0.574875
vt 0.076480 -0.683272
vt -0.866029 -1.694449
vt -0.923507 -1.683296
vt -0.866029 -1.646038
vt -0.993502 -1.666620
vt -0.964919 -1.574864
vt 0.095286 -1.574442
vt 0.246237 -1.554106
vt 0.218463 -1.581021
vt 0.119698 -1.594320
vt 0.179480 -1.615429
vt 0.124493 -1.624471
vt 0.422720 -1.352300
vt 0.451553 -1.389699
vt 0.379004 -1.219909
vt 0.453047 -1.271134
vt 0.006484 -0.666596
vt 0.134020 -0.694425
vt 0.117829 -1.556534
vt 0.260871 -1.538134
vt 0.994702 -1.066408
vt 0.994702 -1.140045
vt 0.889210 -1.140045
vt 0.898240 -1.006809
vt 0.994702 -1.006809
vt 0.885287 -1.072108
vt 0.820025 -1.006809
vt 0.840886 -1.120202
vt -0.866029 0.353975
vt -0.964919 0.425149
vt -0.964919 0.327412
vt -0.866029 0.305564
vt -0.820569 -0.615405
vt -0.781586 -0.581032
vt -0.880289 -0.594296
vt -0.904763 -0.574418
vt -0.875494 -0.624447
vt -0.753812 -0.554082
vt -0.882157 -0.556510
vt 0.676547 -1.074289
vt 0.719827 -1.073269
vt 0.720698 -1.096911
vt 0.221203 -0.093088
vt 0.186704 -0.061423
vt 0.226559 -0.063851
vt 0.199470 -0.034474
vt 0.223134 -0.024658
vt 0.678664 -1.114573
vt 0.717896 -1.046284
vt 0.674803 -1.045545
vt -0.839002 -0.024095
vt -0.812100 -0.058925
vt -0.818140 -0.043938
vt -0.845416 -0.013294
vt -0.765644 -0.086966
vt -0.802323 -0.029794
vt -0.832401 -0.006820
vt -0.776915 -0.024658
vt -0.769567 -0.076552
vt -0.763464 -0.093334
vt -0.796905 -0.079964
vt -0.851893 -0.002352
vt 0.035068 0.327412
vt 0.134020 0.305564
vt 0.134020 0.353975
vt 0.035068 0.425149
vt 0.994702 -0.006785
vt 0.994702 -0.066384
vt 0.898240 -0.006785
vt 0.994702 -0.140021
vt 0.889210 -0.140021
vt 0.885287 -0.072084
vt 0.820025 -0.006785
vt 0.840886 -0.120178
vt 0.793247 -0.047034
vt 0.588554 -0.443187
vt 0.548637 -0.422430
vt 0.531387 -0.447128
vt 0.719827 -0.073245
vt 0.717896 -0.046260
vt 0.720698 -0.096922
vt 0.278183 -0.087494
vt 0.274572 -0.132246
vt 0.569063 -0.479249
vt 0.593349 -0.488502
vt 0.622306 -0.462151
vt 0.527464 -0.461201
vt 0.571491 -0.479249
vt 0.300353 -0.141041
vt 0.488481 -0.442800
vt 0.503676 -0.435482
vt 0.237145 -0.068601
vt 0.282107 -0.141534
vt 0.256761 -0.050341
vt 0.179480 -0.615405
vt 0.221452 -0.571427
vt 0.171945 -0.573327
vt 0.124493 -0.624447
vt 0.100517 -0.580364
vt 0.078535 -0.563582
vt 0.174062 -0.553766
vt 0.173813 -0.543809
vt 0.213979 -0.557636
vt 0.262117 -0.538180
vt 0.067450 -0.561295
vt 0.626354 -0.464297
vt 0.627911 -0.429888
vt 0.678415 -0.363007
vt 0.756443 -0.332855
vt 0.729479 -0.394812
vt 0.806698 -0.428868
vt 0.851224 -0.372506
vt 0.707496 -0.381161
vt 0.761363 -0.880504
vt 0.733278 -0.880504
vt 0.733278 -0.785090
vt 0.596276 -0.845146
vt 0.579151 -0.845146
vt 0.596276 -0.875192
vt 0.564766 -0.845146
vt 0.557044 -0.845146
vt 0.557044 -0.875192
vt 0.579151 -0.875192
vt 0.761363 -0.785090
vt 0.355216 -0.638027
vt 0.349237 -0.661389
vt 0.352725 -0.627965
vt 0.331427 -0.627965
vt 0.342076 -0.627965
vt 0.333856 -0.661389
vt 0.273637 -0.157225
vt 0.300913 -0.157225
vt 0.273637 -0.208978
vt 0.328687 -0.638027
vt 0.345688 -0.661389
vt 0.798727 -0.447480
vt 0.740688 -0.447480
vt 0.740688 -0.497403
vt 0.300913 -0.208978
vt 0.286466 -0.317234
vt 0.374770 -0.290074
vt 0.360135 -0.206867
vt 0.016261 -0.335037
vt 0.006422 -0.337007
vt 0.006422 -0.359207
vt 0.005364 -0.386966
vt 0.023174 -0.362479
vt 0.223819 -0.156451
vt 0.260000 -0.142484
vt 0.268656 -0.214326
vt 0.281235 -0.378909
vt 0.296367 -0.231741
vt 0.344629 -0.346999
vt 0.298734 -0.396993
vt 0.016261 -0.311429
vt 0.006422 -0.310831
vt 0.217031 -0.212461
vt 0.189880 -0.189734
vt 0.409394 -0.576705
vt 0.405283 -0.538813
vt 0.412756 -0.556475
vt 0.044098 -0.341299
vt 0.209309 -0.265974
vt 0.310192 -0.338238
vt 0.328812 -0.355337
vt 0.257509 -0.420354
vt 0.314862 -0.201344
vt 0.311562 -0.200323
vt 0.645597 -0.457647
vt 0.640677 -0.448817
vt 0.650765 -0.446143
vt 0.656059 -0.457542
vt 0.650952 -0.468448
vt 0.641237 -0.442026
vt 0.647029 -0.436081
vt 0.659670 -0.441921
vt 0.660293 -0.448711
vt 0.654190 -0.436010
vt 0.650641 -0.435518
vt 0.645472 -0.459934
vt 0.656245 -0.459829
vt 0.647589 -0.468871
vt 0.654253 -0.468835
vt 0.881613 -0.919170
vt 0.993331 -0.905695
vt 0.993331 -0.990062
vt 0.881613 -0.990062
vt 0.732094 -0.419087
vt 0.732344 -0.423274
vt 0.746480 -0.423274
vt 0.881613 -0.842543
vt 0.746480 -0.419087
vt 0.708306 -0.441358
vt 0.709614 -0.431542
vt 0.698093 -0.442976
vt 0.537739 -0.902177
vt 0.537739 -0.989781
vt 0.608980 -0.989781
vt 0.476275 -0.866361
vt 0.476275 -0.989781
vt 0.790009 -0.497403
vt 0.785650 -0.447480
vt 0.772884 -0.497403
vt 0.690683 -0.989711
vt 0.715841 -0.890285
vt 0.608980 -0.884023
vt 0.615519 -0.845146
vt 0.615519 -0.875192
vt 0.636941 -0.875192
vt 0.398371 -0.966385
vt 0.398371 -0.989781
vt 0.425460 -0.959278
vt 0.547080 -0.875192
vt 0.425460 -0.989781
vt 0.425460 -0.866361
vt 0.609727 -0.953473
vt 0.360384 -0.866361
vt 0.638186 -0.845146
vt 0.962133 -0.434779
vt 0.955905 -0.440197
vt 0.974151 -0.446002
vt 0.693921 -0.875614
vt 0.660916 -0.875614
vt 0.671752 -0.836069
vt 0.649956 -0.836069
vt 0.714720 -0.836069
vt 0.991401 -0.440936
vt 0.986793 -0.434779
vt 0.974649 -0.415780
vt 0.962133 -0.418313
vt 0.986793 -0.419404
vt 0.959579 -0.459794
vt 0.988101 -0.459794
vt 0.727424 -0.875614
vt 0.632083 -0.654950
vt 0.669946 -0.593205
vt 0.641985 -0.579132
vt 0.632083 -0.646014
vt 0.590360 -0.603478
vt 0.634076 -0.836069
vt 0.682961 -0.624447
vt 0.593847 -0.561119
vt 0.666022 -0.557671
vt 0.368729 -0.603302
vt 0.365304 -0.639857
vt 0.404163 -0.639857
vt 0.552249 -0.604499
vt 0.552249 -0.561119
vt 0.365989 -0.654071
vt 0.404848 -0.654071
vt 0.365304 -0.678769
vt 0.405346 -0.678769
vt 0.397063 -0.603302
vt 0.642794 -0.561119
vt 0.552249 -0.650376
vt 0.594221 -0.650728
vt 0.552249 -0.836069
vt 0.671814 -0.672295
vt 0.714347 -0.672119
vt 0.722318 -0.650975
vt 0.595778 -0.836069
vt 0.790071 -0.557671
vt 0.789760 -0.584304
vt 0.754762 -0.585043
vt 0.755073 -0.557671
vt 0.720948 -0.557671
vt 0.720574 -0.584445
vt 0.358828 -0.719369
vt 0.376264 -0.746037
vt 0.403913 -0.746037
vt 0.411635 -0.719369
vt 0.783221 -0.606926
vt 0.581642 -0.514397
vt 0.625545 -0.506551
vt 0.659608 -0.547468
vt 0.433929 -0.612978
vt 0.532633 -0.619873
vt 0.532633 -0.547855
vt 0.322024 -0.558761
vt 0.319097 -0.590426
vt 0.356461 -0.594753
vt 0.426270 -0.684257
vt 0.447318 -0.778616
vt 0.532633 -0.739212
vt 0.486799 -0.663324
vt 0.146786 -0.700406
vt 0.282107 -0.623005
vt 0.196045 -0.627789
vt 0.601383 -0.547468
vt 0.375205 -0.592044
vt 0.413504 -0.750752
vt 0.215038 -0.723626
vt 0.462264 -0.547855
vt 0.435175 -0.523931
vt 0.434988 -0.555032
vt 0.337156 -0.603936
vt 0.532633 -0.533923
vt 0.486737 -0.645662
vt 0.354157 -0.812813
vt 0.376825 -0.771967
vt 0.548201 -0.547468
vt 0.412320 -0.515698
vt 0.957711 -0.406387
vt 0.994141 -0.229138
vt 0.917732 -0.211019
vt 0.995885 -0.153425
vt 0.975459 -0.185793
vt 0.320841 -0.655267
vt 0.291510 -0.775591
vt 0.670008 -0.476787
vt 0.736827 -0.442413
vt 0.714284 -0.462678
vt 0.617636 -0.489698
vt 0.343259 -0.715112
vt 0.993767 -0.627332
vt 0.934919 -0.618923
vt 0.970041 -0.642285
vt 0.909200 -0.561013
vt 0.909449 -0.620436
vt 0.934794 -0.561998
vt 0.936476 -0.533888
vt 0.929501 -0.519322
vt 0.928318 -0.540502
vt 0.919413 -0.634826
vt 0.993767 -0.591622
vt 0.929439 -0.543668
vt 0.961136 -0.538426
vt 0.993767 -0.553062
vt 0.993767 -0.471404
vt 0.971287 -0.471404
vt 0.968920 -0.500535
vt 0.125925 -0.872905
vt 0.213170 -0.871955
vt 0.169890 -0.884374
vt 0.971287 -0.675813
vt 0.929501 -0.491985
vt 0.993767 -0.515346
vt 0.893320 -0.541206
vt 0.924706 -0.471404
vt 0.901167 -0.683342
vt 0.923772 -0.696289
vt 0.899299 -0.692419
vt 0.993767 -0.665012
vt 0.769209 -0.522031
vt 0.744549 -0.522031
vt 0.744549 -0.550212
vt 0.769209 -0.550212
vt 0.787455 -0.522031
vt 0.787455 -0.550212
vt 0.721633 -0.522031
vt 0.721633 -0.550212
vt 0.726864 -0.950623
vt 0.794057 -0.950623
vt 0.794057 -0.890989
vt 0.726864 -0.993440
vt 0.794057 -0.993440
vt 0.726864 -0.917587
vt 0.726864 -0.890989
vt 0.907456 -0.466865
vt 0.901852 -0.448535
vt 0.897244 -0.466865
vt 0.929501 -0.509190
vt 0.907456 -0.527027
vt 0.917296 -0.527027
vt 0.917296 -0.466865
vt 0.888276 -0.466865
vt 0.888276 -0.527027
vt 0.897244 -0.527027
vt 0.925516 -0.533430
vt 0.215038 -0.766478
vt 0.215038 -0.855842
vt 0.139438 -0.855842
vt 0.418921 -0.855842
vt 0.273949 -0.855842
vt 0.532633 -0.855842
vt 0.090927 -0.855842
vt 0.008477 -0.855842
vt 0.008477 -0.766478
vt 0.124928 -0.743364
vt 0.138130 -0.792865
vt 0.110419 -0.773867
vt 0.378755 -0.010022
vt 0.356959 -0.022089
vt 0.378755 -0.049461
vt 0.398496 -0.020858
vt 0.299232 -0.412579
vt 0.262304 -0.451526
vt 0.104876 -0.497509
vt 0.044222 -0.519920
vt 0.070751 -0.499550
vt 0.239325 -0.368038
vt 0.061036 -0.527590
vt 0.007854 -0.503209
vt 0.006422 -0.526112
vt 0.036562 -0.547362
vt 0.140123 -0.468519
vt 0.189257 -0.418947
vt 0.255703 -0.311007
vt 0.187825 -0.512989
vt 0.131343 -0.545814
vt 0.200591 -0.484843
vt 0.322460 -0.966385
vt 0.295371 -0.866361
vt 0.291261 -0.989781
vt 0.244556 -0.866361
vt 0.244556 -0.989781
vt 0.322460 -0.989781
vt 0.111789 -0.884023
vt 0.007045 -0.886485
vt 0.033449 -0.990485
vt 0.183092 -0.902177
vt 0.183092 -0.989781
vt 0.005675 -0.990590
vt 0.111789 -0.989781
vt 0.993331 -0.704980
vt 0.993331 -0.774746
vt 0.881613 -0.773163
vt 0.881613 -0.706422
vt 0.689250 -0.419087
vt 0.689250 -0.444841
vt 0.707310 -0.419087
vt 0.722255 -0.419087
vt 0.721383 -0.423274
vt 0.993331 -0.834134
vt 0.452051 -0.418419
vt 0.452549 -0.457401
vt 0.472850 -0.451068
vt 0.472352 -0.424013
vt 0.461641 -0.505601
vt 0.461641 -0.468624
vt 0.429010 -0.468624
vt 0.391272 -0.468624
vt 0.391272 -0.505601
vt 0.766220 -0.777455
vt 0.802339 -0.847292
vt 0.778862 -0.847644
vt 0.487235 -0.505601
vt 0.487235 -0.468624
vt 0.509716 -0.495187
vt 0.509716 -0.476153
vt 0.429010 -0.505601
vt 0.811555 -0.917446
vt 0.006173 -0.038520
vt 0.006173 -0.007489
vt 0.071062 -0.007489
vt 0.521486 -0.495187
vt 0.103693 -0.855842
vt 0.071062 -0.038520
vt 0.750714 -0.725913
vt 0.746978 -0.700054
vt 0.741747 -0.702165
vt 0.521050 -0.476153
vt 0.814794 -0.990062
vt 0.823948 -0.709905
vt 0.766220 -0.631730
vt 0.689250 -0.460145
vt 0.881613 -0.641159
vt 0.802526 -0.221714
vt 0.782723 -0.185617
vt 0.740252 -0.213200
vt 0.760055 -0.249297
vt 0.829428 -0.270653
vt 0.724248 -0.774324
vt 0.724248 -0.721832
vt 0.740003 -0.774324
vt 0.740003 -0.721832
vt 0.798976 -0.290426
vt 0.853154 -0.313892
vt 0.821270 -0.608509
vt 0.809189 -0.602880
vt 0.821270 -0.594999
vt 0.821270 -0.580258
vt 0.843813 -0.580258
vt 0.843813 -0.623954
vt 0.821270 -0.623954
vt 0.852780 -0.608509
vt 0.852780 -0.623954
vt 0.852780 -0.594999
vt 0.852780 -0.580258
vt 0.880056 -0.608509
vt 0.880056 -0.623954
vt 0.880056 -0.594999
vt 0.880056 -0.580258
vt 0.430006 -0.419510
vt 0.430006 -0.457507
vt 0.410577 -0.419510
vt 0.420665 -0.407548
vt 0.410577 -0.457507
vt 0.714284 -0.513376
vt 0.714284 -0.547468
vt 0.714284 -0.525760
vt 0.279678 -0.558445
vt 0.226434 -0.589511
vt 0.248479 -0.573116
vt 0.841322 -0.229138
vt 0.877814 -0.406387
vt 0.860004 -0.185793
vt 0.838022 -0.153425
vt 0.449934 -0.248066
vt 0.449934 -0.228645
vt 0.433244 -0.228645
vt 0.433244 -0.248066
vt 0.888588 -0.684257
vt 0.893320 -0.575016
vt 0.893320 -0.560098
vt 0.893320 -0.620401
vt 0.806262 -0.538567
vt 0.806262 -0.493357
vt 0.797668 -0.493357
vt 0.840263 -0.482908
vt 0.806262 -0.482908
vt 0.812614 -0.441358
vt 0.797668 -0.538567
vt 0.851410 -0.482908
vt 0.860938 -0.426687
vt 0.806262 -0.549614
vt 0.853154 -0.565728
vt 0.851099 -0.551092
vt 0.851099 -0.490508
vt 0.881052 -0.482908
vt 0.893320 -0.633102
vt 0.893320 -0.675321
vt 0.880741 -0.425807
vt 0.881052 -0.573257
vt 0.881052 -0.553660
vt 0.881052 -0.490226
vt 0.165531 -0.220061
vt 0.110232 -0.231741
vt 0.150834 -0.276634
vt 0.084326 -0.253097
vt 0.052629 -0.224670
vt 0.034632 -0.250845
vt 0.348926 -0.520342
vt 0.340270 -0.476540
vt 0.372964 -0.490543
vt 0.293689 -0.532516
vt 0.297862 -0.472846
vt 0.156688 -0.175907
vt 0.114591 -0.171720
vt 0.139563 -0.135166
vt 0.006422 -0.048793
vt 0.173751 -0.064731
vt 0.083454 -0.139599
vt 0.189132 -0.135764
vt 0.032639 -0.158386
vt 0.006422 -0.163945
vt 0.016261 -0.204088
vt 0.029712 -0.206867
vt 0.236585 -0.525620
vt 0.247296 -0.482240
vt 0.063216 -0.181395
vt 0.006422 -0.202857
vt 0.064710 -0.441851
vt 0.222075 -0.328458
vt 0.152391 -0.336022
vt 0.130720 -0.414443
vt 0.006422 -0.450928
vt 0.089370 -0.338414
vt 0.074300 -0.399596
vt 0.548201 -0.517070
vt 0.917732 -0.458597
vt 0.008477 -0.723626
vt 0.072183 -0.702517
vt 0.093854 -0.745193
vt 0.110419 -0.741675
vt 0.381059 -0.554927
vt 0.381059 -0.530932
vt 0.381059 -0.594929
vt 0.381059 -0.576705
vt 0.409394 -0.594929
vt 0.381059 -0.515276
vt 0.405283 -0.515030
vt 0.405283 -0.525303
vt 0.084015 -1.006704
vt 0.084015 -1.046354
vt 0.112847 -1.006704
vt 0.112847 -1.046354
vt 0.733278 -1.880528
vt 0.761363 -1.880528
vt 0.733278 -1.785079
vt 0.761363 -1.785079
vt 0.368231 -0.387353
vt 0.368231 -0.449626
vt 0.395880 -0.387247
vt 0.319471 -0.387177
vt 0.395880 -0.459582
vt 0.395880 -0.314877
vt 0.368231 -0.325080
vt 0.355402 -0.350904
vt 0.112847 -0.006715
vt 0.112847 -0.046330
vt 0.084015 -0.046330
vt 0.084015 -0.006715
vt 2.048430 -0.329478
vt 2.032924 -0.285394
vt 2.232946 -0.329478
vt 2.959553 -0.557882
vt 2.995173 -0.622301
vt 2.914778 -0.652910
vt 2.811841 -0.535224
vt 2.641709 -0.630463
vt 2.464541 -0.712192
vt 2.500660 -0.724682
vt 2.464541 -0.735412
vt 2.349149 -0.737981
vt 2.836687 -0.515593
vt 2.248764 -0.285394
vt 2.087600 -0.342918
vt 2.012499 -0.348582
vt 2.063563 -0.278675
vt 2.047932 -0.375637
vt 2.047932 -0.350447
vt 2.243284 -0.375637
vt 2.243284 -0.350447
vt 2.573520 -0.520659
vt 2.028877 -0.362338
vt 2.349149 -0.702869
vt 2.012499 -0.260098
vt 3.012485 -0.260098
vt 3.012485 -0.348582
vt 3.063550 -0.278675
vt 3.087587 -0.342918
vt 1.018428 -0.089429
vt 1.017618 -0.065927
vt 1.037608 -0.065997
vt 1.221813 -0.148254
vt 1.222996 -0.007805
vt 1.253572 -0.007805
vt 1.257309 -0.154973
vt 1.286702 -0.007805
vt 1.036861 -0.088584
vt 1.718879 -0.379789
vt 1.718879 -0.286907
vt 1.784204 -0.379789
vt 1.187064 -0.078909
vt 1.187064 -0.097380
vt 1.171994 -0.078909
vt 1.693721 -0.169539
vt 1.693908 -0.089569
vt 1.706425 -0.078135
vt 1.703124 -0.379789
vt 1.802139 -0.379789
vt 1.832279 -0.263370
vt 1.830473 -0.379789
vt 1.991824 -0.250810
vt 1.978497 -0.264215
vt 1.906136 -0.250810
vt 1.835642 -0.214994
vt 1.802139 -0.214994
vt 1.784204 -0.286907
vt 1.703124 -0.275614
vt 1.802139 -0.275614
vt 1.750763 -0.214994
vt 1.263910 -0.060227
vt 1.266463 -0.043199
vt 1.295420 -0.060122
vt 1.187127 -0.043234
vt 1.187002 -0.056920
vt 1.170873 -0.043234
vt 1.295607 -0.045028
vt 1.683819 -0.169539
vt 1.279291 -0.136819
vt 1.259550 -0.130381
vt 1.266712 -0.116800
vt 1.844983 -0.263370
vt 1.170749 -0.056392
vt 1.168880 -0.097345
vt 1.978497 -0.345732
vt 1.906136 -0.345732
vt 1.906136 -0.264215
vt 1.706175 -0.181184
vt 1.717634 -0.156134
vt 1.750763 -0.197403
vt 1.802139 -0.197403
vt 1.253697 -0.096922
vt 1.253697 -0.078276
vt 1.268456 -0.097063
vt 1.991824 -0.368917
vt 1.703124 -0.214994
vt 1.724110 -0.174077
vt 1.161594 -0.108603
vt 1.186753 -0.103783
vt 1.186628 -0.127179
vt 1.683819 -0.089569
vt 1.906136 -0.368917
vt 1.283339 -0.119615
vt 1.266214 -0.078522
vt 1.286453 -0.157366
vt 1.703124 -0.197403
vt 1.724297 -0.085559
vt 1.161719 -0.127003
vt 1.006409 -0.094073
vt 1.055169 -0.076446
vt 1.077152 -0.217070
vt 1.076965 -0.248171
vt 1.127344 -0.225092
vt 1.137619 -0.178686
vt 1.162964 -0.225092
vt 1.127593 -0.263898
vt 1.162528 -0.264004
vt 1.003731 -0.224670
vt 1.200827 -0.184562
vt 1.199021 -0.261717
vt 1.246037 -0.251197
vt 1.238813 -0.227906
vt 1.192856 -0.225725
vt 1.064821 -0.208310
vt 1.861610 -0.380809
vt 1.896670 -0.380809
vt 1.861610 -0.338872
vt 1.861610 -0.344290
vt 1.896670 -0.344290
vt 1.896670 -0.330850
vt 1.861859 -0.330850
vt 1.861859 -0.265622
vt 1.003731 -0.250775
vt 1.896670 -0.338872
vt 1.896670 -0.265622
vt 1.648635 -0.317164
vt 1.648635 -0.388584
vt 1.687743 -0.317164
vt 1.609589 -0.317164
vt 1.146773 -0.127250
vt 1.146088 -0.007805
vt 1.602241 -0.325749
vt 1.602241 -0.315053
vt 1.577519 -0.325749
vt 1.687743 -0.388584
vt 1.188061 -0.007805
vt 1.321388 -0.184597
vt 1.321388 -0.007805
vt 1.115138 -0.184562
vt 1.115138 -0.007805
vt 1.602241 -0.343621
vt 1.577519 -0.343621
vt 1.602241 -0.367967
vt 1.355078 -0.007805
vt 1.861859 -0.238285
vt 1.896670 -0.250986
vt 1.896670 -0.261506
vt 1.982234 -0.204440
vt 1.996183 -0.182134
vt 1.977189 -0.186989
vt 1.833649 -0.204440
vt 1.861797 -0.209295
vt 1.852518 -0.186989
vt 1.888574 -0.228223
vt 1.885648 -0.238320
vt 1.912363 -0.243879
vt 1.858123 -0.221116
vt 1.912301 -0.233465
vt 1.931232 -0.230580
vt 1.931294 -0.239306
vt 1.945741 -0.235119
vt 1.944060 -0.225655
vt 1.861610 -0.250986
vt 1.861610 -0.309248
vt 1.896670 -0.309248
vt 1.960313 -0.194835
vt 1.975757 -0.212919
vt 1.951222 -0.220835
vt 1.965046 -0.222946
vt 1.908190 -0.112508
vt 1.919649 -0.152651
vt 1.935093 -0.112719
vt 1.888948 -0.152651
vt 1.886270 -0.117574
vt 1.868523 -0.152651
vt 1.869643 -0.118419
vt 1.852518 -0.116202
vt 1.852518 -0.152651
vt 1.921268 -0.089569
vt 1.967973 -0.152651
vt 1.967973 -0.116202
vt 1.967973 -0.091927
vt 1.944247 -0.089042
vt 1.938331 -0.152651
vt 1.908440 -0.152651
vt 1.904766 -0.097415
vt 1.885523 -0.095761
vt 1.852518 -0.091927
vt 1.870640 -0.095656
vt 1.905949 -0.073948
vt 1.949478 -0.060790
vt 1.922264 -0.062373
vt 1.881973 -0.071661
vt 1.880541 -0.077748
vt 1.906883 -0.042460
vt 1.967973 -0.066173
vt 1.967973 -0.040736
vt 1.852518 -0.040736
vt 1.852518 -0.066173
vt 1.947049 -0.040384
vt 1.924257 -0.042038
vt 1.384035 -0.197614
vt 1.384035 -0.148254
vt 1.339696 -0.148254
vt 1.428623 -0.148254
vt 1.339696 -0.197614
vt 1.428623 -0.197614
vt 1.053737 -0.097485
vt 1.071111 -0.092630
vt 1.087427 -0.091751
vt 1.103618 -0.106457
vt 1.104863 -0.094600
vt 1.071111 -0.079789
vt 1.087489 -0.080985
vt 1.006409 -0.106457
vt 1.037483 -0.156557
vt 1.052865 -0.156557
vt 1.036487 -0.118489
vt 1.087427 -0.104416
vt 1.054297 -0.122254
vt 1.018801 -0.119580
vt 1.006409 -0.128270
vt 1.006409 -0.156557
vt 1.019860 -0.156557
vt 1.071111 -0.105155
vt 1.071111 -0.116062
vt 1.103618 -0.128270
vt 1.087427 -0.115077
vt 1.103618 -0.156557
vt 1.078397 -0.156557
vt 1.967973 -0.009494
vt 1.930235 -0.009494
vt 1.905201 -0.009494
vt 1.881413 -0.009494
vt 1.852518 -0.009494
vt 1.539034 -0.278956
vt 1.539034 -0.180445
vt 1.669061 -0.180445
vt 1.470595 -0.153672
vt 1.438213 -0.153707
vt 1.463994 -0.164121
vt 1.445437 -0.163558
vt 1.669061 -0.278956
vt 1.480123 -0.180445
vt 1.481306 -0.180445
vt 1.481306 -0.152898
vt 1.539034 -0.152898
vt 1.539034 -0.307595
vt 1.427066 -0.261963
vt 1.694281 -0.180445
vt 1.669061 -0.152898
vt 1.694281 -0.278956
vt 1.669061 -0.307595
vt 1.480310 -0.261893
vt 1.591156 -0.483225
vt 1.598256 -0.472881
vt 1.598256 -0.491458
vt 1.744661 -0.472881
vt 1.739741 -0.491458
vt 1.750141 -0.491458
vt 1.750141 -0.472881
vt 1.071049 -0.006222
vt 1.055730 -0.006222
vt 1.038231 -0.006222
vt 1.017307 -0.006222
vt 1.098138 -0.006222
vt 1.087489 -0.006222
vt 1.609589 -0.388584
vt 1.104863 -0.006328
vt 1.006409 -0.006222
vt 1.765273 -0.472881
vt 1.772995 -0.472881
vt 1.772995 -0.491458
vt 1.765273 -0.491458
vt 1.587233 -0.388936
vt 1.483797 -0.245040
vt 1.483797 -0.388936
vt 1.259426 -0.219463
vt 1.290500 -0.227132
vt 1.283277 -0.167956
vt 1.236696 -0.193991
vt 1.235326 -0.164261
vt 1.385218 -0.076939
vt 1.385218 -0.139563
vt 1.368654 -0.139563
vt 1.368654 -0.076939
vt 1.385218 -0.009002
vt 1.368654 -0.009002
vt 1.419780 -0.076939
vt 1.437777 -0.076939
vt 1.419780 -0.009002
vt 1.419780 -0.139563
vt 1.437777 -0.139563
vt 1.437777 -0.009002
vt 1.402468 -0.009002
vt 1.402468 -0.139563
vt 1.402468 -0.076939
vt 1.778164 -0.104874
vt 1.764339 -0.078839
vt 1.791303 -0.078839
vt 1.564815 -0.142061
vt 1.510948 -0.142061
vt 1.541836 -0.067967
vt 1.829851 -0.078839
vt 1.842803 -0.078839
vt 1.842803 -0.102516
vt 1.564317 -0.067967
vt 1.603300 -0.067967
vt 1.676097 -0.142061
vt 1.641909 -0.142061
vt 1.676097 -0.067967
vt 1.794666 -0.096993
vt 1.445188 -0.142061
vt 1.445188 -0.067967
vt 1.813909 -0.098682
vt 1.813161 -0.078839
vt 1.828792 -0.098787
vt 1.755185 -0.105366
vt 1.494508 -0.067967
vt 1.608593 -0.142061
vt 1.644089 -0.067967
vt 1.733078 -0.102516
vt 1.733078 -0.078839
vt 1.842803 -0.128235
vt 1.818890 -0.116695
vt 1.777167 -0.132070
vt 1.749954 -0.133653
vt 1.733078 -0.128235
vt 1.817458 -0.122746
vt 1.793483 -0.120495
vt 1.792549 -0.151948
vt 1.733078 -0.153707
vt 1.842803 -0.153707
vt 1.752382 -0.154023
vt 1.775175 -0.152370
vt 1.818019 -0.184914
vt 1.769196 -0.184914
vt 1.733078 -0.184914
vt 1.842803 -0.184914
vt 1.794230 -0.184914
vt 1.683944 -0.066630
vt 1.697893 -0.044325
vt 1.702875 -0.061775
vt 1.767764 -0.004885
vt 1.767764 -0.015299
vt 1.748833 -0.009459
vt 1.791552 -0.020541
vt 1.794479 -0.010444
vt 1.818330 -0.039470
vt 1.821942 -0.027648
vt 1.827546 -0.061775
vt 1.846415 -0.044325
vt 1.748895 -0.018184
vt 1.792051 -0.029372
vt 1.811418 -0.046647
vt 1.719751 -0.053930
vt 1.715081 -0.025819
vt 1.731334 -0.042636
vt 1.736004 -0.023110
vt 1.734385 -0.013646
vt 1.704370 -0.035846
vt 1.752445 -0.045134
vt 1.750203 -0.030533
vt 1.767577 -0.025678
vt 1.792362 -0.039505
vt 1.770068 -0.040525
vt 1.731583 -0.064273
vt 1.712154 -0.073737
vt 1.810733 -0.059840
vt 1.827546 -0.073737
vt 1.792798 -0.060720
vt 1.534301 -0.006891
vt 1.773556 -0.063288
vt 1.606538 -0.006891
vt 1.568053 -0.006891
vt 1.445188 -0.006891
vt 1.484108 -0.006891
vt 1.642345 -0.006891
vt 1.676097 -0.006891
vt 1.756679 -0.063394
vt 1.358129 -0.121726
vt 1.354268 -0.043304
vt 1.915913 -0.152511
vt 1.906572 -0.185476
vt 1.923447 -0.185371
vt 1.948544 -0.184491
vt 1.967973 -0.175027
vt 1.887329 -0.188045
vt 1.869394 -0.188924
vt 1.852518 -0.175027
vt 1.929924 -0.218231
vt 1.868709 -0.202118
vt 1.946115 -0.208697
vt 1.912487 -0.223086
vt 1.888076 -0.219392
vt 1.322447 -0.202188
vt 0.438164 -0.153707
vt 0.427079 -0.261963
vt 0.445388 -0.163558
vt 0.480323 -0.261893
vt 0.470608 -0.153672
vt 0.463945 -0.164121
vt 1.107915 -0.164824
vt 1.095958 -0.164824
vt 1.107915 -0.188502
vt 1.095958 -0.188502
vt 1.005911 -0.164824
vt 1.005911 -0.188502
s 1
usemtl diss_01.png
f 1/1/1 2/2/2 3/3/3
f 4/4/4 5/5/5 6/6/6
f 7/7/7 8/8/8 9/9/9
f 7/7/7 10/10/10 8/8/8
f 11/11/11 12/12/12 13/13/13
f 14/14/14 13/13/13 15/15/15
f 13/13/13 14/14/14 16/16/16
f 17/17/17 14/14/14 15/15/15
f 13/13/13 18/18/18 11/11/11
f 16/16/16 14/14/14 19/19/19
f 13/13/13 12/12/12 15/15/15
f 20/20/20 21/21/21 22/22/22
f 23/23/23 24/24/24 21/21/21
f 25/25/25 26/26/26 27/27/27
f 28/28/28 29/29/29 30/30/30
f 31/31/31 21/21/21 32/32/32
f 32/32/32 21/21/21 33/33/33
f 34/34/34 35/35/35 36/36/36
f 37/37/37 38/38/38 39/39/39
f 21/21/21 31/31/31 22/22/22
f 40/40/40 29/29/29 28/28/28
f 31/31/31 4/4/4 41/41/41
f 42/42/42 43/43/43 44/44/44
f 45/45/45 1/1/1 46/46/46
f 14/14/14 47/47/47 19/19/19
f 48/48/48 49/49/49 29/29/29
f 3/3/3 2/2/2 34/34/34
f 29/29/29 40/40/40 48/48/48
f 41/41/41 22/22/22 31/31/31
f 50/50/50 51/51/51 52/52/52
f 21/21/21 20/20/20 12/12/12
f 46/46/46 53/53/53 45/45/45
f 54/54/54 55/55/55 56/56/56
f 20/20/20 57/57/57 58/58/58
f 31/31/31 32/32/32 59/59/59
f 34/34/34 60/60/60 3/3/3
f 1/1/1 45/45/45 2/2/2
f 61/61/61 39/39/39 38/38/38
f 15/15/15 20/20/20 58/58/58
f 62/62/62 63/63/63 37/37/37
f 64/64/64 65/65/65 66/40/66
f 67/66/67 68/67/67 69/68/67
f 70/69/68 5/5/5 27/27/27
f 12/12/12 23/23/23 21/21/21
f 49/49/49 71/70/69 29/29/29
f 51/51/51 72/67/70 52/52/52
f 3/3/3 33/33/33 1/1/1
f 30/30/30 25/25/25 27/27/27
f 12/12/12 20/20/20 15/15/15
f 59/59/59 40/40/40 28/28/28
f 33/33/33 73/71/71 32/32/32
f 45/45/45 38/38/38 2/2/2
f 74/72/72 75/66/73 76/73/74
f 38/38/38 37/37/37 2/2/2
f 73/71/71 77/74/75 32/32/32
f 77/74/75 59/59/59 32/32/32
f 24/24/24 23/23/23 11/11/11
f 33/33/33 3/3/3 73/71/71
f 28/28/28 4/4/4 59/59/59
f 37/37/37 78/75/76 34/34/34
f 29/29/29 71/70/69 30/30/30
f 46/46/46 1/1/1 33/33/33
f 40/40/40 59/59/59 77/74/75
f 59/59/59 4/4/4 31/31/31
f 11/11/11 23/23/23 12/12/12
f 20/20/20 22/22/22 57/57/57
f 4/4/4 28/28/28 5/5/5
f 15/15/15 58/58/58 17/17/17
f 28/28/28 30/30/30 5/5/5
f 27/27/27 5/5/5 30/30/30
f 74/72/72 76/73/74 79/68/77
f 80/76/78 81/76/78 82/76/78
f 77/74/75 60/60/60 83/77/79
f 34/34/34 36/36/36 60/60/60
f 77/74/75 73/71/71 3/3/3
f 83/77/79 60/60/60 36/36/36
f 3/3/3 60/60/60 77/74/75
f 84/78/80 85/79/81 86/80/82
f 83/77/79 40/40/40 77/74/75
f 37/37/37 34/34/34 2/2/2
f 78/75/76 37/37/37 63/63/63
f 87/81/83 49/49/49 48/48/48
f 88/68/84 89/66/84 90/67/84
f 39/39/39 91/82/85 37/37/37
f 92/83/86 93/84/87 94/85/88
f 95/86/89 96/87/90 97/88/91
f 98/89/92 19/19/19 47/47/47
f 47/47/47 93/84/87 92/83/86
f 99/90/93 100/91/93 101/67/93
f 58/58/58 102/92/94 17/17/17
f 94/85/88 93/84/87 17/17/17
f 14/14/14 93/84/87 47/47/47
f 103/66/95 104/67/95 105/68/95
f 22/22/22 41/41/41 97/88/91
f 97/88/91 41/41/41 95/86/89
f 72/67/70 106/93/96 52/52/52
f 58/58/58 57/57/57 107/94/97
f 108/95/98 109/66/99 110/96/100
f 111/67/101 79/68/77 76/73/74
f 93/84/87 14/14/14 17/17/17
f 112/97/102 113/98/102 114/99/102
f 64/64/64 66/40/66 115/100/103
f 110/96/100 116/68/104 108/95/98
f 116/68/104 110/96/100 117/101/105
f 97/88/91 57/57/57 22/22/22
f 118/67/106 117/101/105 110/96/100
f 119/66/107 120/73/108 121/68/108
f 116/68/109 122/66/110 123/67/110
f 124/67/111 121/68/108 120/73/108
f 125/68/112 126/66/113 127/102/114
f 128/67/114 125/68/112 127/102/114
f 106/93/96 72/67/70 125/68/115
f 125/68/115 129/66/116 106/93/96
f 130/103/117 131/104/118 132/105/118
f 133/106/119 132/105/118 131/104/118
f 56/56/56 55/55/55 134/107/120
f 4/4/4 134/107/120 41/41/41
f 39/39/39 61/61/61 135/108/121
f 55/55/55 136/109/122 134/107/120
f 136/109/122 137/110/123 134/107/120
f 138/111/124 139/112/125 140/113/126
f 137/110/123 141/114/127 134/107/120
f 44/44/44 43/43/43 142/115/128
f 43/43/43 143/116/129 142/115/128
f 134/107/120 141/114/127 41/41/41
f 138/111/124 39/39/39 139/112/125
f 144/117/130 143/116/129 145/118/131
f 139/112/125 146/119/132 140/113/126
f 134/107/120 4/4/4 6/6/6
f 147/120/133 148/121/134 149/122/135
f 135/108/121 139/112/125 39/39/39
f 139/112/125 150/123/136 146/119/132
f 151/124/137 150/123/136 139/112/125
f 145/118/131 143/116/129 43/43/43
f 139/112/125 135/108/121 152/125/138
f 148/121/134 142/115/128 143/116/129
f 153/126/139 48/48/48 154/100/140
f 155/127/141 154/100/140 83/77/79
f 134/107/120 6/6/6 56/56/56
f 154/100/140 48/48/48 40/40/40
f 40/40/40 83/77/79 154/100/140
f 48/48/48 153/126/139 87/81/83
f 156/128/142 86/80/82 85/79/81
f 143/116/129 149/122/135 148/121/134
f 149/122/135 143/116/129 144/117/130
f 36/36/36 155/127/141 83/77/79
f 155/127/141 36/36/36 157/129/143
f 158/130/144 151/124/137 139/112/125
f 156/128/142 159/131/145 86/80/82
f 158/130/144 152/125/138 160/132/146
f 152/125/138 158/130/144 139/112/125
f 153/126/139 161/133/147 162/134/148
f 161/133/147 153/126/139 154/100/140
f 154/100/140 155/127/141 161/133/147
f 149/122/135 163/135/149 147/120/133
f 160/132/146 164/136/150 158/130/144
f 165/137/151 166/138/151 167/139/151
f 168/140/152 169/139/153 170/141/154
f 169/139/153 171/138/155 170/141/154
f 172/142/156 173/143/157 174/144/158
f 175/145/159 173/143/157 172/142/156
f 176/146/160 174/144/158 173/143/157
f 176/146/160 173/143/157 177/147/161
f 178/148/162 177/147/161 173/143/157
f 178/148/162 173/143/157 179/149/163
f 175/145/159 179/149/163 173/143/157
f 180/150/164 176/146/160 177/147/161
f 181/151/165 182/152/166 183/153/167
f 184/154/168 185/155/169 182/152/166
f 186/156/170 183/153/167 185/155/169
f 187/157/171 184/154/168 182/152/166
f 185/155/169 183/153/167 182/152/166
f 188/158/172 189/159/173 190/160/174
f 190/160/174 191/161/175 188/158/172
f 189/159/173 188/158/172 192/162/176
f 191/161/175 192/162/176 188/158/172
f 193/163/177 189/159/173 192/162/176
f 189/159/173 193/163/177 194/164/178
f 195/165/179 189/159/173 194/164/178
f 190/160/174 189/159/173 195/165/179
f 196/166/180 197/167/181 198/168/182
f 199/169/183 196/166/180 198/168/182
f 200/170/184 201/171/185 202/172/186
f 203/173/187 200/170/184 202/172/186
f 202/172/186 204/174/188 203/173/187
f 205/171/189 206/175/190 207/176/191
f 206/175/190 208/177/192 207/176/191
f 209/177/193 210/176/194 200/170/184
f 210/176/194 201/171/185 200/170/184
f 211/169/195 212/166/196 213/168/197
f 214/167/198 213/168/197 212/166/196
f 215/178/199 216/179/200 217/180/201
f 216/179/200 218/181/202 217/180/201
f 219/182/203 216/179/200 220/183/204
f 215/178/199 220/183/204 216/179/200
f 221/184/205 222/185/206 223/186/207
f 224/187/208 225/188/209 226/189/210
f 227/190/211 228/191/212 225/188/209
f 229/192/213 230/193/214 231/194/215
f 232/195/216 229/192/213 231/194/215
f 231/194/215 233/196/217 232/195/216
f 228/191/212 226/189/210 225/188/209
f 233/196/217 234/197/218 232/195/216
f 235/198/219 236/199/220 237/200/221
f 237/200/221 236/199/220 238/201/222
f 222/185/206 239/202/223 223/186/207
f 223/186/207 240/203/224 221/184/205
f 241/204/225 230/193/214 229/192/213
f 241/204/225 242/205/226 230/193/214
f 243/206/227 244/207/228 245/208/229
f 246/209/230 247/210/231 243/206/227
f 248/211/232 246/209/230 243/206/227
f 245/208/229 248/211/232 243/206/227
f 248/211/232 249/212/233 246/209/230
f 248/211/232 245/208/229 250/213/234
f 250/213/234 249/212/233 248/211/232
f 251/214/235 252/215/236 253/216/237
f 253/216/237 254/217/238 251/214/235
f 255/218/239 256/219/240 257/220/241
f 258/221/242 257/220/241 256/219/240
f 259/222/243 255/218/239 257/220/241
f 260/223/244 258/221/242 256/219/240
f 261/224/245 258/221/242 260/223/244
f 262/225/246 263/226/247 264/227/248
f 265/228/249 266/229/250 267/230/251
f 266/229/250 268/231/252 267/230/251
f 269/232/253 267/230/251 268/231/252
f 270/233/254 262/225/246 264/227/248
f 263/226/247 262/225/246 271/234/255
f 272/235/256 271/234/255 262/225/246
f 273/236/257 274/237/258 275/238/259
f 273/236/257 275/238/259 276/239/260
f 275/238/259 274/237/258 277/240/261
f 275/238/259 278/241/262 279/242/263
f 280/243/264 279/242/263 278/241/262
f 281/244/265 280/243/264 278/241/262
f 278/241/262 275/238/259 281/244/265
f 275/238/259 277/240/261 281/244/265
f 282/245/266 274/237/258 283/246/267
f 274/237/258 282/245/266 277/240/261
f 275/238/259 279/242/263 284/247/268
f 285/238/269 286/247/269 287/239/269
f 288/248/270 289/249/271 290/250/270
f 291/251/272 288/248/270 290/250/270
f 292/252/273 293/253/274 294/254/275
f 295/255/276 296/256/277 293/253/274
f 297/257/278 294/254/275 293/253/274
f 296/256/277 297/257/278 293/253/274
f 294/254/275 297/257/278 298/258/279
f 299/258/280 300/259/281 301/260/282
f 302/259/283 298/258/279 297/257/278
f 302/259/283 297/257/278 296/256/277
f 156/128/142 298/258/279 302/259/283
f 303/128/284 301/260/282 300/259/281
f 85/79/81 298/258/279 156/128/142
f 304/261/285 305/262/286 306/263/287
f 6/6/6 307/264/288 308/265/289
f 309/265/290 310/56/290 311/6/290
f 6/6/6 5/5/5 312/266/291
f 16/16/16 313/267/292 314/268/293
f 315/269/294 316/270/295 304/261/285
f 306/263/287 315/269/294 304/261/285
f 316/270/295 317/271/296 304/261/285
f 306/263/297 318/272/298 319/273/298
f 16/16/16 18/18/18 13/13/13
f 320/274/299 18/18/18 16/16/16
f 53/53/53 321/275/300 322/276/301
f 38/38/38 322/276/301 323/263/302
f 38/38/38 324/262/303 61/61/61
f 45/45/45 53/53/53 322/276/301
f 16/16/16 314/268/293 320/274/299
f 325/277/304 314/268/293 313/267/292
f 322/276/301 38/38/38 45/45/45
f 314/268/293 326/278/305 320/274/299
f 327/272/306 323/263/302 322/276/301
f 322/276/301 321/275/300 327/272/306
f 313/267/292 328/279/307 325/277/304
f 324/262/303 38/38/38 323/263/302
f 307/264/288 6/6/6 312/266/291
f 329/280/308 330/281/309 331/282/310
f 331/282/310 332/283/311 329/280/308
f 331/282/310 333/284/312 332/283/311
f 334/285/313 335/286/314 336/287/315
f 336/287/315 335/286/314 337/288/316
f 334/285/313 333/284/312 331/282/310
f 331/282/310 335/286/314 334/285/313
f 337/288/316 335/286/314 331/282/310
f 331/282/310 330/281/309 337/288/316
f 337/288/316 338/289/317 336/287/315
f 330/281/309 338/289/317 337/288/316
f 336/287/315 339/290/318 334/285/313
f 324/262/303 340/291/319 341/292/320
f 341/292/320 61/61/61 324/262/303
f 157/129/143 342/293/321 155/127/141
f 343/294/322 344/295/323 345/296/324
f 346/297/325 343/294/322 345/296/324
f 347/298/326 344/295/323 343/294/322
f 343/294/322 161/133/147 347/298/326
f 161/133/147 155/127/141 342/293/321
f 342/293/321 347/298/326 161/133/147
f 348/299/327 349/300/328 350/301/329
f 351/302/330 352/303/331 353/304/332
f 354/305/333 355/306/334 356/307/335
f 352/303/331 357/308/336 353/304/332
f 350/301/329 358/309/329 348/299/327
f 359/310/337 360/311/338 361/312/339
f 362/313/340 363/314/341 364/315/342
f 365/316/343 366/317/343 367/318/343
f 364/315/342 368/319/344 362/313/340
f 361/312/339 360/311/338 369/320/345
f 363/314/341 361/312/339 369/320/345
f 370/321/346 371/322/347 372/323/346
f 366/317/348 373/324/349 367/318/350
f 366/317/343 365/316/343 367/318/343
f 373/324/349 366/317/348 367/318/350
f 356/307/335 352/303/331 354/305/333
f 363/314/341 369/320/345 364/315/342
f 357/308/336 352/303/331 356/307/335
f 374/325/351 375/326/352 376/327/353
f 377/328/354 378/329/355 379/330/356
f 380/331/357 379/330/356 381/332/358
f 382/333/359 383/334/360 384/335/361
f 385/336/362 386/337/363 387/335/363
f 378/329/355 388/328/364 379/330/356
f 389/338/365 385/336/366 390/339/367
f 391/340/368 392/341/369 378/329/355
f 378/329/355 377/328/354 391/340/368
f 393/336/370 394/338/371 395/339/372
f 396/342/373 382/333/359 384/335/361
f 397/337/374 393/336/370 384/335/361
f 396/342/373 398/343/375 382/333/359
f 399/344/376 400/345/377 401/346/378
f 393/336/370 397/337/374 402/326/379
f 392/341/369 403/340/380 378/329/355
f 388/328/364 378/329/355 403/340/380
f 403/340/380 404/347/381 388/328/364
f 402/326/379 394/338/371 393/336/370
f 384/335/361 405/348/382 396/342/373
f 406/347/383 391/340/368 377/328/354
f 388/328/364 404/347/381 381/332/358
f 377/328/354 379/330/356 407/332/384
f 408/334/385 409/333/386 410/335/387
f 379/330/356 380/331/357 407/332/384
f 379/330/356 388/328/364 381/332/358
f 397/337/374 411/327/388 402/326/379
f 412/349/389 413/349/389 414/349/389
f 415/350/390 375/326/352 374/325/351
f 406/347/383 377/328/354 407/332/384
f 416/339/391 417/336/391 418/351/391
f 419/348/392 410/335/387 420/342/393
f 397/337/374 421/352/394 411/327/388
f 374/325/351 385/336/395 415/350/390
f 409/333/386 420/342/393 410/335/387
f 422/345/396 423/344/397 424/346/398
f 425/343/399 420/342/393 409/333/386
f 376/327/353 426/353/400 374/325/351
f 427/354/401 428/355/402 429/356/403
f 427/354/401 430/357/404 431/358/405
f 429/356/403 432/359/406 433/360/407
f 429/356/403 428/355/402 432/359/406
f 434/361/408 435/362/409 429/356/403
f 436/363/410 434/361/408 429/356/403
f 430/357/404 427/354/401 429/356/403
f 429/356/403 433/360/407 437/364/411
f 437/364/411 436/363/410 429/356/403
f 435/362/409 430/357/404 429/356/403
f 438/365/412 427/354/401 431/358/405
f 430/357/404 439/366/413 431/358/405
f 431/358/405 440/367/414 438/365/412
f 439/366/413 441/368/415 431/358/405
f 442/369/416 443/370/417 444/371/418
f 444/371/418 445/372/419 442/369/416
f 446/373/420 447/374/421 448/375/422
f 443/370/417 442/369/416 449/376/423
f 448/375/422 450/377/424 446/373/420
f 448/375/422 451/373/425 450/377/424
f 452/374/426 451/373/425 448/375/422
f 453/370/427 454/369/428 444/371/418
f 445/372/419 444/371/418 454/369/428
f 454/369/428 453/370/427 455/376/429
f 456/378/430 457/379/431 458/380/432
f 459/381/433 460/382/434 461/383/435
f 459/381/433 462/384/436 463/385/437
f 464/386/438 465/387/439 466/388/440
f 460/382/434 459/381/433 463/385/437
f 467/389/441 468/390/442 469/391/443
f 466/388/440 470/323/444 465/387/439
f 471/392/445 472/393/446 473/394/447
f 472/393/446 471/392/445 351/302/330
f 465/387/439 464/386/448 466/388/449
f 474/395/450 475/396/451 476/397/452
f 472/393/446 351/302/330 353/304/332
f 477/398/453 356/307/335 355/306/334
f 463/385/437 462/384/436 476/397/452
f 475/396/451 478/399/454 476/397/452
f 470/323/455 479/322/456 465/387/457
f 476/397/452 480/400/458 474/395/450
f 459/381/433 461/383/435 481/401/459
f 372/323/346 482/386/460 370/321/346
f 474/395/450 480/400/458 483/402/461
f 481/401/459 461/383/435 467/389/441
f 469/391/443 481/401/459 467/389/441
f 479/322/456 470/323/455 465/387/457
f 476/397/452 478/399/454 463/385/437
f 462/384/436 480/400/458 476/397/452
f 470/323/444 466/388/440 465/387/439
f 481/401/459 469/391/443 459/381/433
f 484/403/462 471/392/445 473/394/447
f 485/404/463 486/405/464 487/406/465
f 488/407/466 489/408/467 490/409/468
f 491/409/469 492/410/470 493/408/471
f 490/409/468 494/411/472 488/407/466
f 495/412/473 496/413/474 487/406/465
f 497/414/475 498/415/476 485/404/463
f 499/416/477 497/414/475 496/413/474
f 487/406/465 496/413/474 497/414/475
f 500/417/478 501/418/479 487/406/465
f 489/408/467 502/410/480 490/409/468
f 497/414/475 485/404/463 487/406/465
f 487/406/465 501/418/479 495/412/473
f 487/406/465 486/405/464 500/417/478
f 503/419/481 488/407/466 494/411/472
f 504/420/482 505/421/483 506/422/484
f 507/421/485 508/423/486 509/424/487
f 510/425/488 492/410/470 504/420/482
f 502/410/480 511/425/489 508/423/486
f 507/421/485 512/426/490 508/423/486
f 513/426/491 505/421/483 504/420/482
f 514/424/492 504/420/482 506/422/484
f 515/422/493 507/421/485 509/424/487
f 515/422/493 509/424/487 516/427/494
f 517/428/495 506/422/484 505/421/483
f 518/429/343 519/430/496 520/431/497
f 521/427/498 514/424/492 506/422/484
f 515/422/493 522/428/499 507/421/485
f 523/432/500 524/433/501 516/427/494
f 519/430/496 525/434/502 526/435/503
f 526/435/503 520/431/497 519/430/496
f 525/434/502 527/436/504 528/437/505
f 520/431/497 529/438/343 518/429/343
f 528/437/505 526/435/503 525/434/502
f 516/427/494 530/439/506 515/422/493
f 516/427/494 509/424/487 523/432/500
f 506/422/484 531/439/507 521/427/498
f 532/440/508 533/441/509 534/442/510
f 535/443/511 491/409/469 536/444/512
f 533/441/509 532/440/508 509/424/487
f 537/445/513 513/426/491 535/443/511
f 509/424/487 508/423/486 533/441/509
f 512/426/490 538/443/514 508/423/486
f 539/441/515 540/446/516 510/425/488
f 491/409/469 541/411/517 536/444/512
f 533/441/509 508/423/486 542/425/518
f 535/443/511 513/426/491 504/420/482
f 514/424/492 539/441/515 504/420/482
f 533/441/509 543/446/519 534/442/510
f 535/443/511 536/444/512 537/445/513
f 532/440/508 523/432/500 509/424/487
f 542/425/518 543/446/519 533/441/509
f 510/425/488 504/420/482 539/441/515
f 508/423/486 538/443/514 502/410/480
f 492/410/470 535/443/511 504/420/482
f 492/410/470 491/409/469 535/443/511
f 538/443/514 490/409/468 502/410/480
f 544/432/500 545/424/520 546/427/521
f 547/427/522 548/439/523 549/422/524
f 546/427/521 550/433/501 544/432/500
f 551/422/525 552/439/526 546/427/521
f 553/421/527 551/422/525 545/424/520
f 545/424/520 551/422/525 546/427/521
f 549/422/524 554/428/528 555/421/529
f 556/430/496 557/429/343 558/431/530
f 559/424/531 547/427/522 549/422/524
f 560/428/532 551/422/525 553/421/527
f 561/434/502 556/430/496 562/435/503
f 558/431/530 562/435/503 556/430/496
f 563/436/504 561/434/502 564/437/533
f 565/438/343 558/431/530 557/429/343
f 562/435/503 564/437/533 561/434/502
f 566/425/534 567/410/535 568/423/536
f 555/421/529 569/420/537 549/422/524
f 568/423/536 553/421/527 545/424/520
f 570/410/538 571/425/539 569/420/537
f 572/426/540 553/421/527 568/423/536
f 555/421/529 573/426/541 569/420/537
f 569/420/537 559/424/531 549/422/524
f 574/405/542 575/404/543 576/406/544
f 577/408/545 578/407/546 579/409/547
f 570/410/538 580/409/548 581/408/549
f 582/411/550 579/409/547 578/407/546
f 583/413/551 584/412/552 576/406/544
f 585/415/553 586/414/554 575/404/543
f 586/414/554 587/416/555 583/413/551
f 583/413/551 576/406/544 586/414/554
f 588/418/556 589/417/557 576/406/544
f 567/410/535 577/408/545 579/409/547
f 575/404/543 586/414/554 576/406/544
f 588/418/556 576/406/544 584/412/552
f 574/405/542 576/406/544 589/417/557
f 578/407/546 590/419/558 582/411/550
f 568/423/536 591/441/559 592/425/560
f 545/424/520 544/432/500 593/440/508
f 594/443/561 568/423/536 567/410/535
f 567/410/535 579/409/547 594/443/561
f 569/420/537 595/443/562 570/410/538
f 595/443/562 580/409/548 570/410/538
f 591/441/559 593/440/508 596/442/510
f 580/409/548 595/443/562 597/444/563
f 593/440/508 591/441/559 545/424/520
f 573/426/541 598/445/564 595/443/562
f 568/423/536 545/424/520 591/441/559
f 594/443/561 572/426/540 568/423/536
f 599/446/565 600/441/566 571/425/539
f 601/411/517 580/409/548 597/444/563
f 573/426/541 595/443/562 569/420/537
f 600/441/566 559/424/531 569/420/537
f 602/446/567 591/441/559 596/442/510
f 597/444/563 595/443/562 598/445/564
f 600/441/566 569/420/537 571/425/539
f 591/441/559 602/446/567 592/425/560
f 603/447/568 604/448/569 605/449/570
f 605/449/570 606/450/571 603/447/568
f 607/451/572 608/452/573 609/450/574
f 610/451/575 611/450/576 605/449/577
f 612/453/343 613/454/343 614/455/343
f 608/452/573 615/449/578 609/450/574
f 614/455/343 616/456/343 612/453/343
f 605/449/577 617/452/579 610/451/575
f 617/452/579 605/449/577 512/426/490
f 522/428/499 610/451/575 507/421/485
f 607/451/572 517/428/495 505/421/483
f 610/451/575 617/452/579 507/421/485
f 507/421/485 617/452/579 512/426/490
f 616/456/343 528/437/505 527/436/504
f 608/452/573 505/421/483 513/426/491
f 608/452/573 607/451/572 505/421/483
f 612/453/343 616/456/343 527/436/504
f 608/452/573 513/426/491 615/449/578
f 537/445/513 618/457/580 615/449/578
f 513/426/491 537/445/513 615/449/578
f 619/458/581 620/459/582 621/460/583
f 622/461/584 623/462/585 624/463/586
f 625/464/587 626/465/588 627/466/589
f 628/467/590 629/468/591 630/469/592
f 630/469/592 623/462/585 631/470/593
f 632/471/594 633/472/595 634/473/596
f 635/474/597 619/458/581 621/460/583
f 625/464/587 627/466/589 636/475/598
f 628/467/590 637/476/599 629/468/591
f 632/471/594 638/477/600 633/472/595
f 639/478/601 640/479/602 641/480/603
f 631/470/593 628/467/590 630/469/592
f 626/465/588 642/481/604 627/466/589
f 624/463/586 643/482/605 639/478/601
f 644/483/606 623/462/585 622/461/584
f 645/349/607 646/349/607 647/349/607
f 639/478/601 641/480/603 622/461/584
f 648/484/608 629/468/591 637/476/599
f 637/476/599 649/485/609 648/484/608
f 622/461/610 628/467/590 631/470/593
f 624/463/586 639/478/601 622/461/584
f 619/458/581 635/474/597 650/486/611
f 631/470/593 651/483/612 622/461/610
f 623/462/585 644/483/606 631/470/593
f 640/479/602 652/487/613 641/480/603
f 653/488/614 654/489/615 655/490/616
f 656/491/617 657/492/618 654/489/615
f 658/493/619 638/477/600 659/494/620
f 660/495/621 661/496/622 662/497/623
f 658/493/619 626/465/624 633/472/595
f 620/459/582 663/498/625 660/495/621
f 649/485/609 664/499/626 659/494/620
f 654/489/615 657/492/618 655/490/616
f 633/472/595 638/477/600 658/493/619
f 620/459/582 619/458/581 665/498/627
f 659/494/620 664/499/626 658/493/619
f 660/495/621 662/497/623 620/459/582
f 666/500/628 667/501/629 668/502/630
f 669/503/631 670/504/632 671/505/633
f 672/506/634 673/507/635 674/508/636
f 675/509/637 667/501/629 670/504/632
f 667/501/629 666/500/628 676/510/638
f 677/511/639 672/506/634 674/508/636
f 671/505/633 678/512/640 677/511/639
f 679/513/641 678/512/640 671/505/633
f 680/514/642 681/515/643 682/516/644
f 676/510/638 679/513/641 671/505/633
f 683/517/645 684/518/645 685/519/645
f 686/520/646 668/502/630 675/509/637
f 675/509/637 668/502/630 667/501/629
f 671/505/633 677/511/639 669/503/631
f 687/521/647 682/516/644 681/515/643
f 671/505/633 667/501/629 676/510/638
f 678/512/640 679/513/641 688/522/648
f 689/518/649 690/517/649 691/519/649
f 677/511/639 674/508/636 692/523/650
f 688/522/648 680/514/642 682/516/644
f 693/524/651 687/521/647 681/515/643
f 694/525/652 695/526/653 675/509/637
f 695/526/653 694/525/652 696/527/654
f 675/509/637 695/526/653 686/520/646
f 668/502/630 686/520/646 697/528/655
f 666/500/628 668/502/630 697/528/655
f 678/512/640 672/506/634 677/511/639
f 670/504/632 667/501/629 671/505/633
f 698/529/656 699/530/657 700/531/658
f 701/531/659 702/530/660 703/532/661
f 704/533/662 698/529/656 705/532/663
f 700/531/658 705/532/663 698/529/656
f 705/532/663 706/534/664 704/533/662
f 700/531/658 699/530/657 707/535/665
f 701/531/659 708/536/666 702/530/660
f 707/535/665 708/536/666 700/531/658
f 702/530/660 709/529/667 703/532/661
f 708/536/666 707/535/665 702/530/660
f 710/537/668 711/538/669 712/539/670
f 713/538/671 714/537/672 715/540/673
f 715/540/673 716/541/674 713/538/671
f 717/542/675 718/539/676 719/543/677
f 712/539/670 720/543/678 710/537/668
f 718/539/676 717/542/675 713/538/671
f 721/540/679 722/541/680 711/538/669
f 717/542/675 714/537/672 713/538/671
f 711/538/669 710/537/668 721/540/679
f 723/544/681 724/545/682 725/546/683
f 688/522/648 726/547/684 678/512/640
f 727/548/685 723/544/681 725/546/683
f 728/549/686 729/550/687 723/544/681
f 726/547/684 730/507/688 678/512/640
f 672/506/634 678/512/640 730/507/688
f 725/546/683 731/551/689 732/552/690
f 725/546/683 733/553/691 727/548/685
f 733/553/691 725/546/683 732/552/690
f 723/544/681 727/548/685 728/549/686
f 682/516/644 687/521/647 726/547/684
f 726/547/684 688/522/648 682/516/644
f 734/554/692 672/506/634 730/507/688
f 735/555/693 736/556/694 737/557/695
f 738/558/696 629/468/591 648/484/608
f 739/559/697 738/558/696 648/484/608
f 648/484/608 659/494/620 739/559/697
f 659/494/620 740/555/698 741/556/699
f 629/468/591 738/558/696 742/560/700
f 630/469/592 629/468/591 742/560/700
f 741/556/699 739/559/697 659/494/620
f 743/561/701 744/562/702 745/563/703
f 746/564/704 735/555/693 747/565/705
f 747/565/705 737/557/695 743/561/701
f 737/557/695 747/565/705 735/555/693
f 747/565/705 748/566/706 746/564/704
f 748/566/706 747/565/705 743/561/701
f 743/561/701 745/563/703 748/566/706
f 749/468/707 750/558/708 751/484/709
f 750/558/708 752/559/710 751/484/709
f 753/494/711 751/484/709 752/559/710
f 735/555/693 753/494/711 736/556/694
f 750/558/708 749/468/707 742/560/700
f 749/468/707 630/469/592 742/560/700
f 752/559/710 736/556/694 753/494/711
f 754/567/712 755/568/713 756/569/714
f 757/567/715 758/570/716 756/569/714
f 755/568/713 757/567/715 756/569/714
f 758/570/716 754/567/712 756/569/714
f 759/539/717 760/542/718 761/543/719
f 762/541/720 763/540/721 764/538/722
f 765/538/723 766/537/724 767/539/725
f 768/537/726 764/538/722 763/540/721
f 766/537/724 765/538/723 769/540/727
f 768/537/726 760/542/718 764/538/722
f 770/541/728 769/540/727 765/538/723
f 760/542/718 759/539/717 764/538/722
f 771/542/729 767/539/725 766/537/724
f 772/532/730 773/531/731 774/529/732
f 775/530/733 774/529/732 773/531/731
f 774/529/732 776/533/734 772/532/730
f 777/530/735 778/531/736 779/532/737
f 780/535/738 781/536/739 777/530/735
f 782/529/740 777/530/735 779/532/737
f 781/536/739 780/535/738 773/531/731
f 781/536/739 778/531/736 777/530/735
f 775/530/733 773/531/731 780/535/738
f 783/534/741 772/532/730 776/533/734
f 784/511/742 785/505/743 786/503/744
f 787/516/745 788/521/746 789/515/747
f 790/502/748 791/509/749 792/501/750
f 793/507/751 794/506/752 795/508/753
f 790/502/748 796/520/754 791/509/749
f 797/518/755 798/517/755 799/519/755
f 800/512/756 801/513/757 785/505/743
f 792/501/750 802/500/758 790/502/748
f 803/504/759 786/503/744 785/505/743
f 789/515/747 804/514/760 787/516/745
f 801/513/757 805/510/761 785/505/743
f 792/501/750 791/509/749 803/504/759
f 802/500/758 792/501/750 805/510/761
f 794/506/752 784/511/742 795/508/753
f 800/512/756 785/505/743 784/511/742
f 792/501/750 803/504/759 785/505/743
f 794/506/752 800/512/756 784/511/742
f 790/502/748 802/500/758 806/528/762
f 796/520/754 790/502/748 806/528/762
f 807/526/763 791/509/749 796/520/754
f 808/525/764 807/526/763 809/527/765
f 807/526/763 808/525/764 791/509/749
f 788/521/746 810/524/766 789/515/747
f 804/514/760 811/522/767 787/516/745
f 795/508/753 784/511/742 812/523/768
f 813/517/769 814/518/769 815/519/769
f 801/513/757 800/512/756 811/522/767
f 792/501/750 785/505/743 805/510/761
f 816/545/770 817/544/771 818/546/772
f 819/547/773 811/522/767 800/512/756
f 820/550/774 821/549/775 817/544/771
f 800/512/756 794/506/752 822/507/776
f 822/507/776 819/547/773 800/512/756
f 817/544/771 823/548/777 818/546/772
f 794/506/752 824/554/778 822/507/776
f 811/522/767 819/547/773 787/516/745
f 788/521/746 787/516/745 819/547/773
f 823/548/777 817/544/771 821/549/775
f 818/546/772 825/553/779 826/552/780
f 825/553/779 818/546/772 823/548/777
f 827/551/781 818/546/772 826/552/780
f 828/448/782 829/447/783 830/449/784
f 831/450/785 830/449/784 829/447/783
f 832/452/786 833/451/787 834/450/788
f 835/450/789 836/451/790 830/449/791
f 837/454/343 838/453/343 839/455/343
f 840/449/792 832/452/786 834/450/788
f 841/456/343 839/455/343 838/453/343
f 842/452/793 830/449/791 836/451/790
f 830/449/791 842/452/793 572/426/540
f 836/451/790 560/428/532 553/421/527
f 554/428/528 833/451/787 555/421/529
f 842/452/793 836/451/790 553/421/527
f 842/452/793 553/421/527 572/426/540
f 564/437/533 841/456/343 563/436/504
f 555/421/529 832/452/786 573/426/541
f 833/451/787 832/452/786 555/421/529
f 841/456/343 838/453/343 563/436/504
f 573/426/541 832/452/786 840/449/792
f 843/457/794 598/445/564 840/449/792
f 598/445/564 573/426/541 840/449/792
f 844/351/795 845/571/796 846/572/797
f 395/339/372 844/351/795 393/336/370
f 847/573/798 848/574/799 849/575/800
f 844/351/795 850/576/801 393/336/370
f 844/351/795 395/339/372 845/571/796
f 851/577/802 848/574/799 847/573/798
f 852/578/803 849/575/800 848/574/799
f 853/574/804 854/579/805 855/580/806
f 848/574/799 851/577/802 855/580/806
f 856/573/807 857/581/808 858/575/809
f 852/578/803 848/574/799 854/579/805
f 853/574/804 856/573/807 858/575/809
f 858/575/809 852/578/803 853/574/804
f 853/574/804 852/578/803 854/579/805
f 859/581/810 847/573/798 849/575/800
f 855/580/806 854/579/805 848/574/799
f 860/582/811 850/576/801 844/351/795
f 855/580/806 861/577/812 853/574/804
f 385/336/366 862/583/813 863/576/814
f 863/576/814 864/582/815 865/351/816
f 866/571/817 865/351/816 867/572/818
f 863/576/814 865/351/816 385/336/366
f 865/351/816 390/339/367 385/336/366
f 390/339/367 865/351/816 866/571/817
f 856/573/807 853/574/804 861/577/812
f 868/584/819 869/585/820 851/577/802
f 870/586/821 860/582/811 844/351/795
f 870/586/821 844/351/795 846/572/797
f 855/580/806 869/585/820 861/577/812
f 861/577/812 869/585/820 871/584/822
f 847/573/798 859/581/810 870/586/821
f 856/573/807 871/584/822 872/586/823
f 868/584/819 870/586/821 846/572/797
f 872/586/823 871/584/822 867/572/818
f 872/586/823 864/582/815 857/581/808
f 871/584/822 856/573/807 861/577/812
f 864/582/815 872/586/823 865/351/816
f 865/351/816 872/586/823 867/572/818
f 872/586/823 857/581/808 856/573/807
f 868/584/819 847/573/798 870/586/821
f 869/585/820 855/580/806 851/577/802
f 860/582/811 870/586/821 859/581/810
f 847/573/798 868/584/819 851/577/802
f 873/303/824 874/302/825 875/304/826
f 876/308/827 873/303/824 875/304/826
f 873/303/824 876/308/827 877/307/828
f 878/306/829 877/307/828 477/398/453
f 879/587/830 880/588/831 881/589/832
f 877/307/828 878/306/829 882/305/833
f 883/590/834 884/591/835 881/589/832
f 881/589/832 885/592/836 879/587/830
f 882/305/833 873/303/824 877/307/828
f 483/402/461 880/588/831 879/587/830
f 886/593/837 887/594/838 888/595/839
f 889/379/840 890/378/841 891/380/842
f 892/300/843 893/299/844 894/301/845
f 883/590/834 895/596/846 884/591/835
f 895/596/846 896/597/847 884/591/835
f 880/588/831 883/590/834 881/589/832
f 874/302/825 897/393/848 875/304/826
f 898/309/845 894/301/845 893/299/844
f 483/402/461 879/587/830 474/395/450
f 887/594/838 899/598/849 888/595/839
f 900/403/850 473/394/447 901/394/851
f 355/306/334 878/306/829 477/398/453
f 885/592/836 475/396/451 474/395/450
f 879/587/830 885/592/836 474/395/450
f 900/403/850 484/403/462 473/394/447
f 896/597/847 895/596/846 902/599/852
f 895/596/846 886/593/837 902/599/852
f 903/392/853 901/394/851 897/393/848
f 903/392/853 897/393/848 874/302/825
f 903/392/853 900/403/850 901/394/851
f 888/595/839 902/599/852 886/593/837
f 904/600/854 905/601/855 906/602/856
f 449/376/423 906/602/856 905/601/855
f 907/603/857 904/600/854 906/602/856
f 908/604/858 909/605/859 458/380/432
f 910/606/860 908/604/858 458/380/432
f 911/607/861 912/608/862 447/374/421
f 913/609/863 443/370/417 449/376/423
f 911/607/861 910/606/860 457/379/431
f 447/374/421 446/373/420 911/607/861
f 905/601/855 913/609/863 449/376/423
f 457/379/431 912/608/862 911/607/861
f 457/379/431 910/606/860 458/380/432
f 914/610/864 915/611/865 916/612/864
f 916/612/864 917/613/866 914/610/864
f 918/614/867 919/615/868 920/616/869
f 920/616/869 921/617/870 922/618/871
f 923/619/872 924/620/873 925/621/874
f 926/622/875 927/623/876 919/615/868
f 919/615/868 918/614/867 926/622/875
f 926/622/875 928/624/877 929/625/878
f 930/626/879 920/616/869 922/618/871
f 930/626/879 918/614/867 920/616/869
f 927/623/876 926/622/875 929/625/878
f 931/625/880 932/624/881 933/622/882
f 924/620/873 934/627/883 925/621/874
f 935/623/884 931/625/880 933/622/882
f 936/628/885 937/629/886 938/630/887
f 939/631/888 932/624/881 931/625/880
f 743/561/701 737/557/695 940/632/889
f 938/630/890 941/633/891 936/628/892
f 942/634/893 943/635/894 944/636/895
f 945/637/896 939/631/888 931/625/880
f 941/633/891 938/630/890 936/628/892
f 937/629/886 936/628/885 938/630/887
f 946/615/897 947/614/898 948/616/899
f 921/617/870 948/616/899 922/618/871
f 949/620/900 950/619/901 951/621/902
f 935/623/884 933/622/882 946/615/897
f 947/614/898 946/615/897 933/622/882
f 948/616/899 952/626/903 922/618/871
f 947/614/898 952/626/903 948/616/899
f 953/627/904 949/620/900 951/621/902
f 953/627/904 954/638/905 454/369/428
f 954/638/905 934/627/883 442/369/416
f 442/369/416 934/627/883 924/620/873
f 924/620/873 449/376/423 442/369/416
f 442/369/416 445/372/419 954/638/905
f 954/638/905 445/372/419 454/369/428
f 943/635/894 942/634/893 955/639/906
f 955/639/906 956/640/907 943/635/894
f 950/619/901 955/639/906 942/634/893
f 953/627/904 454/369/428 949/620/900
f 455/376/429 949/620/900 454/369/428
f 909/605/859 957/641/908 458/380/432
f 906/602/856 449/376/423 924/620/873
f 958/642/909 956/640/907 955/639/906
f 955/639/906 907/603/857 958/642/909
f 924/620/873 923/619/872 906/602/856
f 959/601/910 960/600/911 961/602/912
f 961/602/912 455/376/429 959/601/910
f 960/600/911 962/603/913 961/602/912
f 963/605/914 964/604/915 891/380/842
f 891/380/842 964/604/915 965/606/916
f 455/376/429 961/602/912 949/620/900
f 955/639/906 950/619/901 961/602/912
f 961/602/912 962/603/913 955/639/906
f 961/602/912 950/619/901 949/620/900
f 957/641/917 963/605/914 891/380/842
f 966/643/918 967/644/919 968/645/920
f 966/643/918 969/646/921 970/647/922
f 969/646/921 966/643/918 968/645/920
f 971/648/923 972/649/923 973/650/923
f 972/649/923 974/651/923 973/650/923
f 975/651/924 976/650/924 977/648/924
f 978/649/924 975/651/924 977/648/924
f 979/652/925 980/646/926 981/647/927
f 967/644/919 982/643/928 968/645/920
f 981/647/927 983/653/929 979/652/925
f 980/646/926 982/643/928 981/647/927
f 982/643/928 980/646/926 968/645/920
f 969/646/921 984/652/930 970/647/922
f 985/653/931 970/647/922 984/652/930
f 986/654/932 987/655/933 988/656/934
f 989/657/935 990/658/936 988/656/934
f 991/659/937 992/660/938 986/654/932
f 993/661/939 994/662/940 991/659/937
f 990/658/936 995/663/941 988/656/934
f 986/654/932 988/656/934 995/663/941
f 990/658/936 996/664/942 995/663/941
f 986/654/932 993/661/939 991/659/937
f 995/663/941 993/661/939 986/654/932
f 997/665/943 998/666/944 994/662/940
f 999/667/945 995/663/941 996/664/942
f 996/664/942 1000/668/946 999/667/945
f 993/661/939 997/665/943 994/662/940
f 1001/669/947 1002/670/948 1003/671/949
f 1004/672/950 1001/669/951 1003/671/952
f 1005/673/953 1002/670/954 1003/671/955
f 1002/670/954 1005/673/953 1003/671/955
f 1002/670/948 1001/669/947 1003/671/956
f 1003/671/952 1001/669/951 1004/672/950
f 620/459/582 662/497/623 1006/674/957
f 1007/675/958 621/460/583 1008/676/959
f 625/464/587 1009/677/960 626/465/588
f 1010/678/961 634/473/962 626/465/588
f 626/465/588 1009/677/960 1011/679/963
f 1006/674/957 1008/676/959 621/460/583
f 1011/679/963 1010/678/961 626/465/588
f 1006/674/957 621/460/583 620/459/582
f 1012/568/964 1013/567/965 1014/569/966
f 1015/570/967 1016/567/968 1014/569/966
f 1013/567/965 1015/570/967 1014/569/966
f 1016/567/968 1012/568/964 1014/569/966
f 1017/460/969 1018/459/970 1019/458/971
f 1020/480/972 1021/487/973 1022/479/974
f 623/462/585 1023/461/975 624/463/586
f 749/468/707 1024/467/976 630/469/592
f 1019/458/971 1025/474/977 1017/460/969
f 1026/466/978 1027/464/979 1028/475/980
f 1029/476/981 1024/467/976 749/468/707
f 1022/479/974 1030/478/982 1020/480/972
f 1024/467/976 623/462/585 630/469/592
f 643/482/605 624/463/586 1030/478/982
f 623/462/585 1024/467/976 1023/461/975
f 1020/480/972 1030/478/982 1023/461/975
f 749/468/707 751/484/709 1029/476/981
f 1031/485/983 1029/476/981 751/484/709
f 1030/478/982 624/463/586 1023/461/975
f 1025/474/977 1019/458/971 650/486/611
f 1032/465/984 1033/493/985 1034/472/986
f 1035/477/987 1033/493/985 753/494/711
f 1033/493/985 1036/499/988 753/494/711
f 1037/680/989 1038/681/990 655/490/616
f 1039/682/991 1040/683/992 1037/680/989
f 1041/496/993 1042/495/994 1043/497/995
f 1032/465/984 1027/464/979 1026/466/978
f 1044/498/996 1018/459/970 1042/495/994
f 1033/493/985 1035/477/987 1034/472/986
f 1039/682/991 1037/680/989 655/490/616
f 1045/481/997 1032/465/984 1026/466/978
f 1018/459/970 1043/497/995 1042/495/994
f 891/380/842 965/606/916 889/379/840
f 1046/608/998 1047/607/999 452/374/426
f 453/370/427 1048/609/1000 455/376/429
f 965/606/916 1047/607/999 889/379/840
f 451/373/425 452/374/426 1047/607/999
f 1048/609/1000 959/601/910 455/376/429
f 1046/608/998 889/379/840 1047/607/999
f 1049/684/923 1050/685/1001 1051/686/1002
f 1051/686/1003 1052/687/1004 1049/684/923
f 1050/685/1001 1049/684/923 1051/686/1002
f 1052/687/1004 1051/686/1003 1049/684/923
f 1053/679/1005 1054/677/1006 1034/472/986
f 1055/678/1007 1053/679/1005 1034/472/986
f 1056/674/1008 1043/497/995 1018/459/970
f 1034/472/986 1057/473/1009 1055/678/1007
f 1017/460/969 1058/675/1010 1059/676/1011
f 1059/676/1011 1056/674/1008 1017/460/969
f 1017/460/969 1056/674/1008 1018/459/970
f 1054/677/1006 1032/465/984 1034/472/986
f 1054/677/1006 1027/464/979 1032/465/984
f 1060/655/1012 1061/654/1013 1062/656/1014
f 1063/658/1015 1064/657/1016 1062/656/1014
f 1065/660/1017 1066/659/1018 1061/654/1013
f 1067/662/1019 1068/661/1020 1066/659/1018
f 1069/663/1021 1063/658/1015 1062/656/1014
f 1068/661/1020 1069/663/1021 1061/654/1013
f 1068/661/1020 1061/654/1013 1066/659/1018
f 1070/664/1022 1063/658/1015 1069/663/1021
f 1062/656/1014 1061/654/1013 1069/663/1021
f 1071/666/1023 1072/665/1024 1067/662/1019
f 1072/665/1024 1068/661/1020 1067/662/1019
f 1073/668/1025 1070/664/1022 1074/667/1026
f 1069/663/1021 1074/667/1026 1070/664/1022
f 809/527/765 1075/688/1027 808/525/764
f 1069/663/1021 1068/661/1020 1074/667/1026
f 1068/661/1020 1072/665/1024 1074/667/1026
f 786/503/744 1076/689/1028 1077/690/1029
f 1077/690/1029 784/511/742 786/503/744
f 812/523/768 784/511/742 1077/690/1029
f 1078/691/1030 1076/689/1028 803/504/759
f 786/503/744 803/504/759 1076/689/1028
f 1079/692/1031 1080/693/1032 1081/694/1033
f 1082/695/1034 1083/696/1035 1080/693/1032
f 1084/697/1036 1083/696/1035 1082/695/1034
f 1081/694/1033 1085/698/1037 1079/692/1031
f 1086/699/1038 1087/700/1039 1082/695/1034
f 1088/701/1040 1089/702/1041 1079/692/1031
f 1089/702/1041 1090/703/1042 1079/692/1031
f 1091/704/1043 1080/693/1032 1079/692/1031
f 1087/700/1039 1086/699/1038 1092/705/1044
f 1079/692/1031 1090/703/1042 1091/704/1043
f 1080/693/1032 1091/704/1043 1082/695/1034
f 1091/704/1043 1093/699/1045 1082/695/1034
f 1087/700/1039 1084/697/1036 1082/695/1034
f 1094/706/1046 1095/707/1047 694/525/652
f 1092/705/1044 1096/708/1048 1087/700/1039
f 670/504/632 1094/706/1046 675/509/637
f 694/525/652 675/509/637 1094/706/1046
f 670/504/632 1097/691/1049 1094/706/1046
f 1089/702/1041 1098/709/1050 1090/703/1042
f 1098/709/1050 1099/710/1051 1090/703/1042
f 1093/699/1045 1091/704/1043 1100/711/1052
f 1090/703/1042 1099/710/1051 1100/711/1052
f 1092/705/1053 1093/699/1045 1100/711/1052
f 1100/711/1052 1091/704/1043 1090/703/1042
f 694/525/652 1095/707/1047 1101/688/1054
f 1101/688/1054 696/527/654 694/525/652
f 670/504/632 669/503/631 1102/689/1055
f 1102/689/1055 1097/691/1049 670/504/632
f 677/511/639 692/523/650 1103/690/1056
f 677/511/639 1103/690/1056 669/503/631
f 1102/689/1055 669/503/631 1103/690/1056
f 997/665/943 993/661/939 999/667/945
f 993/661/939 995/663/941 999/667/945
f 1104/712/1057 398/343/375 396/342/373
f 1105/713/1058 1106/714/1059 1107/715/1060
f 1107/715/1060 1108/716/1061 1105/713/1058
f 391/340/368 406/347/383 1109/717/1062
f 396/342/373 405/348/382 1106/714/1059
f 1106/714/1059 1105/713/1058 1104/712/1057
f 1110/712/1063 1111/714/1064 420/342/393
f 1112/717/1065 404/347/381 403/340/380
f 420/342/393 425/343/399 1110/712/1063
f 1113/713/1066 1111/714/1064 1110/712/1063
f 1114/715/1067 1109/717/1062 406/347/383
f 404/347/381 1112/717/1065 1107/715/1060
f 1107/715/1060 1112/717/1065 1108/716/1061
f 1109/717/1062 1114/715/1067 1115/716/1068
f 1111/714/1064 1113/713/1066 1114/715/1067
f 1111/714/1064 419/348/392 420/342/393
f 1115/716/1068 1114/715/1067 1113/713/1066
f 1106/714/1059 1104/712/1057 396/342/373
f 1116/718/1069 1117/719/1070 1118/720/1071
f 1116/718/1069 1119/721/1072 1117/719/1070
f 1120/722/1073 1117/719/1070 1119/721/1072
f 1121/723/1074 1122/724/1075 1123/725/1076
f 1124/726/1077 1125/727/1078 1126/728/1079
f 1127/729/1080 1121/723/1074 1123/725/1076
f 383/334/360 382/333/359 1127/729/1080
f 1127/729/1080 1123/725/1076 1125/727/1078
f 1122/724/1075 1126/728/1079 1123/725/1076
f 1123/725/1076 1126/728/1079 1125/727/1078
f 1127/729/1080 382/333/359 398/343/375
f 1125/727/1078 383/334/360 1127/729/1080
f 1121/723/1074 1127/729/1080 398/343/375
f 1126/728/1079 1128/730/1081 1124/726/1077
f 1128/730/1081 1129/731/1082 1124/726/1077
f 1130/732/1083 1128/730/1081 1131/733/1084
f 1129/731/1082 1128/730/1081 1130/732/1083
f 1132/733/1085 1133/732/1086 1109/717/1062
f 1131/733/1084 1108/716/1061 1112/717/1065
f 1112/717/1065 403/340/380 1130/732/1083
f 1133/732/1086 391/340/368 1109/717/1062
f 1115/716/1068 1132/733/1085 1109/717/1062
f 1130/732/1083 1131/733/1084 1112/717/1065
f 1134/734/1087 1135/735/1088 1119/721/1072
f 1131/733/1084 1136/736/1089 1108/716/1061
f 1135/735/1088 1120/722/1073 1119/721/1072
f 1128/730/1081 1126/728/1079 1136/736/1089
f 1136/736/1089 1131/733/1084 1128/730/1081
f 1122/724/1075 1136/736/1089 1126/728/1079
f 1137/737/1090 392/341/369 391/340/368
f 1137/737/1090 1130/732/1083 403/340/380
f 1129/731/1082 1137/737/1090 1133/732/1086
f 1137/737/1090 1129/731/1082 1130/732/1083
f 391/340/368 1133/732/1086 1137/737/1090
f 392/341/369 1137/737/1090 403/340/380
f 408/334/385 1138/727/1091 1139/729/1092
f 1140/723/1093 1139/729/1092 1141/725/1094
f 1139/729/1092 1140/723/1093 425/343/399
f 1138/727/1091 1124/726/1077 1142/728/1095
f 409/333/386 1139/729/1092 425/343/399
f 1141/725/1094 1139/729/1092 1138/727/1091
f 1143/724/1096 1140/723/1093 1141/725/1094
f 1142/728/1095 1141/725/1094 1138/727/1091
f 1142/728/1095 1143/724/1096 1141/725/1094
f 1139/729/1092 409/333/386 408/334/385
f 1144/730/1097 1129/731/1082 1133/732/1086
f 1144/730/1097 1133/732/1086 1132/733/1085
f 1144/730/1097 1142/728/1095 1124/726/1077
f 1129/731/1082 1144/730/1097 1124/726/1077
f 1145/736/1098 1143/724/1096 1142/728/1095
f 1132/733/1085 1145/736/1098 1144/730/1097
f 1142/728/1095 1144/730/1097 1145/736/1098
f 1145/736/1098 1115/716/1068 1113/713/1066
f 1143/724/1096 1145/736/1098 1113/713/1066
f 1145/736/1098 1132/733/1085 1115/716/1068
f 1140/723/1093 1110/712/1063 425/343/399
f 1113/713/1066 1110/712/1063 1140/723/1093
f 1140/723/1093 1143/724/1096 1113/713/1066
f 1146/693/1099 1147/692/1100 1148/694/1101
f 1149/696/1102 1150/695/1103 1146/693/1099
f 1151/698/1104 1148/694/1101 1147/692/1100
f 1149/696/1102 1152/697/1105 1150/695/1103
f 1153/700/1106 1154/699/1107 1150/695/1103
f 1155/702/1108 1156/701/1109 1147/692/1100
f 1157/703/1110 1155/702/1108 1147/692/1100
f 1152/697/1105 1153/700/1106 1150/695/1103
f 1158/699/1111 1159/704/1112 1150/695/1103
f 1159/704/1112 1146/693/1099 1150/695/1103
f 1157/703/1110 1147/692/1100 1159/704/1112
f 1154/699/1107 1153/700/1106 1160/705/1113
f 1146/693/1099 1159/704/1112 1147/692/1100
f 1161/709/1114 1155/702/1108 1157/703/1110
f 1162/710/1115 1161/709/1114 1157/703/1110
f 1163/525/1116 1164/706/1117 1165/707/1116
f 1166/708/1118 1160/705/1113 1153/700/1106
f 1164/706/1119 803/504/759 791/509/749
f 1078/691/1030 803/504/759 1164/706/1119
f 791/509/749 808/525/764 1164/706/1119
f 1162/710/1115 1157/703/1110 1167/711/1120
f 1158/699/1111 1160/705/1121 1167/711/1120
f 1159/704/1112 1158/699/1111 1167/711/1120
f 1159/704/1112 1167/711/1120 1157/703/1110
f 1168/707/1122 808/525/764 1075/688/1027
f 849/575/800 852/578/803 1169/738/1123
f 850/576/801 860/582/811 1170/739/1124
f 405/348/382 1170/739/1124 1171/740/1125
f 1172/739/1126 1173/741/1127 864/582/815
f 1174/742/1128 380/331/357 1169/738/1123
f 1172/739/1126 1175/740/1129 1173/741/1127
f 1173/741/1127 1176/738/1130 858/575/809
f 1172/739/1126 863/576/814 862/583/813
f 1177/741/1131 859/581/810 849/575/800
f 1172/739/1126 862/583/813 410/335/387
f 1171/740/1125 1170/739/1124 1177/741/1131
f 1169/738/1123 1177/741/1131 849/575/800
f 864/582/815 1173/741/1127 857/581/808
f 1177/741/1131 1170/739/1124 860/582/811
f 1174/742/1128 852/578/803 1176/738/1130
f 852/578/803 858/575/809 1176/738/1130
f 1170/739/1124 405/348/382 384/335/361
f 419/348/392 1172/739/1126 410/335/387
f 393/336/370 850/576/801 1170/739/1124
f 393/336/370 1170/739/1124 384/335/361
f 380/331/357 1174/742/1128 1176/738/1130
f 857/581/808 1173/741/1127 858/575/809
f 864/582/815 863/576/814 1172/739/1126
f 1177/741/1131 860/582/811 859/581/810
f 852/578/803 1174/742/1128 1169/738/1123
f 1172/739/1126 419/348/392 1175/740/1129
f 1178/743/1132 1175/740/1129 1111/714/1064
f 1171/740/1125 1179/743/1133 1106/714/1059
f 1114/715/1067 1178/743/1132 1111/714/1064
f 1179/743/1133 404/347/381 1107/715/1060
f 1106/714/1059 405/348/382 1171/740/1125
f 419/348/392 1111/714/1064 1175/740/1129
f 406/347/383 1178/743/1132 1114/715/1067
f 1179/743/1133 1107/715/1060 1106/714/1059
f 1180/744/1134 1173/741/1127 1175/740/1129
f 380/331/357 1180/744/1134 407/332/384
f 404/347/381 1179/743/1133 1181/744/1135
f 1171/740/1125 1177/741/1131 1181/744/1135
f 1181/744/1135 380/331/357 381/332/358
f 1181/744/1135 1177/741/1131 1169/738/1123
f 1176/738/1130 1173/741/1127 1180/744/1134
f 381/332/358 404/347/381 1181/744/1135
f 1179/743/1133 1171/740/1125 1181/744/1135
f 1178/743/1132 1180/744/1134 1175/740/1129
f 1176/738/1130 1180/744/1134 380/331/357
f 406/347/383 407/332/384 1180/744/1134
f 1178/743/1132 406/347/383 1180/744/1134
f 1181/744/1135 1169/738/1123 380/331/357
f 1182/471/1136 1034/472/986 1035/477/987
f 746/564/704 1182/471/1136 1035/477/987
f 735/555/693 746/564/704 1035/477/987
f 659/494/620 648/484/608 649/485/609
f 650/486/611 1183/745/1137 619/458/581
f 655/490/616 1184/746/1138 653/488/614
f 638/477/600 740/555/698 659/494/620
f 1185/747/1139 1186/748/1140 1187/749/1141
f 745/563/703 1185/747/1139 1187/749/1141
f 748/566/706 745/563/703 1187/749/1141
f 1186/748/1142 1188/750/1143 1189/749/1144
f 1188/750/1145 1182/471/1136 746/564/704
f 1188/750/1145 748/566/706 1187/749/1141
f 746/564/704 748/566/706 1188/750/1145
f 753/494/711 735/555/693 1035/477/987
f 751/484/709 753/494/711 1031/485/983
f 1183/745/1137 650/486/611 1019/458/971
f 1036/499/988 1031/485/983 753/494/711
f 1034/472/986 1182/471/1136 1057/473/1009
f 1184/746/1138 655/490/616 1038/681/990
f 1019/458/971 1018/459/970 1190/498/1146
f 400/345/377 1191/751/1147 1192/752/1148
f 1193/752/1149 1194/751/1150 422/345/396
f 1195/753/1151 1196/754/1152 399/344/376
f 1197/755/1153 1195/753/1151 399/344/376
f 1191/751/1147 400/345/377 399/344/376
f 1194/751/1150 1198/754/1154 423/344/397
f 399/344/376 1196/754/1152 1191/751/1147
f 423/344/397 422/345/396 1194/751/1150
f 423/344/397 1198/754/1154 1195/753/1151
f 1195/753/1151 1197/755/1153 423/344/397
f 1199/756/1128 1200/757/1155 1201/758/1156
f 1201/758/1156 400/345/377 1192/752/1148
f 1202/758/1157 1200/757/1155 1199/756/1128
f 1192/752/1148 1199/756/1128 1201/758/1156
f 1199/756/1128 1193/752/1149 1202/758/1157
f 422/345/396 1202/758/1157 1193/752/1149
f 1203/759/1158 1204/760/1159 1205/761/1160
f 1206/762/1161 1205/761/1160 1204/760/1159
f 1207/763/1162 1208/764/1163 1209/765/1164
f 1208/764/1163 1210/766/1164 1209/765/1164
f 1211/767/1165 1212/768/1166 1213/769/1167
f 1214/770/1168 1212/768/1169 1211/767/1170
f 1212/768/1169 1214/770/1168 1211/767/1170
f 1215/771/1171 1213/769/1172 1212/768/1173
f 1213/769/1172 1215/771/1171 1212/768/1173
f 1212/768/439 1211/767/1174 1213/769/1175
f 1216/764/1176 1217/763/1177 1218/765/1178
f 1219/766/1178 1216/764/1176 1218/765/1178
f 1220/772/1179 1221/773/1180 1213/769/1181
f 1211/767/1165 1213/769/1175 1221/773/1182
f 1222/774/1183 1211/767/1165 1221/773/1184
f 1213/769/1185 1211/767/1186 1221/773/1182
f 1221/773/1180 1220/772/1179 1213/769/1181
f 1211/767/1165 1222/774/1183 1221/773/1184
f 1223/775/1187 1224/776/1188 1225/777/1189
f 1225/777/1189 1226/778/1190 1223/775/1187
usemtl diss_00.png
f 1227/779/1191 1228/780/1192 1229/781/1193
f 1230/782/1194 1231/783/1195 1232/784/1196
f 1233/784/1197 1230/782/1194 1234/785/1198
f 1234/785/1198 1235/786/1199 1233/784/1197
f 1236/787/1200 1237/788/1201 1238/789/1202
f 1236/787/1200 1238/789/1202 1239/790/1203
f 1240/785/1204 1234/785/1198 1241/791/1205
f 1242/781/1206 1243/792/1207 1228/780/1192
f 1244/793/924 1245/794/924 1246/795/924
f 1228/780/1192 1247/779/1208 1242/781/1206
f 1248/796/1209 1249/797/1210 1250/798/1211
f 1249/797/1210 1251/799/1211 1250/798/1211
f 1228/780/1192 1243/792/1207 1229/781/1193
f 1252/786/1212 1240/785/1204 1232/784/1196
f 1234/785/1198 1253/800/1213 1235/786/1199
f 1240/785/1204 1230/782/1194 1232/784/1196
f 1240/785/1204 1241/791/1205 1230/782/1194
f 1230/782/1194 1241/791/1205 1234/785/1198
f 1254/801/1214 1249/797/1210 1248/796/1209
f 1231/783/1195 1230/782/1194 1233/784/1197
f 1253/800/1213 1240/785/1204 1252/786/1212
f 1240/785/1204 1253/800/1213 1234/785/1198
f 1239/790/1203 1255/802/1203 1236/787/1200
f 1245/794/924 1256/803/924 1246/795/924
f 1257/804/923 1258/805/923 1259/806/923
f 1258/805/923 1260/807/923 1259/806/923
f 1261/808/1215 1262/809/1216 1263/810/1217
f 1264/811/1218 1265/812/1219 1266/813/1220
f 1267/814/1221 1266/813/1220 1268/815/1222
f 1269/816/1223 1261/808/1215 1263/810/1217
f 1270/817/1224 1271/818/1225 1272/819/1226
f 1273/820/1227 1274/821/1228 1275/822/1229
f 1276/823/1230 1277/824/1231 1278/825/1232
f 1271/818/1225 1270/817/1224 1279/826/1233
f 1280/827/1234 1281/828/1235 1282/829/1236
f 1283/830/1237 1284/831/1238 1285/832/1239
f 1286/833/1240 1287/834/1241 1288/828/1242
f 1289/835/1243 1271/818/1225 1290/836/1244
f 1281/828/1235 1291/834/1245 1292/833/1246
f 1293/837/1247 1290/836/1244 1294/838/1248
f 1295/839/1249 1296/840/1249 1297/841/1249
f 1291/834/1245 1281/828/1235 1293/837/1247
f 1290/836/1244 1293/837/1247 1289/835/1243
f 1298/842/1250 1299/843/1251 1300/844/1252
f 1297/841/1253 1301/845/1254 1296/840/1255
f 1302/824/1256 1303/823/1257 1304/846/1256
f 1305/847/343 1306/848/343 1307/849/343
f 1292/833/1246 1308/850/1258 1281/828/1235
f 1293/837/1247 1281/828/1235 1280/827/1234
f 1309/851/1249 1300/844/1259 1299/843/1260
f 1274/821/1173 1310/852/1261 1275/822/1262
f 1284/831/1238 1311/853/1263 1312/854/1264
f 1288/828/1242 1287/834/1241 1313/837/1265
f 1301/845/1266 1297/841/1249 1296/840/1249
f 1289/835/1243 1293/837/1247 1280/827/1234
f 1310/852/1261 1274/821/1173 1275/822/1262
f 1314/827/1267 1288/828/1242 1313/837/1265
f 1272/819/1226 1289/835/1243 1280/827/1234
f 1315/829/1268 1316/850/1269 1288/828/1242
f 1312/854/1264 1317/855/1270 1284/831/1238
f 1288/828/1242 1316/850/1269 1286/833/1240
f 1306/848/343 1305/847/343 1307/849/343
f 1318/856/1271 1278/825/1232 1319/857/1272
f 1320/858/1273 1321/859/1274 1291/834/1245
f 1281/828/1235 1308/850/1258 1282/829/1236
f 1322/860/1249 1323/861/1275 1324/862/440
f 1288/828/1242 1314/827/1267 1315/829/1268
f 1274/821/1228 1273/820/1227 1275/822/1229
f 1279/826/1233 1290/836/1244 1271/818/1225
f 1283/830/1237 1325/863/1276 1311/853/1263
f 1326/864/1277 1294/838/1248 1290/836/1244
f 1294/838/1248 1291/834/1245 1293/837/1247
f 1319/857/1272 1327/865/1278 1318/856/1271
f 1328/866/1279 1329/867/1280 1330/868/1281
f 1329/867/1280 1328/866/1279 1330/868/1281
f 1284/831/1238 1317/855/1270 1285/832/1239
f 1300/844/1259 1309/851/1249 1299/843/1260
f 1304/846/1256 1331/869/1256 1302/824/1256
f 1318/856/1271 1276/823/1230 1278/825/1232
f 1296/840/1249 1295/839/1249 1297/841/1249
f 1299/843/1251 1298/842/1250 1300/844/1252
f 1311/853/1263 1325/863/1276 1332/870/1282
f 1333/871/1283 1305/847/1284 1307/849/1285
f 1271/818/1225 1289/835/1243 1272/819/1226
f 1284/831/1238 1283/830/1237 1311/853/1263
f 1323/861/1286 1334/872/1287 1324/862/1288
f 1268/815/1222 1335/873/1289 1267/814/1221
f 1312/854/1264 1311/853/1263 1332/870/1282
f 1326/864/1277 1336/874/1290 1320/858/1273
f 1305/847/1284 1333/871/1283 1307/849/1285
f 1291/834/1245 1294/838/1248 1320/858/1273
f 1294/838/1248 1326/864/1277 1320/858/1273
f 1334/872/1287 1323/861/1286 1324/862/1288
f 1323/861/1275 1322/860/1249 1324/862/440
f 1278/825/1232 1337/875/1291 1319/857/1272
f 1330/868/1292 1338/876/1293 1328/866/1294
f 1328/866/1294 1338/876/1293 1330/868/1292
f 1266/813/1220 1267/814/1221 1264/811/1218
f 1339/877/1295 1262/809/1216 1261/808/1215
f 1269/816/1223 1263/810/1217 1340/878/1296
f 1341/879/1297 1342/880/1298 1343/881/1299
f 1344/882/1300 1343/881/1299 1345/883/1301
f 1346/884/1302 1347/885/1303 1343/881/1299
f 1342/880/1298 1348/879/1304 1349/881/1305
f 1348/879/1304 1342/880/1298 1350/886/1306
f 1351/882/1307 1352/887/1308 1353/883/1309
f 1349/881/1305 1353/883/1309 1347/885/1303
f 1354/888/1310 1355/889/1311 1356/890/1312
f 1345/883/1301 1347/885/1303 1354/888/1310
f 1357/887/1313 1358/891/1314 1356/890/1312
f 1353/883/1309 1349/881/1305 1351/882/1307
f 1354/888/1310 1358/891/1314 1345/883/1301
f 1347/885/1303 1353/883/1309 1354/888/1310
f 1354/888/1310 1359/891/1315 1360/890/1316
f 1358/891/1314 1357/887/1313 1345/883/1301
f 1352/887/1308 1360/890/1316 1359/891/1315
f 1342/880/1298 1341/879/1297 1361/886/1317
f 1347/885/1303 1345/883/1301 1343/881/1299
f 1344/882/1300 1341/879/1297 1343/881/1299
f 1341/879/1297 1362/892/1318 1361/886/1317
f 1363/893/1319 1364/894/1320 1365/895/1321
f 1366/896/1322 1367/897/1323 1368/893/1324
f 1350/886/1306 1369/892/1325 1348/879/1304
f 1348/879/1304 1351/882/1307 1349/881/1305
f 1353/883/1309 1359/891/1315 1354/888/1310
f 1370/898/1326 1371/899/1327 1372/900/1328
f 1352/887/1308 1359/891/1315 1353/883/1309
f 1356/890/1312 1358/891/1314 1354/888/1310
f 1370/898/1329 1373/894/1330 1371/899/1331
f 1360/890/1316 1355/889/1311 1354/888/1310
f 1357/887/1313 1344/882/1300 1345/883/1301
f 1349/881/1305 1346/884/1302 1342/880/1298
f 1342/880/1298 1374/901/1332 1350/886/1306
f 1347/885/1303 1346/884/1302 1349/881/1305
f 1342/880/1298 1346/884/1302 1343/881/1299
f 1361/886/1317 1374/901/1332 1342/880/1298
f 1373/894/1333 1375/893/1334 1371/899/1335
f 1364/894/1336 1376/902/1337 1365/895/1338
f 1367/897/1339 1377/894/1340 1368/893/1341
f 1364/894/1342 1363/893/1343 1365/895/1342
f 1376/902/1337 1364/894/1336 1365/895/1342
f 1377/894/1340 1367/897/1339 1368/893/1341
f 1367/897/1344 1366/896/1322 1368/893/1324
f 1375/893/1334 1373/894/1333 1371/899/1335
f 1373/894/1330 1370/898/1329 1371/899/1345
f 1378/903/1346 1372/900/1347 1370/898/1348
f 1372/900/1349 1378/903/1346 1370/898/1348
f 1371/899/1327 1370/898/1350 1372/900/1328
f 1379/904/1351 1380/905/1352 1381/906/1353
f 1382/905/1354 1383/904/1355 1384/907/1356
f 1385/908/1357 1386/909/1358 1387/868/1359
f 1388/910/1360 1389/911/1361 1390/912/1362
f 1380/905/1352 1391/913/1363 1381/906/1353
f 1392/914/1364 1265/812/1219 1264/811/1218
f 1393/915/1365 1335/873/1289 1394/916/1366
f 1387/868/1359 1392/914/1364 1264/811/1218
f 1386/909/1358 1392/914/1364 1387/868/1359
f 1335/873/1289 1268/815/1222 1394/916/1366
f 1395/917/1367 1396/918/1368 1385/908/1357
f 1397/919/1369 1390/912/1362 1398/920/1370
f 1399/921/1371 1397/919/1369 1398/920/1370
f 1396/918/1368 1386/909/1358 1385/908/1357
f 1390/912/1362 1397/919/1369 1388/910/1360
f 1400/922/1372 1393/915/1365 1394/916/1366
f 1401/923/1373 1402/924/1374 1403/925/1375
f 1404/926/1376 1405/927/1377 1406/928/1378
f 1407/929/1379 1408/930/1380 1409/931/1381
f 1410/932/1382 1411/933/1383 1412/934/1384
f 1411/933/1383 1410/932/1382 1408/930/1380
f 1408/930/1380 1413/935/1385 1411/933/1383
f 1414/936/1386 1410/932/1382 1412/934/1384
f 1415/937/1387 1416/938/1388 1417/939/1389
f 1407/929/1379 1413/935/1385 1408/930/1380
f 1416/938/1388 1415/937/1387 1414/936/1386
f 1417/939/1389 1418/940/1390 1415/937/1387
f 1414/936/1386 1412/934/1384 1416/938/1388
f 1419/941/1391 1420/942/1392 1421/943/1393
f 1421/943/1394 1422/924/1395 1419/941/1396
f 1419/941/1396 1422/924/1395 1421/943/1394
f 1420/942/1392 1419/941/1391 1421/943/1397
f 1402/924/1398 1423/923/1399 1424/925/1400
f 1404/926/1376 1406/928/1378 1425/944/1401
f 1425/944/1401 1426/945/1402 1404/926/1376
f 1427/943/1403 1428/942/1404 1429/924/1405
f 1428/942/1406 1430/941/1407 1429/924/1408
f 1426/945/1402 1425/944/1401 1431/946/1409
f 1432/947/1410 1431/946/1409 1417/939/1389
f 1432/947/1410 1426/945/1402 1431/946/1409
f 1431/946/1409 1418/940/1390 1417/939/1389
f 1428/942/1411 1427/943/1403 1429/924/1405
f 1430/941/1407 1428/942/1406 1429/924/1408
f 1433/948/1412 1434/949/1413 1435/950/1414
f 1436/951/1415 1437/952/1416 1438/953/1417
f 1439/954/1418 1440/955/1419 1441/956/1420
f 1433/948/1412 1435/950/1414 1442/957/1421
f 1443/958/1422 1444/959/1423 1435/950/1414
f 1444/959/1423 1445/960/1424 1446/961/1425
f 1437/952/1416 1436/951/1415 1433/948/1412
f 1434/949/1413 1447/962/1426 1435/950/1414
f 1436/951/1415 1448/963/1427 1433/948/1412
f 1442/957/1421 1449/964/1428 1433/948/1412
f 1449/964/1428 1450/965/1429 1437/952/1416
f 1440/955/1419 1439/954/1418 1451/966/1430
f 1435/950/1414 1446/961/1425 1442/957/1421
f 1441/956/1420 1438/953/1417 1439/954/1418
f 1439/954/1418 1450/965/1429 1452/967/1431
f 1446/961/1425 1435/950/1414 1444/959/1423
f 1437/952/1416 1433/948/1412 1449/964/1428
f 1435/950/1414 1447/962/1426 1443/958/1422
f 1437/952/1416 1450/965/1429 1439/954/1418
f 1437/952/1416 1439/954/1418 1438/953/1417
f 1452/967/1431 1451/966/1430 1439/954/1418
f 1450/965/1429 1449/964/1428 1453/968/1432
f 1446/961/1425 1445/960/1424 1454/969/1433
f 1442/957/1421 1446/961/1425 1455/970/1434
f 1453/968/1432 1456/971/1435 1457/972/1436
f 1455/970/1434 1453/968/1432 1449/964/1428
f 1446/961/1425 1454/969/1433 1455/970/1434
f 1453/968/1432 1458/973/1437 1456/971/1435
f 1459/974/1438 1460/975/1439 1454/969/1433
f 1461/976/1440 1462/977/1441 1456/971/1435
f 1456/971/1435 1462/977/1441 1457/972/1436
f 1442/957/1421 1455/970/1434 1449/964/1428
f 1453/968/1432 1457/972/1436 1450/965/1429
f 1445/960/1424 1459/974/1438 1454/969/1433
f 1457/972/1436 1462/977/1441 1452/967/1431
f 1458/973/1437 1453/968/1432 1455/970/1434
f 1462/977/1441 1451/966/1430 1452/967/1431
f 1452/967/1431 1450/965/1429 1457/972/1436
f 1454/969/1433 1463/978/1442 1455/970/1434
f 1463/978/1442 1464/979/1443 1455/970/1434
f 1455/970/1434 1464/979/1443 1458/973/1437
f 1460/975/1439 1463/978/1442 1454/969/1433
f 1465/980/1444 1466/981/1445 1467/982/1446
f 1468/983/1447 1466/981/1445 1465/980/1444
f 1467/982/1446 1469/984/1448 1465/980/1444
f 1465/980/1444 1470/985/1449 1468/983/1447
f 1471/878/1450 1472/986/1451 1473/987/1452
f 1474/988/1453 1475/989/1454 1476/990/1455
f 1477/991/1456 1473/987/1452 1478/992/1457
f 1479/877/1458 1480/993/1459 1481/808/1460
f 1482/994/1461 1483/995/1462 1484/996/1463
f 1485/997/1464 1475/989/1454 1474/988/1453
f 1471/878/1450 1473/987/1452 1477/991/1456
f 1478/992/1457 1474/988/1453 1476/990/1455
f 1473/987/1452 1474/988/1453 1478/992/1457
f 1483/995/1462 1486/998/1465 1484/996/1463
f 1484/996/1463 1472/986/1451 1487/816/1466
f 1472/986/1451 1471/878/1450 1487/816/1466
f 1484/996/1463 1487/816/1466 1488/999/1467
f 1484/996/1463 1488/999/1467 1482/994/1461
f 1488/999/1467 1489/1000/1468 1490/1001/1469
f 1480/993/1459 1489/1000/1468 1488/999/1467
f 1481/808/1460 1488/999/1467 1487/816/1466
f 1486/998/1465 1472/986/1451 1484/996/1463
f 1491/1002/1470 1488/999/1467 1490/1001/1469
f 1491/1002/1470 1482/994/1461 1488/999/1467
f 1473/987/1452 1492/1003/1471 1474/988/1453
f 1492/1003/1471 1473/987/1452 1472/986/1451
f 1480/993/1459 1488/999/1467 1481/808/1460
f 1485/997/1464 1474/988/1453 1492/1003/1471
f 1472/986/1451 1486/998/1465 1493/1004/1472
f 1494/1005/1473 1495/1006/1474 1496/1007/1475
f 1495/1006/1474 1497/1008/1476 1496/1007/1475
f 1485/997/1464 1492/1003/1471 1493/1004/1472
f 1486/998/1465 1483/995/1462 1493/1004/1472
f 1494/1005/1473 1475/989/1454 1495/1006/1474
f 1497/1008/1476 1495/1006/1474 1493/1004/1472
f 1495/1006/1474 1485/997/1464 1493/1004/1472
f 1485/997/1464 1495/1006/1474 1475/989/1454
f 1492/1003/1471 1472/986/1451 1493/1004/1472
f 1497/1008/1476 1493/1004/1472 1483/995/1462
f 1498/986/1477 1499/996/1478 1269/816/1223
f 1340/878/1296 1498/986/1477 1269/816/1223
f 1269/816/1223 1499/996/1478 1500/999/1479
f 1501/989/1480 1502/988/1481 1503/990/1482
f 1500/999/1479 1499/996/1478 1504/994/1483
f 1505/1000/1484 1500/999/1479 1506/1001/1485
f 1505/1000/1484 1507/993/1486 1500/999/1479
f 1500/999/1479 1261/808/1215 1269/816/1223
f 1498/986/1477 1508/998/1487 1499/996/1478
f 1500/999/1479 1509/1002/1488 1506/1001/1485
f 1504/994/1483 1509/1002/1488 1500/999/1479
f 1510/1003/1489 1511/987/1490 1502/988/1481
f 1512/995/1491 1504/994/1483 1499/996/1478
f 1501/989/1480 1513/997/1492 1502/988/1481
f 1511/987/1490 1510/1003/1489 1498/986/1477
f 1502/988/1481 1513/997/1492 1510/1003/1489
f 1511/987/1490 1498/986/1477 1340/878/1296
f 1499/996/1478 1508/998/1487 1512/995/1491
f 1503/990/1482 1502/988/1481 1514/992/1493
f 1511/987/1490 1515/991/1494 1514/992/1493
f 1261/808/1215 1500/999/1479 1507/993/1486
f 1514/992/1493 1502/988/1481 1511/987/1490
f 1261/808/1215 1507/993/1486 1339/877/1295
f 1515/991/1494 1511/987/1490 1340/878/1296
f 1508/998/1487 1498/986/1477 1516/1004/1495
f 1517/1006/1496 1518/1005/1497 1519/1007/1498
f 1520/1008/1499 1517/1006/1496 1519/1007/1498
f 1510/1003/1489 1513/997/1492 1516/1004/1495
f 1512/995/1491 1508/998/1487 1516/1004/1495
f 1501/989/1480 1518/1005/1497 1517/1006/1496
f 1517/1006/1496 1520/1008/1499 1516/1004/1495
f 1513/997/1492 1517/1006/1496 1516/1004/1495
f 1517/1006/1496 1513/997/1492 1501/989/1480
f 1498/986/1477 1510/1003/1489 1516/1004/1495
f 1516/1004/1495 1520/1008/1499 1512/995/1491
f 1521/1009/1500 1522/1010/1501 1463/978/1442
f 1458/973/1437 1464/979/1443 1523/1011/1502
f 1456/971/1435 1524/1012/1503 1461/976/1440
f 1463/978/1442 1460/975/1439 1521/1009/1500
f 1464/979/1443 1522/1010/1501 1523/1011/1502
f 1524/1012/1503 1456/971/1435 1458/973/1437
f 1524/1012/1503 1525/1013/1504 1461/976/1440
f 1458/973/1437 1523/1011/1502 1524/1012/1503
f 1464/979/1443 1463/978/1442 1522/1010/1501
f 1526/981/1505 1527/983/1506 1528/980/1507
f 1526/981/1505 1528/980/1507 1529/982/1508
f 1530/985/1509 1528/980/1507 1527/983/1506
f 1531/984/1510 1529/982/1508 1528/980/1507
f 1532/1014/1511 1533/1015/1512 1534/1016/1513
f 1535/1017/1514 1536/1018/1514 1537/1019/1515
f 1536/1018/1514 1538/1020/1515 1537/1019/1515
f 1539/1014/1516 1540/1021/1517 1541/1016/1518
f 1542/1022/1519 1539/1014/1516 1543/1015/1520
f 1544/1023/1521 1545/1024/1521 1546/1025/1522
f 1533/1015/1512 1544/1023/1521 1546/1025/1522
f 1532/1014/1511 1547/1021/1523 1548/1026/1524
f 1543/1015/1520 1539/1014/1516 1541/1016/1518
f 1534/1016/1513 1547/1021/1523 1532/1014/1511
f 1538/1020/1515 1549/1027/1525 1537/1019/1515
f 1547/1021/1523 1534/1016/1513 1550/1028/1526
f 1532/1014/1511 1551/1022/1527 1533/1015/1512
f 1546/1025/1522 1552/1029/1528 1533/1015/1512
f 1552/1029/1528 1534/1016/1513 1533/1015/1512
f 1550/1028/1526 1553/1030/1526 1547/1021/1523
f 1547/1021/1523 1554/1031/1524 1548/1026/1524
f 1549/1027/1525 1555/1032/1525 1537/1019/1515
f 1556/1033/1529 1557/1034/1530 1558/1035/1531
f 1559/1035/1532 1556/1033/1533 1560/1034/1534
f 1557/1034/1530 1561/1036/1535 1562/1037/1536
f 1562/1037/1536 1558/1035/1531 1557/1034/1530
f 1563/1038/1537 1559/1035/1532 1564/1039/1538
f 1560/1034/1534 1564/1039/1538 1559/1035/1532
f 1565/810/1539 1566/809/1540 1481/808/1460
f 1481/808/1460 1487/816/1466 1565/810/1539
f 1567/1040/1541 1568/1041/1542 1471/878/1450
f 1481/808/1460 1566/809/1540 1479/877/1458
f 1477/991/1456 1567/1040/1541 1471/878/1450
f 1471/878/1450 1565/810/1539 1487/816/1466
f 1565/810/1539 1569/1042/1543 1570/1043/1544
f 1570/1043/1544 1566/809/1540 1565/810/1539
f 1471/878/1450 1568/1041/1542 1569/1042/1543
f 1569/1042/1543 1565/810/1539 1471/878/1450
f 1390/912/1362 1571/911/1545 1572/910/1546
f 1478/992/1457 1476/990/1455 1573/1044/1547
f 1478/992/1457 1574/1045/1548 1477/991/1456
f 1574/1045/1548 1567/1040/1541 1477/991/1456
f 1575/1046/1549 1382/905/1354 1384/907/1356
f 1573/1044/1547 1574/1045/1548 1478/992/1457
f 1398/920/1370 1576/921/1550 1399/921/1371
f 1572/910/1546 1577/919/1551 1390/912/1362
f 1398/920/1370 1577/919/1551 1576/921/1550
f 1476/990/1455 1578/1047/1552 1573/1044/1547
f 1566/809/1540 1570/1043/1544 1579/1048/1553
f 1390/912/1362 1577/919/1551 1398/920/1370
f 1566/809/1540 1579/1048/1553 1479/877/1458
f 1580/1049/1554 1581/1050/1555 1582/1051/1556
f 1562/1037/1536 1561/1036/1535 1583/1052/1557
f 1584/1052/1558 1580/1049/1554 1582/1051/1556
f 1561/1036/1535 1585/1049/1559 1583/1052/1557
f 1563/1038/1537 1564/1039/1538 1586/1050/1560
f 1587/1051/1561 1563/1038/1537 1586/1050/1560
f 1588/1053/1562 1589/1054/1563 1590/1055/1564
f 1589/1054/1563 1591/1053/1565 1590/1055/1564
f 1592/1056/1566 1593/1057/1567 1594/1058/1568
f 1594/1058/1568 1595/1059/1569 1592/1056/1566
f 1596/1060/1570 1595/1059/1569 1594/1058/1568
f 1597/1057/1571 1598/1056/1572 1594/1058/1568
f 1599/1059/1573 1594/1058/1568 1598/1056/1572
f 1599/1059/1573 1596/1060/1570 1594/1058/1568
f 1423/923/1399 1372/900/1574 1378/903/1575
f 1376/902/1576 1365/895/1577 1420/942/1578
f 1420/942/1578 1365/895/1577 1376/902/1320
f 1376/902/1579 1421/943/1580 1420/942/1336
f 1420/942/1581 1421/943/1580 1376/902/1579
f 1423/923/1399 1378/903/1575 1424/925/1400
f 1403/925/1375 1378/903/1582 1401/923/1373
f 1372/900/1583 1401/923/1373 1378/903/1582
f 1428/942/1584 1427/943/1585 1367/897/1586
f 1367/897/1586 1366/896/1587 1428/942/1588
f 1366/896/1587 1367/897/1589 1428/942/1588
f 1427/943/1585 1428/942/1590 1367/897/1586
f 1600/1061/1591 1601/1062/1592 1602/1063/1593
f 1602/1063/440 1603/1064/1594 1600/1061/1595
f 1604/1065/1596 1605/1066/1597 1600/1061/1598
f 1601/1062/1592 1600/1061/1599 1602/1063/1593
f 1600/1061/1600 1603/1064/1594 1605/1066/1601
f 1603/1064/1602 1602/1063/1603 1600/1061/1599
f 1603/1064/1604 1600/1061/1591 1605/1066/1605
f 1605/1066/1597 1604/1065/1596 1600/1061/1606
f 1606/1067/1607 1607/1068/1608 1608/1069/440
f 1607/1068/1609 1606/1067/1610 1609/1070/1611
f 1610/1071/1612 1607/1068/1613 1609/1070/1614
f 1611/1072/1615 1608/1069/1616 1607/1068/1617
f 1607/1068/1613 1610/1071/1618 1609/1070/1619
f 1607/1068/1620 1606/1067/1607 1608/1069/440
f 1608/1069/1616 1611/1072/1615 1607/1068/1617
f 1606/1067/1607 1607/1068/1609 1609/1070/1621
f 1612/1073/1249 1608/1069/1622 1606/1067/1623
f 1606/1067/1624 1609/1070/1619 1613/1074/1625
f 1613/1074/1626 1614/1075/1627 1606/1067/1628
f 1609/1070/1619 1606/1067/1629 1613/1074/1625
f 1608/1069/1622 1612/1073/1249 1606/1067/1623
f 1614/1075/1275 1613/1074/1626 1606/1067/1630
f 1614/1075/440 1606/1067/1631 1612/1073/1632
f 1606/1067/1633 1614/1075/440 1612/1073/1634
f 1604/1065/1635 1612/1073/439 1614/1075/440
f 1601/1062/1636 1600/1061/1637 1614/1075/1627
f 1600/1061/1638 1601/1062/1639 1614/1075/440
f 1600/1061/1591 1614/1075/440 1604/1065/1640
f 1601/1062/1641 1613/1074/1642 1614/1075/1627
f 1612/1073/439 1604/1065/1635 1614/1075/1593
f 1613/1074/1642 1601/1062/1641 1614/1075/440
f 1614/1075/440 1600/1061/1600 1604/1065/1643
f 1615/1076/1644 1616/1077/1645 1617/1078/1646
f 1618/1079/1647 1619/1080/1648 1620/1081/1649
f 1621/1082/1650 1622/1083/1651 1623/1084/1652
f 1624/1085/1653 1625/1086/1654 1618/1079/1647
f 1626/1087/1655 1627/1088/1656 1628/1089/1657
f 1617/1078/1646 1629/1090/1658 1615/1076/1644
f 1630/1091/1659 1631/1092/1660 1619/1080/1648
f 1632/1093/1661 1633/1094/1662 1621/1082/1650
f 1634/1095/1663 1632/1093/1661 1621/1082/1650
f 1635/1096/1664 1616/1077/1645 1615/1076/1644
f 1631/1092/1660 1636/1097/1665 1619/1080/1648
f 1624/1085/1653 1618/1079/1647 1620/1081/1649
f 1625/1086/1654 1637/1098/1666 1618/1079/1647
f 1627/1088/1656 1637/1098/1666 1638/1099/1667
f 1627/1088/1656 1638/1099/1667 1628/1089/1657
f 1637/1098/1666 1625/1086/1654 1638/1099/1667
f 1619/1080/1648 1636/1097/1665 1620/1081/1649
f 1629/1090/1658 1617/1078/1646 1633/1094/1662
f 1639/1100/1668 1640/1101/1669 1635/1096/1664
f 1640/1101/1669 1616/1077/1645 1635/1096/1664
f 1633/1094/1662 1632/1093/1661 1629/1090/1658
f 1621/1082/1650 1623/1084/1652 1634/1095/1663
f 1641/1102/1670 1642/1103/1671 1634/1095/1663
f 1635/1096/1664 1615/1076/1644 1643/1104/1672
f 1644/1105/1673 1645/1106/1674 1639/1100/1668
f 1642/1103/1671 1632/1093/1661 1634/1095/1663
f 1641/1102/1670 1646/1107/1675 1642/1103/1671
f 1643/1104/1672 1644/1105/1673 1635/1096/1664
f 1643/1104/1672 1629/1090/1658 1647/1108/1676
f 1632/1093/1661 1642/1103/1671 1647/1108/1676
f 1648/1109/1677 1647/1108/1676 1646/1107/1675
f 1645/1106/1674 1644/1105/1673 1649/1110/1678
f 1647/1108/1676 1648/1109/1677 1643/1104/1672
f 1629/1090/1658 1643/1104/1672 1615/1076/1644
f 1639/1100/1668 1635/1096/1664 1644/1105/1673
f 1646/1107/1675 1641/1102/1670 1650/1111/1679
f 1647/1108/1676 1629/1090/1658 1632/1093/1661
f 1642/1103/1671 1646/1107/1675 1647/1108/1676
f 1634/1095/1663 1623/1084/1652 1641/1102/1670
f 1644/1105/1673 1651/1112/1680 1649/1110/1678
f 1643/1104/1672 1652/1113/1681 1651/1112/1680
f 1651/1112/1680 1644/1105/1673 1643/1104/1672
f 1648/1109/1677 1652/1113/1681 1643/1104/1672
f 1646/1107/1675 1653/1114/1682 1648/1109/1677
f 1653/1114/1682 1646/1107/1675 1650/1111/1679
f 1651/1112/1680 1654/1115/1683 1655/1116/1684
f 1650/1111/1679 1656/1117/1685 1653/1114/1682
f 1653/1114/1682 1657/1118/1686 1648/1109/1677
f 1649/1110/1678 1651/1112/1680 1655/1116/1684
f 1657/1118/1686 1654/1115/1683 1652/1113/1681
f 1651/1112/1680 1652/1113/1681 1654/1115/1683
f 1652/1113/1681 1648/1109/1677 1657/1118/1686
f 1658/1119/1687 1659/1120/1688 1660/1121/1689
f 1661/1122/1690 1662/1123/1691 1663/1124/1692
f 1664/1125/1693 1665/1126/1694 1666/1127/1695
f 1661/1122/1690 1665/1126/1694 1664/1125/1693
f 1665/1126/1694 1667/1128/1696 1666/1127/1695
f 1664/1125/1693 1662/1123/1691 1661/1122/1690
f 1668/1129/1697 1666/1127/1695 1669/1130/1698
f 1666/1127/1695 1667/1128/1696 1669/1130/1698
f 1662/1123/1691 1670/1131/1699 1663/1124/1692
f 1671/1132/1700 1666/1127/1695 1672/1133/1701
f 1671/1132/1700 1664/1125/1693 1666/1127/1695
f 1666/1127/1695 1668/1129/1697 1672/1133/1701
f 1673/1134/1702 1674/1135/1703 1675/1136/1704
f 1675/1136/1704 1674/1135/1703 1676/1137/1705
f 1677/1138/1706 1676/1137/1705 1674/1135/1703
f 1659/1120/1688 1678/1139/1707 1673/1134/1702
f 1676/1137/1705 1677/1138/1706 1670/1131/1699
f 1673/1134/1702 1660/1121/1689 1659/1120/1688
f 1677/1138/1706 1663/1124/1692 1670/1131/1699
f 1674/1135/1703 1673/1134/1702 1678/1139/1707
f 1679/1140/1708 1675/1136/1704 1680/1141/1709
f 1679/1140/1708 1680/1141/1709 1681/1142/1710
f 1682/1143/1711 1671/1132/1700 1672/1133/1701
f 1664/1125/1693 1671/1132/1700 1681/1142/1710
f 1680/1141/1709 1675/1136/1704 1676/1137/1705
f 1670/1131/1699 1680/1141/1709 1676/1137/1705
f 1681/1142/1710 1662/1123/1691 1664/1125/1693
f 1680/1141/1709 1670/1131/1699 1662/1123/1691
f 1662/1123/1691 1681/1142/1710 1680/1141/1709
f 1683/1144/1712 1681/1142/1710 1671/1132/1700
f 1671/1132/1700 1684/1143/1713 1683/1144/1712
f 1681/1142/1710 1683/1144/1712 1679/1140/1708
f 1673/1134/1702 1675/1136/1704 1685/1145/1714
f 1673/1134/1702 1685/1145/1714 1686/1146/1715
f 1687/1147/1716 1672/1133/1701 1668/1129/1697
f 1686/1146/1715 1660/1121/1689 1673/1134/1702
f 1668/1129/1697 1688/1148/1717 1687/1147/1716
f 1689/1149/1718 1682/1143/1711 1672/1133/1701
f 1672/1133/1701 1687/1147/1716 1689/1149/1718
f 1685/1145/1714 1675/1136/1704 1679/1140/1708
f 1620/1081/1649 1636/1097/1665 1690/1150/1719
f 1684/1143/1713 1689/1149/1720 1691/1151/1721
f 1638/1099/1667 1625/1086/1654 1692/1152/1722
f 1625/1086/1654 1624/1085/1653 1693/1153/1723
f 1690/1150/1719 1693/1153/1723 1624/1085/1653
f 1631/1092/1660 1694/1154/1724 1695/1155/1725
f 1695/1155/1725 1636/1097/1665 1631/1092/1660
f 1691/1151/1721 1683/1144/1712 1684/1143/1713
f 1693/1153/1723 1692/1152/1722 1625/1086/1654
f 1628/1089/1657 1638/1099/1667 1696/1156/1726
f 1697/1157/1727 1628/1089/1657 1696/1156/1726
f 1695/1155/1725 1690/1150/1719 1636/1097/1665
f 1691/1151/1721 1698/1158/1728 1683/1144/1712
f 1692/1152/1722 1696/1156/1726 1638/1099/1667
f 1698/1158/1728 1679/1140/1708 1683/1144/1712
f 1690/1150/1719 1624/1085/1653 1620/1081/1649
f 1679/1140/1708 1698/1158/1728 1685/1145/1714
f 1603/1064/1729 1602/1063/1730 1699/1159/1731
f 1602/1063/1730 1603/1064/1732 1699/1159/1731
f 1700/1160/1733 1605/1066/1734 1603/1064/1735
f 1699/1159/1736 1700/1160/1737 1603/1064/1594
f 1605/1066/1734 1700/1160/1733 1603/1064/1594
f 1700/1160/1737 1699/1159/1736 1603/1064/1594
f 1701/1161/1738 1436/951/1415 1702/1162/1739
f 1701/1161/1738 1702/1162/1739 1703/1163/1740
f 1703/1163/1740 1704/1164/1741 1447/962/1426
f 1705/1165/1742 1443/958/1422 1704/1164/1741
f 1447/962/1426 1701/1161/1738 1703/1163/1740
f 1436/951/1415 1706/1166/1743 1702/1162/1739
f 1443/958/1422 1447/962/1426 1704/1164/1741
f 1436/951/1415 1438/953/1417 1706/1166/1743
f 1707/1167/1744 1438/953/1417 1441/956/1420
f 1438/953/1417 1707/1167/1744 1706/1166/1743
f 1441/956/1420 1708/1168/1745 1707/1167/1744
f 1704/1164/1741 1703/1163/1740 1709/1169/1746
f 1707/1167/1744 1710/1170/1747 1706/1166/1743
f 1711/1171/1748 1704/1164/1741 1709/1169/1746
f 1712/1172/1749 1414/936/1386 1709/1169/1746
f 1704/1164/1741 1425/944/1401 1705/1165/1742
f 1409/931/1381 1710/1170/1747 1707/1167/1744
f 1704/1164/1741 1711/1171/1748 1425/944/1401
f 1712/1172/1749 1713/1173/1750 1410/932/1382
f 1711/1171/1748 1709/1169/1746 1418/940/1390
f 1710/1170/1747 1713/1173/1750 1706/1166/1743
f 1425/944/1401 1406/928/1378 1705/1165/1742
f 1707/1167/1744 1708/1168/1745 1409/931/1381
f 1410/932/1382 1414/936/1386 1712/1172/1749
f 1431/946/1409 1425/944/1401 1711/1171/1748
f 1418/940/1390 1431/946/1409 1711/1171/1748
f 1409/931/1381 1408/930/1380 1710/1170/1747
f 1414/936/1386 1415/937/1387 1709/1169/1746
f 1713/1173/1750 1710/1170/1747 1408/930/1380
f 1418/940/1390 1709/1169/1746 1415/937/1387
f 1410/932/1382 1713/1173/1750 1408/930/1380
f 1713/1173/1750 1712/1172/1749 1702/1162/1739
f 1702/1162/1739 1706/1166/1743 1713/1173/1750
f 1703/1163/1740 1702/1162/1739 1712/1172/1749
f 1712/1172/1749 1709/1169/1746 1703/1163/1740
f 1593/1057/1567 1714/1174/1751 1594/1058/1568
f 1714/1174/1751 1597/1057/1571 1594/1058/1568
f 1715/1175/1752 1716/1176/1752 1717/1177/1752
f 1718/1178/1753 1719/1179/1753 1720/1180/1753
f 1721/1181/1754 1722/1182/1175 1723/1183/1175
f 1724/1184/1755 1723/1183/1756 1722/1182/1185
f 1723/1183/1756 1724/1184/1755 1722/1182/1757
f 1725/1183/1758 1726/1184/439 1727/1182/1759
f 1725/1183/1760 1728/1181/1761 1727/1182/1762
f 1726/1184/439 1725/1183/1758 1727/1182/1763
f 1728/1181/1761 1725/1183/1760 1727/1182/1762
f 1722/1182/1764 1721/1181/1765 1723/1183/1764
f 1722/1182/1766 1729/1185/1767 1724/1184/1768
f 1729/1185/1769 1730/1186/1770 1724/1184/1769
f 1729/1185/1767 1722/1182/1766 1724/1184/1767
f 1731/1185/1771 1727/1182/1772 1726/1184/1771
f 1731/1185/1773 1732/1186/1774 1726/1184/1775
f 1730/1186/1776 1729/1185/1777 1724/1184/1778
f 1727/1182/1772 1731/1185/1771 1726/1184/1779
f 1732/1186/1780 1731/1185/1781 1726/1184/1782
