# Blender 4.1.1
# www.blender.org
mtllib cloud2.mtl
o Cloud
v -3.706917 53.559761 -8.322649
v -6.833030 53.985596 -8.518648
v -3.408534 54.077644 -7.467371
v -6.109769 55.478386 -6.410805
v -9.301584 52.343628 -5.459741
v -8.974011 52.866882 -4.619716
v -7.762749 53.821617 -8.074661
v -7.039488 55.314404 -5.966818
v -8.974011 52.866882 -4.619716
v -9.301584 52.343628 -5.459741
v -8.531884 52.077717 -2.854807
v -9.627955 50.184059 -5.345688
v -1.930460 53.242058 -6.007312
v -1.299879 52.049965 -6.537544
v -2.645514 51.415600 -8.680148
v -1.704385 51.146397 -7.718310
v -1.930460 53.242058 -6.007312
v -3.107126 50.284554 -8.858399
v -1.299879 52.049965 -6.537544
v -1.704385 51.146397 -7.718310
v -7.039488 55.314404 -5.966818
v -6.109769 55.478386 -6.410805
v -7.762749 53.821617 -8.074661
v -6.833030 53.985596 -8.518648
v -3.706917 53.559761 -8.322649
v -3.408534 54.077644 -7.467371
v -2.645514 51.415600 -8.680148
v -1.930460 53.242058 -6.007312
v -8.972178 50.696747 -2.873643
v -8.531884 52.077717 -2.854807
v -9.376684 49.793182 -4.054410
v -9.627955 50.184059 -5.345688
v -9.174706 49.214375 -5.960832
v -8.531884 52.077717 -2.854807
v -9.376684 49.793182 -4.054410
v -8.972178 50.696747 -2.873643
v -7.039488 55.314404 -5.966818
v -6.356761 55.459389 -5.709331
v -7.448730 56.768360 -6.286778
v -6.791435 57.005032 -6.048680
v -6.519011 56.932339 -6.730765
v -6.109769 55.478386 -6.410805
v -7.175775 56.695534 -6.967805
v -6.724664 55.092304 -6.615304
v -6.791435 57.005032 -6.048680
v -6.356761 55.459389 -5.709331
v -6.519011 56.932339 -6.730765
v -6.109769 55.478386 -6.410805
v -6.724664 55.092304 -6.615304
v -7.039488 55.314404 -5.966818
v -7.175775 56.695534 -6.967805
v -7.448730 56.768360 -6.286778
v -7.448730 56.768360 -6.286778
v -6.791435 57.005032 -6.048680
v -7.175775 56.695534 -6.967805
v -6.519011 56.932339 -6.730765
v -7.762749 53.821617 -8.074661
v -7.147437 54.208736 -7.868911
v -8.420840 54.761612 -9.105543
v -7.875631 55.248661 -9.009680
v -7.491122 54.925594 -9.549530
v -6.833030 53.985596 -8.518648
v -8.036859 54.438675 -9.646454
v -7.327200 53.424824 -8.534866
v -7.875631 55.248661 -9.009680
v -7.147437 54.208736 -7.868911
v -7.491122 54.925594 -9.549530
v -6.833030 53.985596 -8.518648
v -7.327200 53.424824 -8.534866
v -7.762749 53.821617 -8.074661
v -8.036859 54.438675 -9.646454
v -8.420840 54.761612 -9.105543
v -8.420840 54.761612 -9.105543
v -7.875631 55.248661 -9.009680
v -8.036859 54.438675 -9.646454
v -7.491122 54.925594 -9.549530
v -4.080541 53.969772 -7.803446
v -3.408534 54.077644 -7.467371
v -3.313207 55.156525 -8.791787
v -2.721588 55.138653 -8.351473
v -2.428467 54.604061 -8.766241
v -3.208252 53.399097 -7.763127
v -3.020086 54.621933 -9.206556
v -3.706917 53.559761 -8.322649
v -2.721588 55.138653 -8.351473
v -3.408534 54.077644 -7.467371
v -2.428467 54.604061 -8.766241
v -3.208252 53.399097 -7.763127
v -3.706917 53.559761 -8.322649
v -4.080541 53.969772 -7.803446
v -3.020086 54.621933 -9.206556
v -3.313207 55.156525 -8.791787
v -3.313207 55.156525 -8.791787
v -2.721588 55.138653 -8.351473
v -3.020086 54.621933 -9.206556
v -2.428467 54.604061 -8.766241
v -8.974011 52.866882 -4.619716
v -8.833132 52.922619 -5.356326
v -10.345616 53.565781 -4.519305
v -10.336415 53.688438 -5.246681
v -9.125562 52.126060 -4.746142
v -10.682808 52.918835 -4.633208
v -9.301584 52.343628 -5.459741
v -10.673719 53.042656 -5.360390
v -8.974011 52.866882 -4.619716
v -10.345616 53.565781 -4.519305
v -9.125562 52.126060 -4.746142
v -10.682808 52.918835 -4.633208
v -8.833132 52.922619 -5.356326
v -9.301584 52.343628 -5.459741
v -10.336415 53.688438 -5.246681
v -10.673719 53.042656 -5.360390
v -10.345616 53.565781 -4.519305
v -10.336415 53.688438 -5.246681
v -10.682808 52.918835 -4.633208
v -10.673719 53.042656 -5.360390
v -2.773083 55.193676 -4.213393
v -5.179708 55.824253 -3.151770
v -6.294043 53.181622 -6.461236
v -7.206225 54.411774 -2.096349
v -5.179708 55.824253 -3.151770
v -8.085565 54.179935 -3.642748
v -2.645514 51.415600 -8.680148
v -4.673931 52.477295 -9.507697
v -3.706917 53.559761 -8.322649
v -7.365746 53.488461 -1.945870
v -8.531884 52.077717 -2.854807
v -6.294043 53.181622 -6.461236
v -6.833030 53.985596 -8.518648
v -3.706917 53.559761 -8.322649
v -4.673931 52.477295 -9.507697
v -9.343749 51.653645 -7.277629
v -9.070627 49.845673 -8.428459
v -9.627955 50.184059 -5.345688
v -1.930460 53.242058 -6.007312
v -6.294043 53.181622 -6.461236
v -5.201046 50.528179 -10.276374
v -9.301584 52.343628 -5.459741
v -7.762749 53.821617 -8.074661
v -9.343749 51.653645 -7.277629
v -7.762749 53.821617 -8.074661
v -6.833030 53.985596 -8.518648
v -7.508552 50.417435 -10.025366
v -6.109769 55.478386 -6.410805
v -7.039488 55.314404 -5.966818
v -5.179708 55.824253 -3.151770
v -5.179708 55.824253 -3.151770
v -7.206225 54.411774 -2.096349
v -6.294043 53.181622 -6.461236
v -5.201046 50.528179 -10.276374
v -3.107126 50.284554 -8.858399
v -1.930460 53.242058 -6.007312
v -7.508552 50.417435 -10.025366
v -9.070627 49.845673 -8.428459
v -7.762749 53.821617 -8.074661
v -1.930460 53.242058 -6.007312
v -2.307482 54.380623 -4.361441
v -6.294043 53.181622 -6.461236
v -8.085565 54.179935 -3.642748
v -8.974011 52.866882 -4.619716
v -8.531884 52.077717 -2.854807
v -7.508552 50.417435 -10.025366
v -5.201046 50.528179 -10.276374
v -6.294043 53.181622 -6.461236
v -5.201046 50.528179 -10.276374
v -4.673931 52.477295 -9.507697
v -2.645514 51.415600 -8.680148
v -9.174706 49.214375 -5.960832
v -9.070627 49.845673 -8.428459
v -8.531884 52.077717 -2.854807
v -9.070627 49.845673 -8.428459
v -6.294043 53.181622 -6.461236
v -8.531884 52.077717 -2.854807
v -3.364803 55.012566 -5.897143
v -2.773083 55.193676 -4.213393
v -1.930460 53.242058 -6.007312
v -3.107126 50.284554 -8.858399
v -5.201046 50.528179 -10.276374
v -2.645514 51.415600 -8.680148
v -9.070627 49.845673 -8.428459
v -7.508552 50.417435 -10.025366
v -6.294043 53.181622 -6.461236
v -6.109769 55.478386 -6.410805
v -3.364803 55.012566 -5.897143
v -3.408534 54.077644 -7.467371
v -9.070627 49.845673 -8.428459
v -9.174706 49.214375 -5.960832
v -9.627955 50.184059 -5.345688
v -5.179708 55.824253 -3.151770
v -3.364803 55.012566 -5.897143
v -6.109769 55.478386 -6.410805
v -3.408534 54.077644 -7.467371
v -3.364803 55.012566 -5.897143
v -1.930460 53.242058 -6.007312
v -7.206225 54.411774 -2.096349
v -8.085565 54.179935 -3.642748
v -8.531884 52.077717 -2.854807
v -1.704385 51.146397 -7.718310
v -3.107126 50.284554 -8.858399
v -2.645514 51.415600 -8.680148
v -7.039488 55.314404 -5.966818
v -8.085565 54.179935 -3.642748
v -5.179708 55.824253 -3.151770
v -9.301584 52.343628 -5.459741
v -9.343749 51.653645 -7.277629
v -9.627955 50.184059 -5.345688
v -9.174706 49.214375 -5.960832
v -9.376684 49.793182 -4.054410
v -9.627955 50.184059 -5.345688
v -8.531884 52.077717 -2.854807
v -7.365746 53.488461 -1.945870
v -7.206225 54.411774 -2.096349
v -2.773083 55.193676 -4.213393
v -2.307482 54.380623 -4.361441
v -1.930460 53.242058 -6.007312
v -6.294043 53.181622 -6.461236
v -2.307482 54.380623 -4.361441
v -2.773083 55.193676 -4.213393
v -5.179708 55.824253 -3.151770
v -2.773083 55.193676 -4.213393
v -3.364803 55.012566 -5.897143
v -8.974011 52.866882 -4.619716
v -8.085565 54.179935 -3.642748
v -7.039488 55.314404 -5.966818
v -7.206225 54.411774 -2.096349
v -7.365746 53.488461 -1.945870
v -6.294043 53.181622 -6.461236
v -6.833030 53.985596 -8.518648
v -4.673931 52.477295 -9.507697
v -5.201046 50.528179 -10.276374
v -5.201046 50.528179 -10.276374
v -7.508552 50.417435 -10.025366
v -6.833030 53.985596 -8.518648
v -9.070627 49.845673 -8.428459
v -9.343749 51.653645 -7.277629
v -7.762749 53.821617 -8.074661
v 5.381411 39.747337 -0.762636
v 2.263931 40.549225 1.976504
v 4.224543 42.798424 -0.300120
v 2.198456 42.022774 2.555048
v -2.405316 42.626434 -7.321854
v -1.990187 41.107040 -7.150253
v 1.115842 43.206047 -6.969508
v 2.071759 40.181313 -7.863141
v -4.056461 41.486088 -0.592085
v -4.102307 40.395500 -4.759036
v -4.695482 41.796879 -4.506124
v 2.071759 40.181313 -7.863141
v -1.990187 41.107040 -7.150253
v 1.115842 43.206047 -6.969508
v 2.004548 42.512020 -6.528664
v 2.071759 40.181313 -7.863141
v 3.969569 41.746265 -4.317237
v -1.990187 41.107040 -7.150253
v -4.244420 38.592842 -5.024056
v -1.891836 39.433895 -7.730000
v -2.405316 42.626434 -7.321854
v -4.102307 40.395500 -4.759036
v -1.990187 41.107040 -7.150253
v 4.224543 42.798424 -0.300120
v 2.198456 42.022774 2.555048
v 2.263931 40.549225 1.976504
v -1.990187 41.107040 -7.150253
v -1.891836 39.433895 -7.730000
v 2.071759 40.181313 -7.863141
v -1.990187 41.107040 -7.150253
v -2.405316 42.626434 -7.321854
v 1.115842 43.206047 -6.969508
v 3.969569 41.746265 -4.317237
v 2.071759 40.181313 -7.863141
v 4.545229 39.944401 -4.695689
v -4.244420 38.592842 -5.024056
v -1.990187 41.107040 -7.150253
v -4.102307 40.395500 -4.759036
v -4.102307 40.395500 -4.759036
v -3.467613 39.963947 -0.959588
v -4.244420 38.592842 -5.024056
v 4.428009 42.194244 -1.329387
v 5.381411 39.747337 -0.762636
v 4.224543 42.798424 -0.300120
v -4.244420 38.592842 -5.024056
v -3.467613 39.963947 -0.959588
v -3.550273 38.052277 -1.037898
v 2.430655 43.871002 -5.630911
v 3.969569 41.746265 -4.317237
v 3.505648 44.527126 -3.931034
v 5.381411 39.747337 -0.762636
v 4.428009 42.194244 -1.329387
v 3.969569 41.746265 -4.317237
v -4.102307 40.395500 -4.759036
v -2.405316 42.626434 -7.321854
v -4.695482 41.796879 -4.506124
v -3.467613 39.963947 -0.959588
v -0.928740 38.158077 2.089383
v -3.550273 38.052277 -1.037898
v 2.071759 40.181313 -7.863141
v 2.004548 42.512020 -6.528664
v 1.115842 43.206047 -6.969508
v 2.004548 42.512020 -6.528664
v 3.969569 41.746265 -4.317237
v 2.430655 43.871002 -5.630911
v 5.381411 39.747337 -0.762636
v 4.428009 42.194244 -1.329387
v 4.224543 42.798424 -0.300120
v 5.381411 39.747337 -0.762636
v 3.969569 41.746265 -4.317237
v 4.545229 39.944401 -4.695689
v 2.263931 40.549225 1.976504
v 5.381411 39.747337 -0.762636
v 4.224543 42.798424 -0.300120
v 3.969569 41.746265 -4.317237
v 4.080458 43.654678 -2.091437
v 3.505648 44.527126 -3.931034
v 2.263931 40.549225 1.976504
v 2.691841 38.832867 2.103791
v 5.381411 39.747337 -0.762636
v -0.928740 38.158077 2.089383
v -3.467613 39.963947 -0.959588
v -0.955426 39.982868 1.992265
v 1.115842 43.206047 -6.969508
v 2.004548 42.512020 -6.528664
v 2.071759 40.181313 -7.863141
v -0.955426 39.982868 1.992265
v -4.056461 41.486088 -0.592085
v -1.465205 41.373314 2.424090
v -4.056461 41.486088 -0.592085
v -0.955426 39.982868 1.992265
v -3.467613 39.963947 -0.959588
v 2.071759 40.181313 -7.863141
v 2.004548 42.512020 -6.528664
v 3.969569 41.746265 -4.317237
v 3.969569 41.746265 -4.317237
v 2.430655 43.871002 -5.630911
v 3.505648 44.527126 -3.931034
v -4.056461 41.486088 -0.592085
v -0.955426 39.982868 1.992265
v -1.465205 41.373314 2.424090
v -0.955426 39.982868 1.992265
v 2.263931 40.549225 1.976504
v 2.198456 42.022774 2.555048
v 4.080458 43.654678 -2.091437
v 3.969569 41.746265 -4.317237
v 3.505648 44.527126 -3.931034
v -3.467613 39.963947 -0.959588
v -4.102307 40.395500 -4.759036
v -4.244420 38.592842 -5.024056
v -4.244420 38.592842 -5.024056
v -1.990187 41.107040 -7.150253
v -1.891836 39.433895 -7.730000
v 2.071759 40.181313 -7.863141
v 3.969569 41.746265 -4.317237
v 4.545229 39.944401 -4.695689
v -0.928740 38.158077 2.089383
v -3.467613 39.963947 -0.959588
v -3.550273 38.052277 -1.037898
v 2.263931 40.549225 1.976504
v -0.955426 39.982868 1.992265
v -0.928740 38.158077 2.089383
v -1.891836 39.433895 -7.730000
v -1.990187 41.107040 -7.150253
v 2.071759 40.181313 -7.863141
v -4.102307 40.395500 -4.759036
v -3.467613 39.963947 -0.959588
v -4.056461 41.486088 -0.592085
v -2.405316 42.626434 -7.321854
v -4.102307 40.395500 -4.759036
v -4.695482 41.796879 -4.506124
v -1.990187 41.107040 -7.150253
v -4.244420 38.592842 -5.024056
v -4.102307 40.395500 -4.759036
v 3.969569 41.746265 -4.317237
v 5.381411 39.747337 -0.762636
v 4.545229 39.944401 -4.695689
v 4.428009 42.194244 -1.329387
v 3.969569 41.746265 -4.317237
v 4.080458 43.654678 -2.091437
v 4.428009 42.194244 -1.329387
v 5.381411 39.747337 -0.762636
v 3.969569 41.746265 -4.317237
v -0.955426 39.982868 1.992265
v -4.056461 41.486088 -0.592085
v -3.467613 39.963947 -0.959588
v -4.102307 40.395500 -4.759036
v -4.056461 41.486088 -0.592085
v -4.695482 41.796879 -4.506124
v -3.467613 39.963947 -0.959588
v -4.244420 38.592842 -5.024056
v -3.550273 38.052277 -1.037898
v -3.467613 39.963947 -0.959588
v -0.928740 38.158077 2.089383
v -0.955426 39.982868 1.992265
v -0.955426 39.982868 1.992265
v 2.198456 42.022774 2.555048
v -1.465205 41.373314 2.424090
v -4.102307 40.395500 -4.759036
v -2.405316 42.626434 -7.321854
v -1.990187 41.107040 -7.150253
v 2.263931 40.549225 1.976504
v -0.928740 38.158077 2.089383
v 2.691841 38.832867 2.103791
v 3.969569 41.746265 -4.317237
v 2.004548 42.512020 -6.528664
v 2.430655 43.871002 -5.630911
v 3.969569 41.746265 -4.317237
v 4.428009 42.194244 -1.329387
v 4.080458 43.654678 -2.091437
v -3.467613 39.963947 -0.959588
v -4.102307 40.395500 -4.759036
v -4.056461 41.486088 -0.592085
v -0.928740 38.158077 2.089383
v 2.263931 40.549225 1.976504
v 2.691841 38.832867 2.103791
v 2.263931 40.549225 1.976504
v -0.955426 39.982868 1.992265
v 2.198456 42.022774 2.555048
v 2.691841 38.832867 2.103791
v 2.263931 40.549225 1.976504
v 5.381411 39.747337 -0.762636
v -0.955426 39.982868 1.992265
v 2.263931 40.549225 1.976504
v -0.928740 38.158077 2.089383
v 2.198456 42.022774 2.555048
v -0.955426 39.982868 1.992265
v -1.465205 41.373314 2.424090
v 5.132965 12.703310 13.147936
v 5.148880 10.639532 14.625794
v 8.324095 14.061637 14.655602
v 8.649345 12.188560 16.291578
v 4.599615 10.872142 10.339697
v 4.509508 8.642060 11.494773
v 5.132965 12.703310 13.147936
v 5.148880 10.639532 14.625794
v 11.420651 13.100301 12.468557
v 8.324095 14.061637 14.655602
v 11.840631 11.201665 14.119198
v 8.649345 12.188560 16.291578
v 7.826727 10.021470 8.304296
v 10.570531 10.419423 8.641936
v 7.875975 7.805237 9.525373
v 10.517763 8.276962 9.784738
v 4.599615 10.872142 10.339697
v 7.826727 10.021470 8.304296
v 4.509508 8.642060 11.494773
v 7.875975 7.805237 9.525373
v 11.878580 11.542354 10.156822
v 11.420651 13.100301 12.468557
v 12.189451 9.709058 11.721713
v 11.840631 11.201665 14.119198
v 4.093775 39.804955 -4.890007
v 5.333383 38.940910 -4.404904
v 4.813911 41.152786 -4.401289
v 6.106835 40.385437 -3.891966
v 3.692226 42.588562 -8.282064
v 4.471257 42.093693 -8.038379
v 2.137303 40.448704 -7.664388
v 2.915235 39.953934 -7.420256
v 4.813911 41.152786 -4.401289
v 6.106835 40.385437 -3.891966
v 5.569548 41.818752 -5.500051
v 6.926446 41.107693 -5.083971
v 3.957443 44.107277 -6.045782
v 4.735622 43.611652 -5.800857
v 3.692226 42.588562 -8.282064
v 4.471257 42.093693 -8.038379
v 5.464311 41.013020 -6.882384
v 6.821876 40.251709 -6.568057
v 4.535014 39.695652 -6.487716
v 5.806847 38.809124 -6.150373
v 5.569548 41.818752 -5.500051
v 6.926446 41.107693 -5.083971
v 5.464311 41.013020 -6.882384
v 6.821876 40.251709 -6.568057
v 5.547771 38.261559 -6.658712
v 6.325321 37.765953 -6.415342
v 4.850825 38.457718 -4.040890
v 5.629856 37.962849 -3.797205
v 2.137303 40.448704 -7.664388
v 2.915235 39.953934 -7.420256
v 1.441840 40.645603 -5.046250
v 2.220019 40.149975 -4.801320
v 2.566419 42.906120 -4.045034
v 3.344350 42.411350 -3.800900
v 3.957443 44.107277 -6.045782
v 4.735622 43.611652 -5.800857
v 4.333512 42.997986 -5.887090
v 5.569548 41.818752 -5.500051
v 4.227571 42.045261 -7.566281
v 5.464311 41.013020 -6.882384
v 1.441840 40.645603 -5.046250
v 2.220019 40.149975 -4.801320
v 2.566419 42.906120 -4.045034
v 3.344350 42.411350 -3.800900
v 3.210517 45.308708 -6.366780
v 4.283755 44.626015 -6.030082
v 2.880897 43.416676 -9.153277
v 3.953038 42.734081 -8.816132
v 2.880897 43.416676 -9.153277
v 3.953038 42.734081 -8.816132
v 0.943318 40.750824 -8.383296
v 2.016312 40.068977 -8.047391
v 0.943318 40.750824 -8.383296
v 2.016312 40.068977 -8.047391
v 0.076893 40.995625 -5.122257
v 1.149033 40.313026 -4.785110
v 1.477294 43.812328 -3.875518
v 2.550535 43.129627 -3.538813
v 3.210517 45.308708 -6.366780
v 4.283755 44.626015 -6.030082
v 0.076893 40.995625 -5.122257
v 1.149033 40.313026 -4.785110
v 1.477294 43.812328 -3.875518
v 2.550535 43.129627 -3.538813
v 4.850825 38.457718 -4.040890
v 5.629856 37.962849 -3.797205
v 5.976502 40.718143 -3.040120
v 6.754433 40.223370 -2.795989
v 4.227571 42.045261 -7.566281
v 5.464311 41.013020 -6.882384
v 3.049989 40.362453 -7.105119
v 4.535014 39.695652 -6.487716
v 2.514860 40.534523 -5.075320
v 4.093775 39.804955 -4.890007
v 3.388987 42.165310 -4.514335
v 4.813911 41.152786 -4.401289
v 4.535014 39.695652 -6.487716
v 5.806847 38.809124 -6.150373
v 4.093775 39.804955 -4.890007
v 5.333383 38.940910 -4.404904
v 5.976502 40.718143 -3.040120
v 6.754433 40.223370 -2.795989
v 7.367527 41.919296 -5.040871
v 8.145703 41.423676 -4.795940
v 8.128549 40.059032 -7.571013
v 9.201157 39.376354 -7.235871
v 6.191821 37.393929 -6.802272
v 7.263574 36.710506 -6.465892
v 6.191821 37.393929 -6.802272
v 7.263574 36.710506 -6.465892
v 5.324543 37.637978 -3.539991
v 6.396050 36.955402 -3.204408
v 5.324543 37.637978 -3.539991
v 6.396050 36.955402 -3.204408
v 6.726044 40.454582 -2.293696
v 7.797552 39.772007 -1.958114
v 8.459268 41.950966 -4.784959
v 9.530773 41.268387 -4.449375
v 8.128549 40.059032 -7.571013
v 9.201157 39.376354 -7.235871
v 7.367527 41.919296 -5.040871
v 8.145703 41.423676 -4.795940
v 7.102694 40.401417 -7.276385
v 7.880243 39.905815 -7.033017
v 7.102694 40.401417 -7.276385
v 7.880243 39.905815 -7.033017
v 5.547771 38.261559 -6.658712
v 6.325321 37.765953 -6.415342
v 6.726044 40.454582 -2.293696
v 7.797552 39.772007 -1.958114
v 8.459268 41.950966 -4.784959
v 9.530773 41.268387 -4.449375
v 3.049989 40.362453 -7.105119
v 4.535014 39.695652 -6.487716
v 2.514860 40.534523 -5.075320
v 4.093775 39.804955 -4.890007
v 3.388987 42.165310 -4.514335
v 4.813911 41.152786 -4.401289
v 4.333512 42.997986 -5.887090
v 5.569548 41.818752 -5.500051
v -0.360985 42.059288 -7.357614
v 0.482238 42.775814 -8.655524
v 1.720248 41.870148 -8.441924
v 1.720248 41.870148 -8.441924
v 0.804825 41.097385 -7.039271
v -0.360985 42.059288 -7.357614
v -0.360985 42.059288 -7.357614
v 0.804825 41.097385 -7.039271
v 0.698376 41.765392 -5.378798
v 2.673099 43.537720 -8.172068
v 1.720248 41.870148 -8.441924
v 0.482238 42.775814 -8.655524
v -0.360985 42.059288 -7.357614
v 0.698376 41.765392 -5.378798
v -0.309749 42.562424 -5.987393
v 1.283855 43.967945 -8.309874
v 2.673099 43.537720 -8.172068
v 0.482238 42.775814 -8.655524
v -2.731879 9.834054 -13.906435
v -5.009164 10.215371 -10.752179
v -3.493850 7.423573 -14.025291
v -5.708765 7.801739 -10.729377
v -7.285178 12.104687 -17.627754
v -4.698647 11.035282 -18.011471
v -8.516847 9.928433 -18.130484
v -5.862108 8.937483 -18.400497
v -9.144593 9.161680 -11.469389
v -8.099972 11.473269 -11.375427
v -10.953706 10.417277 -15.015961
v -9.728004 12.567260 -14.608708
v -5.708765 7.801739 -10.729377
v -5.009164 10.215371 -10.752179
v -9.144593 9.161680 -11.469389
v -8.099972 11.473269 -11.375427
v -9.728004 12.567260 -14.608708
v -7.285178 12.104687 -17.627754
v -10.953706 10.417277 -15.015961
v -8.516847 9.928433 -18.130484
v -3.041691 10.206406 -16.657108
v -2.731879 9.834054 -13.906435
v -3.745035 7.881745 -16.670254
v -3.493850 7.423573 -14.025291
v 1.369131 44.553391 -6.957939
v 2.644694 44.326057 -6.514312
v 2.673099 43.537720 -8.172068
v 0.482491 43.721962 -5.744393
v 1.544752 43.286369 -5.056014
v 1.369131 44.553391 -6.957939
v 1.544752 43.286369 -5.056014
v 2.644694 44.326057 -6.514312
v 1.369131 44.553391 -6.957939
v -0.309749 42.562424 -5.987393
v 0.698376 41.765392 -5.378798
v 0.482491 43.721962 -5.744393
v 0.698376 41.765392 -5.378798
v 1.544752 43.286369 -5.056014
v 0.482491 43.721962 -5.744393
v 1.369131 44.553391 -6.957939
v 2.673099 43.537720 -8.172068
v 1.283855 43.967945 -8.309874
v -7.466947 51.149273 -1.066936
v -7.721161 48.708519 -2.199151
v -7.225189 49.396854 -0.728085
v -8.379107 50.068027 -4.485554
v -7.721161 48.708519 -2.199151
v -8.099213 50.629025 -2.733533
v -5.879300 54.766289 -5.120477
v -4.596370 53.620121 -7.524897
v -3.800545 54.253098 -5.933589
v -4.596370 53.620121 -7.524897
v -5.879300 54.766289 -5.120477
v -6.590206 53.882366 -6.889018
v -6.590206 53.882366 -6.889018
v -7.764621 54.001808 -3.864601
v -8.138621 53.174915 -5.666949
v -7.764621 54.001808 -3.864601
v -6.590206 53.882366 -6.889018
v -5.879300 54.766289 -5.120477
v -8.138621 53.174915 -5.666949
v -7.764621 54.001808 -3.864601
v -8.379107 50.068027 -4.485554
v -8.379107 50.068027 -4.485554
v -7.764621 54.001808 -3.864601
v -8.099213 50.629025 -2.733533
v -6.590206 53.882366 -6.889018
v -7.764621 54.001808 -3.864601
v -5.879300 54.766289 -5.120477
v -7.721161 48.708519 -2.199151
v -7.466947 51.149273 -1.066936
v -8.099213 50.629025 -2.733533
v -8.379107 50.068027 -4.485554
v -7.721161 48.708519 -2.199151
v -7.959739 48.394051 -3.870018
v -7.721161 48.708519 -2.199151
v -8.379107 50.068027 -4.485554
v -8.099213 50.629025 -2.733533
v -5.879300 54.766289 -5.120477
v -4.596370 53.620121 -7.524897
v -6.590206 53.882366 -6.889018
v -7.721161 48.708519 -2.199151
v -8.379107 50.068027 -4.485554
v -7.959739 48.394051 -3.870018
v -7.466947 51.149273 -1.066936
v -7.721161 48.708519 -2.199151
v -8.099213 50.629025 -2.733533
v -7.721161 48.708519 -2.199151
v -7.466947 51.149273 -1.066936
v -7.225189 49.396854 -0.728085
v -7.764621 54.001808 -3.864601
v -8.379107 50.068027 -4.485554
v -8.099213 50.629025 -2.733533
v -7.764621 54.001808 -3.864601
v -6.590206 53.882366 -6.889018
v -8.138621 53.174915 -5.666949
v -4.596370 53.620121 -7.524897
v -5.879300 54.766289 -5.120477
v -3.800545 54.253098 -5.933589
v -7.764621 54.001808 -3.864601
v -8.138621 53.174915 -5.666949
v -8.379107 50.068027 -4.485554
v -1.057913 52.257992 -6.318718
v -0.433077 49.863277 -7.533978
v -2.225940 51.306767 -7.593330
v -4.537892 55.662258 -3.242694
v -3.800545 54.253098 -5.933589
v -5.879300 54.766289 -5.120477
v -3.800545 54.253098 -5.933589
v -4.596370 53.620121 -7.524897
v -1.057913 52.257992 -6.318718
v -4.537892 55.662258 -3.242694
v -3.800545 54.253098 -5.933589
v -2.624485 54.901093 -3.926642
v -3.800545 54.253098 -5.933589
v -4.537892 55.662258 -3.242694
v -5.879300 54.766289 -5.120477
v -0.433077 49.863277 -7.533978
v -1.057913 52.257992 -6.318718
v -2.225940 51.306767 -7.593330
v 0.924507 50.087383 -6.504096
v -1.057913 52.257992 -6.318718
v -0.433077 49.863277 -7.533978
v -1.057913 52.257992 -6.318718
v -4.596370 53.620121 -7.524897
v -2.225940 51.306767 -7.593330
v -1.057913 52.257992 -6.318718
v 0.924507 50.087383 -6.504096
v -0.433077 49.863277 -7.533978
v -4.596370 53.620121 -7.524897
v -1.057913 52.257992 -6.318718
v -2.225940 51.306767 -7.593330
v -4.596370 53.620121 -7.524897
v -3.800545 54.253098 -5.933589
v -1.057913 52.257992 -6.318718
v -3.800545 54.253098 -5.933589
v -4.537892 55.662258 -3.242694
v -2.624485 54.901093 -3.926642
v -6.842839 54.926403 -2.189402
v -8.099213 50.629025 -2.733533
v -7.466947 51.149273 -1.066936
v -1.057913 52.257992 -6.318718
v 0.924507 50.087383 -6.504096
v 1.016917 50.845181 -4.953376
v -2.624485 54.901093 -3.926642
v -3.800545 54.253098 -5.933589
v -0.189556 52.696041 -4.684369
v -6.842839 54.926403 -2.189402
v -5.879300 54.766289 -5.120477
v -4.537892 55.662258 -3.242694
v -0.189556 52.696041 -4.684369
v -3.800545 54.253098 -5.933589
v -1.057913 52.257992 -6.318718
v -5.879300 54.766289 -5.120477
v -6.842839 54.926403 -2.189402
v -7.764621 54.001808 -3.864601
v -6.842839 54.926403 -2.189402
v -7.764621 54.001808 -3.864601
v -8.099213 50.629025 -2.733533
v -5.879300 54.766289 -5.120477
v -6.842839 54.926403 -2.189402
v -4.537892 55.662258 -3.242694
v -6.842839 54.926403 -2.189402
v -5.879300 54.766289 -5.120477
v -7.764621 54.001808 -3.864601
v -1.057913 52.257992 -6.318718
v -0.189556 52.696041 -4.684369
v 1.016917 50.845181 -4.953376
v -7.764621 54.001808 -3.864601
v -6.842839 54.926403 -2.189402
v -8.099213 50.629025 -2.733533
v -0.189556 52.696041 -4.684369
v -1.057913 52.257992 -6.318718
v 1.016917 50.845181 -4.953376
v -3.800545 54.253098 -5.933589
v -0.189556 52.696041 -4.684369
v -1.057913 52.257992 -6.318718
v -8.099213 50.629025 -2.733533
v -6.842839 54.926403 -2.189402
v -7.466947 51.149273 -1.066936
v 0.924507 50.087383 -6.504096
v -1.057913 52.257992 -6.318718
v 1.016917 50.845181 -4.953376
v -3.800545 54.253098 -5.933589
v -2.624485 54.901093 -3.926642
v -0.189556 52.696041 -4.684369
v 7.965041 41.536667 -5.908235
v 10.081337 42.666821 -5.544688
v 6.959412 43.446392 -7.685311
v 8.964542 44.720818 -7.458379
v 10.081337 42.666821 -5.544688
v 9.886822 43.875244 -6.451003
v 8.964542 44.720818 -7.458379
v 9.824478 43.395729 -9.011309
v 8.964542 44.720818 -7.458379
v 10.507548 42.665405 -8.098295
v 9.886822 43.875244 -6.451003
v 9.031780 40.632484 -7.525319
v 7.965041 41.536667 -5.908235
v 8.288333 42.447029 -9.275823
v 6.959412 43.446392 -7.685311
v 8.288333 42.447029 -9.275823
v 9.824478 43.395729 -9.011309
v 9.031780 40.632484 -7.525319
v 10.625797 41.515255 -7.197238
v 10.507548 42.665405 -8.098295
v 9.886822 43.875244 -6.451003
v 10.625797 41.515255 -7.197238
v 10.081337 42.666821 -5.544688
v 8.288333 42.447029 -9.275823
v 6.959412 43.446392 -7.685311
v 9.824478 43.395729 -9.011309
v 8.964542 44.720818 -7.458379
v 10.625797 41.515255 -7.197238
v 10.081337 42.666821 -5.544688
v 9.031780 40.632484 -7.525319
v 7.965041 41.536667 -5.908235
v 10.625797 41.515255 -7.197238
v 9.824478 43.395729 -9.011309
v 10.507548 42.665405 -8.098295
v 13.108730 41.425003 -11.066708
v 13.164553 41.477577 -11.017169
v 13.079110 41.502480 -11.031481
v -0.456409 59.576874 -6.090214
v 0.158545 59.659428 -5.568556
v -0.444209 58.783970 -5.617728
v 0.153373 59.014347 -5.237737
v -3.452203 62.259518 -7.702246
v -3.822869 63.486385 -6.397908
v -2.893339 62.334316 -7.509944
v -3.263251 63.550014 -6.276452
v -0.969551 56.386696 -4.990109
v -1.690081 56.169422 -5.449600
v -0.832472 56.819752 -5.147856
v -1.642315 56.722282 -5.879354
v -3.869470 58.298138 -5.905451
v -3.074731 58.174385 -6.047957
v -3.793082 57.424175 -5.527688
v -2.940522 57.393478 -5.774531
v -1.642315 56.722282 -5.879354
v -1.690081 56.169422 -5.449600
v -2.668586 56.707802 -5.495960
v -2.548702 56.290409 -5.289496
v -1.804522 57.445183 -6.614159
v -1.915287 58.898193 -6.426766
v -1.518564 57.379734 -6.743535
v -1.654065 58.974468 -6.541705
v -1.309284 57.475376 -6.520267
v -1.331170 57.272755 -6.339664
v -1.518564 57.379734 -6.743535
v -1.539577 57.195400 -6.573414
v 0.133773 57.663609 -4.783205
v -0.560114 57.538624 -5.323236
v 0.239595 58.548687 -5.126424
v -0.428018 58.335766 -5.546174
v -1.518564 57.379734 -6.743535
v -1.654065 58.974468 -6.541705
v -1.309284 57.475376 -6.520267
v -1.445746 58.926823 -6.337748
v -3.263251 63.550014 -6.276452
v -3.822869 63.486385 -6.397908
v -3.650169 64.583282 -4.157994
v -4.070798 64.413986 -4.434142
v -4.264344 61.385052 -6.064434
v -5.453444 61.527390 -5.782149
v -4.491035 58.689091 -5.372383
v -5.147678 58.730934 -5.156901
v -1.518564 57.379734 -6.743535
v -1.539577 57.195400 -6.573414
v -1.804522 57.445183 -6.614159
v -1.826407 57.242561 -6.433555
v -2.289011 57.339550 -5.773297
v -2.940522 57.393478 -5.774531
v -2.215256 58.316338 -6.015306
v -3.074731 58.174385 -6.047957
v -1.250478 58.375164 -5.832395
v -0.428018 58.335766 -5.546174
v -1.156040 57.408634 -5.558500
v -0.560114 57.538624 -5.323236
v -3.086251 58.622875 -6.118627
v -3.803850 58.773060 -5.987977
v -2.995666 59.422039 -6.571626
v -3.763638 59.420280 -6.312153
v -0.409833 60.361629 -7.657926
v -0.973047 61.461956 -7.436601
v -2.176141 61.381134 -8.046364
v -2.150031 61.440331 -7.735552
v -1.228819 61.942371 -7.798462
v -0.446889 61.933964 -7.398099
v -0.979497 61.599998 -7.869711
v -6.230062 60.656525 -2.225578
v -5.805070 61.278038 -0.606272
v -5.870571 62.020565 -3.990385
v -1.228819 61.942371 -7.798462
v -1.068942 62.044815 -8.181500
v -2.858766 61.672443 -7.370554
v 0.434081 60.113750 -5.477058
v 0.497995 60.310146 -4.577095
v 0.419183 59.613132 -4.910805
v -5.385355 58.187634 -3.196887
v -6.149130 59.840801 -3.209975
v -5.743763 60.373959 -3.751776
v 0.217946 57.690311 -3.986772
v 0.232710 58.106808 -3.071295
v 0.042818 57.520016 -3.213239
v -3.803850 58.773060 -5.987977
v -3.086251 58.622875 -6.118627
v -3.074731 58.174385 -6.047957
v 0.664944 58.556541 -2.049825
v 0.557700 60.286991 -3.110350
v 0.941934 60.781612 -2.484251
v -4.920103 62.346802 -6.053396
v -5.453444 61.527390 -5.782149
v -5.870571 62.020565 -3.990385
v -0.428018 58.335766 -5.546174
v -0.444209 58.783970 -5.617728
v 0.153373 59.014347 -5.237737
v -5.388166 56.978390 -6.348012
v -4.094101 62.071995 -7.593256
v -3.193429 61.563629 -8.222073
v -0.372521 60.667870 -8.087731
v -1.068942 62.044815 -8.181500
v -0.979497 61.599998 -7.869711
v -5.805070 61.278038 -0.606272
v -6.230062 60.656525 -2.225578
v -4.916541 58.811504 -1.540468
v -0.973047 61.461956 -7.436601
v -1.715231 61.020191 -6.877007
v -2.150031 61.440331 -7.735552
v 1.038145 60.353363 -3.379213
v 0.600778 59.870148 -3.895258
v 0.497995 60.310146 -4.577095
v -4.515111 60.004478 -5.527517
v -5.430248 59.926964 -4.736464
v -5.597947 60.892696 -5.244975
v -1.715231 61.020191 -6.877007
v -0.659460 61.358509 -6.559372
v -0.486000 59.849670 -6.386964
v -2.314839 58.659222 -5.991031
v -2.392717 59.307106 -6.390708
v -1.915287 58.898193 -6.426766
v -4.029325 56.821224 -5.336693
v -4.294344 58.995071 -5.938191
v -4.491035 58.689091 -5.372383
v -4.491035 58.689091 -5.372383
v -4.078174 55.758224 -4.711537
v -4.710624 58.763416 -5.762457
v -5.240932 63.304974 -4.105660
v -4.070798 64.413986 -4.434142
v -3.822869 63.486385 -6.397908
v -4.094101 62.071995 -7.593256
v -3.521084 61.386589 -7.416869
v -3.582435 61.318024 -6.795793
v -1.147517 64.280853 -1.978557
v -2.923960 64.430023 -1.598078
v -3.156027 63.446995 -0.057868
v -3.582435 61.318024 -6.795793
v -4.359472 61.740376 -7.002811
v -3.395008 61.713951 -7.284033
v -4.359472 61.740376 -7.002811
v -4.213773 61.270336 -6.672189
v -4.784952 61.218838 -6.582842
v -0.975721 56.569111 -2.979394
v -0.716553 56.418930 -3.388576
v -0.140545 57.405933 -2.741005
v -5.870571 62.020565 -3.990385
v -5.240932 63.304974 -4.105660
v -4.920103 62.346802 -6.053396
v 0.664944 58.556541 -2.049825
v -0.114367 58.477421 -2.442259
v 0.274244 58.402996 -2.674655
v -0.762491 63.194202 -0.598274
v -3.156027 63.446995 -0.057868
v -1.718340 61.904099 1.329125
v -1.153658 55.550758 -4.762188
v -0.540221 56.448620 -3.809392
v -1.275691 55.459091 -4.447715
v -3.395008 61.713951 -7.284033
v -2.845977 61.225185 -6.973908
v -3.193429 61.563629 -8.222073
v -4.409773 64.081940 -2.597040
v -5.240932 63.304974 -4.105660
v -5.140199 62.927273 -1.428233
v -4.515111 60.004478 -5.527517
v -4.104812 59.836994 -6.337576
v -4.238848 59.329113 -5.793910
v -2.176141 61.381134 -8.046364
v -1.407358 60.083393 -8.385374
v -1.418940 60.293301 -8.007483
v -3.440223 62.037907 1.894334
v -2.912428 58.889412 0.123014
v -1.718340 61.904099 1.329125
v -3.297728 56.427528 -3.419618
v -3.370275 56.257126 -3.891689
v -2.039972 55.869022 -3.507452
v -2.858766 61.672443 -7.370554
v -2.151205 61.603565 -8.467206
v -2.176141 61.381134 -8.046364
v -4.778574 58.094906 -3.632607
v -4.560809 57.814526 -3.980087
v -4.264808 57.257370 -4.029912
v 0.042818 57.520016 -3.213239
v -0.140545 57.405933 -2.741005
v -0.540221 56.448620 -3.809392
v -4.294344 58.995071 -5.938191
v -4.710624 58.763416 -5.762457
v -4.784952 61.218838 -6.582842
v -2.354934 55.393284 -4.652326
v -1.766055 55.284996 -4.764428
v -2.039972 55.869022 -3.507452
v -1.826407 57.242561 -6.433555
v -2.289011 57.339550 -5.773297
v -1.804522 57.445183 -6.614159
v -4.513099 58.209209 -3.276204
v -4.037141 57.161034 -3.073275
v -4.353351 57.740379 -1.431593
v -1.766055 55.284996 -4.764428
v -2.354934 55.393284 -4.652326
v -1.701102 55.333275 -5.122558
v -4.359472 61.740376 -7.002811
v -3.452203 62.259518 -7.702246
v -3.395008 61.713951 -7.284033
v -5.743763 60.373959 -3.751776
v -6.149130 59.840801 -3.209975
v -5.794369 59.805988 -3.122842
v -3.822869 63.486385 -6.397908
v -4.920103 62.346802 -6.053396
v -5.240932 63.304974 -4.105660
v 0.799538 61.210190 -0.923044
v -0.445393 59.084126 -0.692793
v 0.825921 60.209652 -1.867718
v 0.186171 61.026730 -7.460663
v -0.409833 60.361629 -7.657926
v -0.979497 61.599998 -7.869711
v -0.979497 61.599998 -7.869711
v -0.446889 61.933964 -7.398099
v 0.186171 61.026730 -7.460663
v -2.668586 56.707802 -5.495960
v -3.289808 56.441978 -5.086540
v -3.793082 57.424175 -5.527688
v -3.822869 63.486385 -6.397908
v -3.452203 62.259518 -7.702246
v -4.920103 62.346802 -6.053396
v -4.560809 57.814526 -3.980087
v -4.778574 58.094906 -3.632607
v -5.102483 59.941864 -4.183451
v -3.383161 56.275276 -4.348379
v -3.370275 56.257126 -3.891689
v -4.254282 57.155109 -3.520918
v -1.331170 57.272755 -6.339664
v -1.649351 57.187580 -5.991887
v -1.539577 57.195400 -6.573414
v -3.297728 56.427528 -3.419618
v -4.037141 57.161034 -3.073275
v -4.254282 57.155109 -3.520918
v -3.370275 56.257126 -3.891689
v -3.297728 56.427528 -3.419618
v -4.254282 57.155109 -3.520918
v 1.181309 60.287766 -1.820214
v 0.664944 58.556541 -2.049825
v 0.941934 60.781612 -2.484251
v -3.370275 56.257126 -3.891689
v -3.383161 56.275276 -4.348379
v -2.354934 55.393284 -4.652326
v 0.419183 59.613132 -4.910805
v 0.526879 58.969391 -4.516027
v 0.153373 59.014347 -5.237737
v -1.156040 57.408634 -5.558500
v -1.331170 57.272755 -6.339664
v -1.309284 57.475376 -6.520267
v -0.716553 56.418930 -3.388576
v -0.975721 56.569111 -2.979394
v -2.039972 55.869022 -3.507452
v -5.597947 60.892696 -5.244975
v -5.453444 61.527390 -5.782149
v -4.264344 61.385052 -6.064434
v 0.274244 58.402996 -2.674655
v -0.505074 57.376392 -2.403639
v -0.140545 57.405933 -2.741005
v -5.743763 60.373959 -3.751776
v -6.230062 60.656525 -2.225578
v -5.870571 62.020565 -3.990385
v -3.383161 56.275276 -4.348379
v -3.289808 56.441978 -5.086540
v -2.363718 55.476978 -4.991600
v -3.156027 63.446995 -0.057868
v -3.440223 62.037907 1.894334
v -1.718340 61.904099 1.329125
v -0.114367 58.477421 -2.442259
v -0.879684 57.952183 -0.773029
v -0.505074 57.376392 -2.403639
v -1.275691 55.459091 -4.447715
v -2.039972 55.869022 -3.507452
v -1.766055 55.284996 -4.764428
v -4.513099 58.209209 -3.276204
v -4.353351 57.740379 -1.431593
v -4.916541 58.811504 -1.540468
v -0.659460 61.358509 -6.559372
v -1.715231 61.020191 -6.877007
v -0.973047 61.461956 -7.436601
v -5.430248 59.926964 -4.736464
v -4.807116 59.540409 -4.920528
v -4.560809 57.814526 -3.980087
v -2.314839 58.659222 -5.991031
v -2.215256 58.316338 -6.015306
v -3.074731 58.174385 -6.047957
v -5.794369 59.805988 -3.122842
v -5.385355 58.187634 -3.196887
v -4.513099 58.209209 -3.276204
v -5.794369 59.805988 -3.122842
v -4.513099 58.209209 -3.276204
v -4.916541 58.811504 -1.540468
v -3.156027 63.446995 -0.057868
v -5.140199 62.927273 -1.428233
v -4.808898 61.715652 0.743193
v 0.557700 60.286991 -3.110350
v 0.664944 58.556541 -2.049825
v 0.274244 58.402996 -2.674655
v 1.038145 60.353363 -3.379213
v 0.557700 60.286991 -3.110350
v 0.232710 58.106808 -3.071295
v 1.181309 60.287766 -1.820214
v 0.941934 60.781612 -2.484251
v 0.825921 60.209652 -1.867718
v 0.217946 57.690311 -3.986772
v 0.133773 57.663609 -4.783205
v 0.526879 58.969391 -4.516027
v 0.189114 59.865887 -5.879467
v 0.158545 59.659428 -5.568556
v -0.436806 59.574745 -6.250578
v -0.140545 57.405933 -2.741005
v -0.505074 57.376392 -2.403639
v -0.975721 56.569111 -2.979394
v -4.807116 59.540409 -4.920528
v -4.659102 59.113247 -5.121909
v -4.560809 57.814526 -3.980087
v -1.153658 55.550758 -4.762188
v -0.376788 56.619598 -4.534267
v -0.540221 56.448620 -3.809392
v -4.254282 57.155109 -3.520918
v -4.037141 57.161034 -3.073275
v -4.778574 58.094906 -3.632607
v -3.869470 58.298138 -5.905451
v -3.803850 58.773060 -5.987977
v -3.074731 58.174385 -6.047957
v 0.941934 60.781612 -2.484251
v 0.557700 60.286991 -3.110350
v 1.038145 60.353363 -3.379213
v -2.500800 61.223057 -8.146975
v -2.845977 61.225185 -6.973908
v -2.858766 61.672443 -7.370554
v -2.548702 56.290409 -5.289496
v -1.690081 56.169422 -5.449600
v -1.701102 55.333275 -5.122558
v -1.826407 57.242561 -6.433555
v -1.539577 57.195400 -6.573414
v -1.649351 57.187580 -5.991887
v -0.486000 59.849670 -6.386964
v -1.650377 59.579418 -6.755715
v -1.715231 61.020191 -6.877007
v -0.486000 59.849670 -6.386964
v -0.659460 61.358509 -6.559372
v 0.154039 60.159939 -6.038823
v -1.207564 58.726734 -5.781105
v -1.065856 59.388004 -6.139152
v -0.444209 58.783970 -5.617728
v 0.239595 58.548687 -5.126424
v -0.428018 58.335766 -5.546174
v 0.153373 59.014347 -5.237737
v -0.456409 59.576874 -6.090214
v -1.065856 59.388004 -6.139152
v -0.436806 59.574745 -6.250578
v -4.406800 58.668564 -5.451392
v -4.238848 59.329113 -5.793910
v -3.803850 58.773060 -5.987977
v -1.650377 59.579418 -6.755715
v -2.068366 59.242054 -6.601023
v -2.892103 59.702961 -6.843131
v -2.995666 59.422039 -6.571626
v -2.392717 59.307106 -6.390708
v -3.086251 58.622875 -6.118627
v -3.646671 59.928196 -6.759390
v -3.582435 61.318024 -6.795793
v -2.845977 61.225185 -6.973908
v -5.102483 59.941864 -4.183451
v -5.385355 58.187634 -3.196887
v -5.743763 60.373959 -3.751776
v -4.238848 59.329113 -5.793910
v -3.763638 59.420280 -6.312153
v -3.803850 58.773060 -5.987977
v 0.232710 58.106808 -3.071295
v 0.274244 58.402996 -2.674655
v 0.042818 57.520016 -3.213239
v -1.309284 57.475376 -6.520267
v -1.250478 58.375164 -5.832395
v -1.156040 57.408634 -5.558500
v -2.912428 58.889412 0.123014
v -4.916541 58.811504 -1.540468
v -4.353351 57.740379 -1.431593
v -1.642315 56.722282 -5.879354
v -2.668586 56.707802 -5.495960
v -2.289011 57.339550 -5.773297
v -1.156040 57.408634 -5.558500
v -0.832472 56.819752 -5.147856
v -1.642315 56.722282 -5.879354
v -1.826407 57.242561 -6.433555
v -1.649351 57.187580 -5.991887
v -2.289011 57.339550 -5.773297
v -1.445746 58.926823 -6.337748
v -1.207564 58.726734 -5.781105
v -1.250478 58.375164 -5.832395
v -1.065856 59.388004 -6.139152
v -1.207564 58.726734 -5.781105
v -1.445746 58.926823 -6.337748
v -2.392717 59.307106 -6.390708
v -2.068366 59.242054 -6.601023
v -1.915287 58.898193 -6.426766
v 0.154039 60.159939 -6.038823
v 0.189114 59.865887 -5.879467
v -0.436806 59.574745 -6.250578
v -2.955038 59.421204 -6.728003
v -3.702700 59.628590 -6.617306
v -3.646671 59.928196 -6.759390
v -2.912428 58.889412 0.123014
v -3.440223 62.037907 1.894334
v -4.808898 61.715652 0.743193
v -3.702700 59.628590 -6.617306
v -2.955038 59.421204 -6.728003
v -3.763638 59.420280 -6.312153
v -4.710624 58.763416 -5.762457
v -5.147678 58.730934 -5.156901
v -5.453444 61.527390 -5.782149
v -0.114367 58.477421 -2.442259
v -0.505074 57.376392 -2.403639
v 0.274244 58.402996 -2.674655
v -5.453444 61.527390 -5.782149
v -4.784952 61.218838 -6.582842
v -4.710624 58.763416 -5.762457
v 0.419183 59.613132 -4.910805
v 0.153373 59.014347 -5.237737
v 0.158545 59.659428 -5.568556
v -4.515111 60.004478 -5.527517
v -4.264344 61.385052 -6.064434
v -4.104812 59.836994 -6.337576
v -1.649351 57.187580 -5.991887
v -1.331170 57.272755 -6.339664
v -1.156040 57.408634 -5.558500
v -4.710624 58.763416 -5.762457
v -4.078174 55.758224 -4.711537
v -5.147678 58.730934 -5.156901
v -2.392717 59.307106 -6.390708
v -2.995666 59.422039 -6.571626
v -2.955038 59.421204 -6.728003
v -4.078174 55.758224 -4.711537
v -4.491035 58.689091 -5.372383
v -5.147678 58.730934 -5.156901
v -5.794369 59.805988 -3.122842
v -6.149130 59.840801 -3.209975
v -5.385355 58.187634 -3.196887
v -1.650377 59.579418 -6.755715
v -2.892103 59.702961 -6.843131
v -1.715231 61.020191 -6.877007
v -1.718340 61.904099 1.329125
v -0.254680 61.616470 0.446013
v -0.762491 63.194202 -0.598274
v -1.065856 59.388004 -6.139152
v -1.445746 58.926823 -6.337748
v -1.281125 59.290054 -6.451772
v -3.440223 62.037907 1.894334
v -3.156027 63.446995 -0.057868
v -4.808898 61.715652 0.743193
v -1.654065 58.974468 -6.541705
v -1.281125 59.290054 -6.451772
v -1.445746 58.926823 -6.337748
v -2.068366 59.242054 -6.601023
v -1.654065 58.974468 -6.541705
v -1.915287 58.898193 -6.426766
v -0.832472 56.819752 -5.147856
v -1.156040 57.408634 -5.558500
v -0.560114 57.538624 -5.323236
v -4.037141 57.161034 -3.073275
v -4.513099 58.209209 -3.276204
v -4.778574 58.094906 -3.632607
v -2.354934 55.393284 -4.652326
v -2.363718 55.476978 -4.991600
v -1.701102 55.333275 -5.122558
v -4.238848 59.329113 -5.793910
v -4.104812 59.836994 -6.337576
v -3.702700 59.628590 -6.617306
v -3.074731 58.174385 -6.047957
v -3.086251 58.622875 -6.118627
v -2.314839 58.659222 -5.991031
v 0.434081 60.113750 -5.477058
v 0.189114 59.865887 -5.879467
v 0.154039 60.159939 -6.038823
v -3.646671 59.928196 -6.759390
v -3.702700 59.628590 -6.617306
v -4.104812 59.836994 -6.337576
v -0.832472 56.819752 -5.147856
v -0.560114 57.538624 -5.323236
v 0.133773 57.663609 -4.783205
v -4.916541 58.811504 -1.540468
v -2.912428 58.889412 0.123014
v -4.808898 61.715652 0.743193
v -1.207564 58.726734 -5.781105
v -0.444209 58.783970 -5.617728
v -0.428018 58.335766 -5.546174
v -4.513099 58.209209 -3.276204
v -5.385355 58.187634 -3.196887
v -4.778574 58.094906 -3.632607
v -5.430248 59.926964 -4.736464
v -5.102483 59.941864 -4.183451
v -5.743763 60.373959 -3.751776
v -2.150031 61.440331 -7.735552
v -2.845977 61.225185 -6.973908
v -2.500800 61.223057 -8.146975
v -3.156027 63.446995 -0.057868
v -0.762491 63.194202 -0.598274
v -1.147517 64.280853 -1.978557
v -3.803850 58.773060 -5.987977
v -3.869470 58.298138 -5.905451
v -4.406800 58.668564 -5.451392
v 0.497995 60.310146 -4.577095
v 0.600778 59.870148 -3.895258
v 0.596951 59.433727 -4.125427
v -0.254680 61.616470 0.446013
v -1.718340 61.904099 1.329125
v -0.445393 59.084126 -0.692793
v -4.264344 61.385052 -6.064434
v -4.294344 58.995071 -5.938191
v -4.213773 61.270336 -6.672189
v 0.941934 60.781612 -2.484251
v 0.799538 61.210190 -0.923044
v 0.825921 60.209652 -1.867718
v -2.289011 57.339550 -5.773297
v -2.215256 58.316338 -6.015306
v -1.804522 57.445183 -6.614159
v -3.582435 61.318024 -6.795793
v -3.646671 59.928196 -6.759390
v -4.104812 59.836994 -6.337576
v -2.151205 61.603565 -8.467206
v -1.068942 62.044815 -8.181500
v -0.372521 60.667870 -8.087731
v 0.232710 58.106808 -3.071295
v 0.600778 59.870148 -3.895258
v 1.038145 60.353363 -3.379213
v 0.434081 60.113750 -5.477058
v 0.154039 60.159939 -6.038823
v -0.055041 61.533104 -6.127042
v -4.784952 61.218838 -6.582842
v -4.213773 61.270336 -6.672189
v -4.294344 58.995071 -5.938191
v -5.805070 61.278038 -0.606272
v -4.808898 61.715652 0.743193
v -5.140199 62.927273 -1.428233
v -3.395008 61.713951 -7.284033
v -4.094101 62.071995 -7.593256
v -3.582435 61.318024 -6.795793
v -5.240932 63.304974 -4.105660
v -5.870571 62.020565 -3.990385
v -5.140199 62.927273 -1.428233
v -2.858766 61.672443 -7.370554
v -3.395008 61.713951 -7.284033
v -3.452203 62.259518 -7.702246
v -4.264808 57.257370 -4.029912
v -4.560809 57.814526 -3.980087
v -4.164433 57.423103 -4.817617
v -5.385355 58.187634 -3.196887
v -5.102483 59.941864 -4.183451
v -4.778574 58.094906 -3.632607
v -4.659102 59.113247 -5.121909
v -4.515111 60.004478 -5.527517
v -4.238848 59.329113 -5.793910
v 0.189114 59.865887 -5.879467
v 0.434081 60.113750 -5.477058
v 0.419183 59.613132 -4.910805
v -2.955038 59.421204 -6.728003
v -2.995666 59.422039 -6.571626
v -3.763638 59.420280 -6.312153
v -3.702700 59.628590 -6.617306
v -3.763638 59.420280 -6.312153
v -4.238848 59.329113 -5.793910
v 0.158545 59.659428 -5.568556
v -0.456409 59.576874 -6.090214
v -0.436806 59.574745 -6.250578
v -4.094101 62.071995 -7.593256
v -5.388166 56.978390 -6.348012
v -3.521084 61.386589 -7.416869
v -4.213773 61.270336 -6.672189
v -3.582435 61.318024 -6.795793
v -4.264344 61.385052 -6.064434
v 0.419183 59.613132 -4.910805
v 0.158545 59.659428 -5.568556
v 0.189114 59.865887 -5.879467
v -1.156040 57.408634 -5.558500
v -1.642315 56.722282 -5.879354
v -1.649351 57.187580 -5.991887
v -3.156027 63.446995 -0.057868
v -2.923960 64.430023 -1.598078
v -4.409773 64.081940 -2.597040
v -0.409833 60.361629 -7.657926
v -2.176141 61.381134 -8.046364
v -1.418940 60.293301 -8.007483
v -2.892103 59.702961 -6.843131
v -2.845977 61.225185 -6.973908
v -1.715231 61.020191 -6.877007
v -0.445393 59.084126 -0.692793
v -0.114367 58.477421 -2.442259
v 0.825921 60.209652 -1.867718
v 1.038145 60.353363 -3.379213
v 0.497995 60.310146 -4.577095
v 0.300245 61.663372 -5.199045
v -1.715231 61.020191 -6.877007
v -2.845977 61.225185 -6.973908
v -2.150031 61.440331 -7.735552
v -6.069903 61.222843 -4.162020
v -5.453444 61.527390 -5.782149
v -5.597947 60.892696 -5.244975
v -4.264344 61.385052 -6.064434
v -3.582435 61.318024 -6.795793
v -4.104812 59.836994 -6.337576
v -2.215256 58.316338 -6.015306
v -2.314839 58.659222 -5.991031
v -1.915287 58.898193 -6.426766
v -3.452203 62.259518 -7.702246
v -4.359472 61.740376 -7.002811
v -4.920103 62.346802 -6.053396
v -1.281125 59.290054 -6.451772
v -1.650377 59.579418 -6.755715
v -0.486000 59.849670 -6.386964
v -2.068366 59.242054 -6.601023
v -1.650377 59.579418 -6.755715
v -1.654065 58.974468 -6.541705
v -1.650377 59.579418 -6.755715
v -1.281125 59.290054 -6.451772
v -1.654065 58.974468 -6.541705
v -2.039972 55.869022 -3.507452
v -1.275691 55.459091 -4.447715
v -0.716553 56.418930 -3.388576
v -4.515111 60.004478 -5.527517
v -4.807116 59.540409 -4.920528
v -5.430248 59.926964 -4.736464
v -1.309284 57.475376 -6.520267
v -1.445746 58.926823 -6.337748
v -1.250478 58.375164 -5.832395
v -2.215256 58.316338 -6.015306
v -1.915287 58.898193 -6.426766
v -1.804522 57.445183 -6.614159
v 0.596951 59.433727 -4.125427
v 0.526879 58.969391 -4.516027
v 0.419183 59.613132 -4.910805
v -2.176141 61.381134 -8.046364
v -2.151205 61.603565 -8.467206
v -1.407358 60.083393 -8.385374
v 0.941934 60.781612 -2.484251
v 1.055958 61.910732 -2.065310
v 0.799538 61.210190 -0.923044
v -1.766055 55.284996 -4.764428
v -1.701102 55.333275 -5.122558
v -1.275691 55.459091 -4.447715
v -1.690081 56.169422 -5.449600
v -0.969551 56.386696 -4.990109
v -1.701102 55.333275 -5.122558
v -3.289808 56.441978 -5.086540
v -2.548702 56.290409 -5.289496
v -2.363718 55.476978 -4.991600
v -2.548702 56.290409 -5.289496
v -3.289808 56.441978 -5.086540
v -2.668586 56.707802 -5.495960
v -0.969551 56.386696 -4.990109
v -0.376788 56.619598 -4.534267
v -1.153658 55.550758 -4.762188
v -4.406800 58.668564 -5.451392
v -3.793082 57.424175 -5.527688
v -4.164433 57.423103 -4.817617
v -2.845977 61.225185 -6.973908
v -2.892103 59.702961 -6.843131
v -3.646671 59.928196 -6.759390
v -0.659460 61.358509 -6.559372
v -0.055041 61.533104 -6.127042
v 0.154039 60.159939 -6.038823
v 0.526879 58.969391 -4.516027
v 0.232710 58.106808 -3.071295
v 0.217946 57.690311 -3.986772
v -3.521084 61.386589 -7.416869
v -5.388166 56.978390 -6.348012
v -3.193429 61.563629 -8.222073
v -1.068942 62.044815 -8.181500
v -2.151205 61.603565 -8.467206
v -2.858766 61.672443 -7.370554
v 0.825921 60.209652 -1.867718
v 0.664944 58.556541 -2.049825
v 1.181309 60.287766 -1.820214
v -4.164433 57.423103 -4.817617
v -3.793082 57.424175 -5.527688
v -3.289808 56.441978 -5.086540
v -0.428018 58.335766 -5.546174
v -1.250478 58.375164 -5.832395
v -1.207564 58.726734 -5.781105
v -4.659102 59.113247 -5.121909
v -4.406800 58.668564 -5.451392
v -4.560809 57.814526 -3.980087
v -1.718340 61.904099 1.329125
v -2.912428 58.889412 0.123014
v -0.445393 59.084126 -0.692793
v -3.370275 56.257126 -3.891689
v -2.354934 55.393284 -4.652326
v -2.039972 55.869022 -3.507452
v -0.376788 56.619598 -4.534267
v 0.133773 57.663609 -4.783205
v 0.217946 57.690311 -3.986772
v -4.264344 61.385052 -6.064434
v -4.515111 60.004478 -5.527517
v -5.597947 60.892696 -5.244975
v -4.560809 57.814526 -3.980087
v -4.406800 58.668564 -5.451392
v -4.164433 57.423103 -4.817617
v -4.406800 58.668564 -5.451392
v -3.869470 58.298138 -5.905451
v -3.793082 57.424175 -5.527688
v 0.133773 57.663609 -4.783205
v 0.239595 58.548687 -5.126424
v 0.526879 58.969391 -4.516027
v -0.445393 59.084126 -0.692793
v 0.799538 61.210190 -0.923044
v -0.254680 61.616470 0.446013
v -2.392717 59.307106 -6.390708
v -2.314839 58.659222 -5.991031
v -3.086251 58.622875 -6.118627
v -3.793082 57.424175 -5.527688
v -2.940522 57.393478 -5.774531
v -2.668586 56.707802 -5.495960
v -0.114367 58.477421 -2.442259
v -0.445393 59.084126 -0.692793
v -0.879684 57.952183 -0.773029
v -1.065856 59.388004 -6.139152
v -0.456409 59.576874 -6.090214
v -0.444209 58.783970 -5.617728
v -4.238848 59.329113 -5.793910
v -4.406800 58.668564 -5.451392
v -4.659102 59.113247 -5.121909
v -6.230062 60.656525 -2.225578
v -5.794369 59.805988 -3.122842
v -4.916541 58.811504 -1.540468
v 0.664944 58.556541 -2.049825
v 0.825921 60.209652 -1.867718
v -0.114367 58.477421 -2.442259
v -1.228819 61.942371 -7.798462
v -0.979497 61.599998 -7.869711
v -1.068942 62.044815 -8.181500
v -1.701102 55.333275 -5.122558
v -1.153658 55.550758 -4.762188
v -1.275691 55.459091 -4.447715
v 0.232710 58.106808 -3.071295
v 0.596951 59.433727 -4.125427
v 0.600778 59.870148 -3.895258
v -2.845977 61.225185 -6.973908
v -3.521084 61.386589 -7.416869
v -3.193429 61.563629 -8.222073
v -3.650169 64.583282 -4.157994
v -4.409773 64.081940 -2.597040
v -2.923960 64.430023 -1.598078
v -3.395008 61.713951 -7.284033
v -3.193429 61.563629 -8.222073
v -4.094101 62.071995 -7.593256
v 0.133773 57.663609 -4.783205
v -0.376788 56.619598 -4.534267
v -0.832472 56.819752 -5.147856
v -4.164433 57.423103 -4.817617
v -3.289808 56.441978 -5.086540
v -4.264808 57.257370 -4.029912
v -4.808898 61.715652 0.743193
v -5.805070 61.278038 -0.606272
v -4.916541 58.811504 -1.540468
v 0.300245 61.663372 -5.199045
v 0.434081 60.113750 -5.477058
v -0.055041 61.533104 -6.127042
v -1.701102 55.333275 -5.122558
v -2.363718 55.476978 -4.991600
v -2.548702 56.290409 -5.289496
v 0.042818 57.520016 -3.213239
v -0.540221 56.448620 -3.809392
v -0.376788 56.619598 -4.534267
v -2.289011 57.339550 -5.773297
v -2.668586 56.707802 -5.495960
v -2.940522 57.393478 -5.774531
v -1.065856 59.388004 -6.139152
v -1.281125 59.290054 -6.451772
v -0.436806 59.574745 -6.250578
v -5.870571 62.020565 -3.990385
v -6.069903 61.222843 -4.162020
v -5.743763 60.373959 -3.751776
v -4.070798 64.413986 -4.434142
v -4.409773 64.081940 -2.597040
v -3.650169 64.583282 -4.157994
v 0.300245 61.663372 -5.199045
v 0.497995 60.310146 -4.577095
v 0.434081 60.113750 -5.477058
v -3.582435 61.318024 -6.795793
v -4.213773 61.270336 -6.672189
v -4.359472 61.740376 -7.002811
v 0.274244 58.402996 -2.674655
v -0.140545 57.405933 -2.741005
v 0.042818 57.520016 -3.213239
v -4.264808 57.257370 -4.029912
v -4.254282 57.155109 -3.520918
v -4.778574 58.094906 -3.632607
v -2.955038 59.421204 -6.728003
v -2.068366 59.242054 -6.601023
v -2.392717 59.307106 -6.390708
v 1.055958 61.910732 -2.065310
v -0.762491 63.194202 -0.598274
v -0.254680 61.616470 0.446013
v 0.232710 58.106808 -3.071295
v 0.526879 58.969391 -4.516027
v 0.596951 59.433727 -4.125427
v 0.557700 60.286991 -3.110350
v 0.274244 58.402996 -2.674655
v 0.232710 58.106808 -3.071295
v -3.289808 56.441978 -5.086540
v -3.383161 56.275276 -4.348379
v -4.264808 57.257370 -4.029912
v -1.642315 56.722282 -5.879354
v -2.289011 57.339550 -5.773297
v -1.649351 57.187580 -5.991887
v -0.376788 56.619598 -4.534267
v -0.969551 56.386696 -4.990109
v -0.832472 56.819752 -5.147856
v -4.409773 64.081940 -2.597040
v -5.140199 62.927273 -1.428233
v -3.156027 63.446995 -0.057868
v -4.294344 58.995071 -5.938191
v -4.029325 56.821224 -5.336693
v -4.710624 58.763416 -5.762457
v -4.264344 61.385052 -6.064434
v -4.491035 58.689091 -5.372383
v -4.294344 58.995071 -5.938191
v -2.845977 61.225185 -6.973908
v -3.582435 61.318024 -6.795793
v -3.521084 61.386589 -7.416869
v -3.646671 59.928196 -6.759390
v -2.892103 59.702961 -6.843131
v -2.955038 59.421204 -6.728003
v -0.969551 56.386696 -4.990109
v -1.153658 55.550758 -4.762188
v -1.701102 55.333275 -5.122558
v -4.029325 56.821224 -5.336693
v -4.491035 58.689091 -5.372383
v -4.710624 58.763416 -5.762457
v -2.858766 61.672443 -7.370554
v -2.845977 61.225185 -6.973908
v -3.395008 61.713951 -7.284033
v -0.254680 61.616470 0.446013
v 0.799538 61.210190 -0.923044
v 1.055958 61.910732 -2.065310
v 0.497995 60.310146 -4.577095
v 0.596951 59.433727 -4.125427
v 0.419183 59.613132 -4.910805
v 0.217946 57.690311 -3.986772
v 0.042818 57.520016 -3.213239
v -0.376788 56.619598 -4.534267
v -4.560809 57.814526 -3.980087
v -5.102483 59.941864 -4.183451
v -5.430248 59.926964 -4.736464
v -2.892103 59.702961 -6.843131
v -2.068366 59.242054 -6.601023
v -2.955038 59.421204 -6.728003
v -0.436806 59.574745 -6.250578
v -0.486000 59.849670 -6.386964
v 0.154039 60.159939 -6.038823
v -0.436806 59.574745 -6.250578
v -1.281125 59.290054 -6.451772
v -0.486000 59.849670 -6.386964
v -3.452203 62.259518 -7.702246
v -2.893339 62.334316 -7.509944
v -2.858766 61.672443 -7.370554
v 0.526879 58.969391 -4.516027
v 0.239595 58.548687 -5.126424
v 0.153373 59.014347 -5.237737
v -2.858766 61.672443 -7.370554
v -2.176141 61.381134 -8.046364
v -2.500800 61.223057 -8.146975
v -4.359472 61.740376 -7.002811
v -4.784952 61.218838 -6.582842
v -5.453444 61.527390 -5.782149
v -4.409773 64.081940 -2.597040
v -4.070798 64.413986 -4.434142
v -5.240932 63.304974 -4.105660
v -2.151205 61.603565 -8.467206
v -1.123118 60.242229 -8.334425
v -1.407358 60.083393 -8.385374
v -0.409833 60.361629 -7.657926
v -0.372521 60.667870 -8.087731
v -0.979497 61.599998 -7.869711
v -5.805070 61.278038 -0.606272
v -5.140199 62.927273 -1.428233
v -5.870571 62.020565 -3.990385
v -0.372521 60.667870 -8.087731
v -1.123118 60.242229 -8.334425
v -2.151205 61.603565 -8.467206
v -4.659102 59.113247 -5.121909
v -4.807116 59.540409 -4.920528
v -4.515111 60.004478 -5.527517
v -5.453444 61.527390 -5.782149
v -4.920103 62.346802 -6.053396
v -4.359472 61.740376 -7.002811
v -0.879684 57.952183 -0.773029
v -0.445393 59.084126 -0.692793
v -2.912428 58.889412 0.123014
v -0.140545 57.405933 -2.741005
v -0.716553 56.418930 -3.388576
v -0.540221 56.448620 -3.809392
v -4.254282 57.155109 -3.520918
v -4.264808 57.257370 -4.029912
v -3.383161 56.275276 -4.348379
v -3.383161 56.275276 -4.348379
v -2.363718 55.476978 -4.991600
v -2.354934 55.393284 -4.652326
v -0.540221 56.448620 -3.809392
v -0.716553 56.418930 -3.388576
v -1.275691 55.459091 -4.447715
v 8.685289 5.985684 12.861978
v 8.147923 9.063687 10.447895
v 10.572364 6.747079 12.895091
v 10.295064 9.728750 11.068741
v 10.572364 6.747079 12.895091
v 10.295064 9.728750 11.068741
v 10.530794 7.447645 15.037901
v 10.465337 11.048961 13.133068
v 11.505429 11.715165 5.463672
v 14.131973 13.964087 8.507405
v 10.174878 11.047800 7.572335
v 12.338635 12.911420 10.050993
v 7.826187 11.720573 14.775390
v 5.562414 9.781254 12.152369
v 8.471966 7.504547 16.156124
v 7.150877 6.401087 14.616464
v 4.979441 16.669081 5.543859
v 4.779993 12.068146 7.222921
v 2.339919 13.809616 11.262877
v 11.505429 11.715165 5.463672
v 4.779993 12.068146 7.222921
v 4.979441 16.669081 5.543859
v 8.953279 19.718252 10.507291
v 10.052233 15.801864 13.582979
v 14.131973 13.964087 8.507405
v 4.969482 16.063480 14.309366
v 10.052233 15.801864 13.582979
v 8.953279 19.718252 10.507291
v 5.562457 12.264763 13.110520
v 2.339919 13.809616 11.262877
v 6.798177 9.780346 10.621401
v 5.562414 9.781254 12.152369
v 8.147923 9.063687 10.447895
v 8.685289 5.985684 12.861978
v 11.505429 11.715165 5.463672
v 10.174878 11.047800 7.572335
v 4.779993 12.068146 7.222921
v 6.798177 9.780346 10.621401
v 4.779993 12.068146 7.222921
v 10.174878 11.047800 7.572335
v 9.823484 9.619371 11.569220
v 12.338635 12.911420 10.050993
v 9.463796 12.037702 13.722528
v 11.907157 11.232389 8.634234
v 12.338635 12.911420 10.050993
v 9.823484 9.619371 11.569220
v 14.131973 13.964087 8.507405
v 10.052233 15.801864 13.582979
v 12.338635 12.911420 10.050993
v 5.148880 10.639532 14.625794
v 5.562414 9.781254 12.152369
v 7.826187 11.720573 14.775390
v 10.052233 15.801864 13.582979
v 9.463796 12.037702 13.722528
v 12.338635 12.911420 10.050993
v 7.826187 11.720573 14.775390
v 8.471966 7.504547 16.156124
v 10.530794 7.447645 15.037901
v 4.779993 12.068146 7.222921
v 6.798177 9.780346 10.621401
v 2.339919 13.809616 11.262877
v 2.339919 13.809616 11.262877
v 5.562457 12.264763 13.110520
v 4.969482 16.063480 14.309366
v 10.052233 15.801864 13.582979
v 4.969482 16.063480 14.309366
v 9.463796 12.037702 13.722528
v 5.562457 12.264763 13.110520
v 9.463796 12.037702 13.722528
v 4.969482 16.063480 14.309366
v 11.907157 11.232389 8.634234
v 10.174878 11.047800 7.572335
v 12.338635 12.911420 10.050993
v 11.907157 11.232389 8.634234
v 9.823484 9.619371 11.569220
v 10.174878 11.047800 7.572335
v 9.823484 9.619371 11.569220
v 6.798177 9.780346 10.621401
v 10.174878 11.047800 7.572335
v 4.599615 10.872142 10.339697
v 5.132965 12.703310 13.147936
v 10.295064 9.728750 11.068741
v 5.132965 12.703310 13.147936
v 8.324095 14.061637 14.655602
v 10.295064 9.728750 11.068741
v 7.826727 10.021470 8.304296
v 4.599615 10.872142 10.339697
v 10.295064 9.728750 11.068741
v 8.324095 14.061637 14.655602
v 11.420651 13.100301 12.468557
v 10.295064 9.728750 11.068741
v 10.570531 10.419423 8.641936
v 7.826727 10.021470 8.304296
v 10.295064 9.728750 11.068741
v 11.878580 11.542354 10.156822
v 10.295064 9.728750 11.068741
v 11.420651 13.100301 12.468557
v 12.189451 9.709058 11.721713
v 10.465337 11.048961 13.133068
v 11.878580 11.542354 10.156822
v 10.295064 9.728750 11.068741
v 8.147923 9.063687 10.447895
v 10.570531 10.419423 8.641936
v 7.875975 7.805237 9.525373
v 8.147923 9.063687 10.447895
v 4.509508 8.642060 11.494773
v 7.826187 11.720573 14.775390
v 10.465337 11.048961 13.133068
v 8.649345 12.188560 16.291578
v 11.840631 11.201665 14.119198
v 8.649345 12.188560 16.291578
v 10.465337 11.048961 13.133068
v 8.147923 9.063687 10.447895
v 10.517763 8.276962 9.784738
v 10.570531 10.419423 8.641936
v 10.465337 11.048961 13.133068
v 10.295064 9.728750 11.068741
v 11.878580 11.542354 10.156822
v 5.562414 9.781254 12.152369
v 4.509508 8.642060 11.494773
v 8.147923 9.063687 10.447895
v 10.465337 11.048961 13.133068
v 12.189451 9.709058 11.721713
v 11.840631 11.201665 14.119198
v 5.562414 9.781254 12.152369
v 5.148880 10.639532 14.625794
v 4.509508 8.642060 11.494773
v 7.826187 11.720573 14.775390
v 8.649345 12.188560 16.291578
v 5.148880 10.639532 14.625794
v 7.150877 6.401087 14.616464
v 5.562414 9.781254 12.152369
v 8.685289 5.985684 12.861978
v 10.530794 7.447645 15.037901
v 10.465337 11.048961 13.133068
v 7.826187 11.720573 14.775390
v 10.517763 8.276962 9.784738
v 8.147923 9.063687 10.447895
v 7.875975 7.805237 9.525373
v 4.850825 38.457718 -4.040890
v 5.976502 40.718143 -3.040120
v 7.102694 40.401417 -7.276385
v 7.367527 41.919296 -5.040871
v 5.324543 37.637978 -3.539991
v 6.726044 40.454582 -2.293696
v 8.128549 40.059032 -7.571013
v 8.459268 41.950966 -4.784959
v 4.471257 42.093693 -8.038379
v 4.735622 43.611652 -5.800857
v 2.220019 40.149975 -4.801320
v 3.344350 42.411350 -3.800900
v 3.953038 42.734081 -8.816132
v 4.283755 44.626015 -6.030082
v 1.149033 40.313026 -4.785110
v 2.550535 43.129627 -3.538813
v 0.076893 40.995625 -5.122257
v 1.477294 43.812328 -3.875518
v 2.880897 43.416676 -9.153277
v 3.210517 45.308708 -6.366780
v 9.201157 39.376354 -7.235871
v 9.530773 41.268387 -4.449375
v 6.396050 36.955402 -3.204408
v 7.797552 39.772007 -1.958114
v 6.191821 37.393929 -6.802272
v 5.324543 37.637978 -3.539991
v 8.128549 40.059032 -7.571013
v 2.220019 40.149975 -4.801320
v 2.915235 39.953934 -7.420256
v 4.471257 42.093693 -8.038379
v 1.149033 40.313026 -4.785110
v 2.016312 40.068977 -8.047391
v 3.953038 42.734081 -8.816132
v 5.547771 38.261559 -6.658712
v 4.850825 38.457718 -4.040890
v 7.102694 40.401417 -7.276385
v 0.943318 40.750824 -8.383296
v 0.076893 40.995625 -5.122257
v 2.880897 43.416676 -9.153277
v 6.396050 36.955402 -3.204408
v 7.263574 36.710506 -6.465892
v 9.201157 39.376354 -7.235871
v -3.474070 13.770937 -20.174744
v -0.146254 12.112720 -17.455069
v -4.845832 12.406545 -18.453255
v -2.130432 11.024152 -16.214001
v -6.537890 8.809158 -11.795428
v -9.405961 10.239403 -14.139444
v -8.235247 5.041888 -13.512153
v -9.912209 5.847071 -14.880702
v -5.295106 9.051401 -16.482836
v -6.492524 5.776313 -16.860727
v -7.570084 9.946833 -16.719629
v -8.730990 6.045084 -16.895138
v -4.634053 8.482697 -14.320071
v -6.379298 5.003154 -14.981559
v -5.295106 9.051401 -16.482836
v -6.492524 5.776313 -16.860727
v -1.427805 16.841408 -10.887469
v -6.569254 12.876770 -8.500442
v -2.181685 11.998727 -10.799614
v -0.146254 12.112720 -17.455069
v -1.427805 16.841408 -10.887469
v -2.181685 11.998727 -10.799614
v -6.744864 18.933863 -15.019657
v -3.474070 13.770937 -20.174744
v -8.954496 14.513020 -16.276363
v -9.900628 14.539349 -11.223188
v -6.744864 18.933863 -15.019657
v -8.954496 14.513020 -16.276363
v -7.570084 9.946833 -16.719629
v -5.862108 8.937483 -18.400497
v -4.698647 11.035282 -18.011471
v -5.295106 9.051401 -16.482836
v -7.570084 9.946833 -16.719629
v -4.698647 11.035282 -18.011471
v -9.144593 9.161680 -11.469389
v -6.537890 8.809158 -11.795428
v -5.708765 7.801739 -10.729377
v -5.708765 7.801739 -10.729377
v -6.537890 8.809158 -11.795428
v -4.634053 8.482697 -14.320071
v -5.862108 8.937483 -18.400497
v -7.570084 9.946833 -16.719629
v -8.516847 9.928433 -18.130484
v -5.781229 8.838387 -16.032125
v -3.144823 11.028488 -17.984165
v -2.130432 11.024152 -16.214001
v -4.634053 8.482697 -14.320071
v -5.295106 9.051401 -16.482836
v -3.041691 10.206406 -16.657108
v -4.845832 12.406545 -18.453255
v -5.781229 8.838387 -16.032125
v -8.377048 10.784132 -15.731757
v -6.379298 5.003154 -14.981559
v -4.634053 8.482697 -14.320071
v -6.537890 8.809158 -11.795428
v -6.569254 12.876770 -8.500442
v -7.962150 11.057980 -11.807547
v -4.992743 9.128145 -12.970902
v -7.962150 11.057980 -11.807547
v -6.569254 12.876770 -8.500442
v -9.900628 14.539349 -11.223188
v -4.634053 8.482697 -14.320071
v -3.745035 7.881745 -16.670254
v -3.493850 7.423573 -14.025291
v -7.570084 9.946833 -16.719629
v -8.730990 6.045084 -16.895138
v -9.405961 10.239403 -14.139444
v -8.730990 6.045084 -16.895138
v -9.912209 5.847071 -14.880702
v -9.405961 10.239403 -14.139444
v -3.745035 7.881745 -16.670254
v -4.634053 8.482697 -14.320071
v -3.041691 10.206406 -16.657108
v -4.992743 9.128145 -12.970902
v -5.781229 8.838387 -16.032125
v -2.130432 11.024152 -16.214001
v -5.295106 9.051401 -16.482836
v -4.698647 11.035282 -18.011471
v -7.285178 12.104687 -17.627754
v -2.130432 11.024152 -16.214001
v -0.146254 12.112720 -17.455069
v -2.181685 11.998727 -10.799614
v -8.377048 10.784132 -15.731757
v -7.962150 11.057980 -11.807547
v -9.900628 14.539349 -11.223188
v -8.377048 10.784132 -15.731757
v -8.954496 14.513020 -16.276363
v -4.845832 12.406545 -18.453255
v -8.099972 11.473269 -11.375427
v -5.009164 10.215371 -10.752179
v -5.295106 9.051401 -16.482836
v -4.992743 9.128145 -12.970902
v -2.181685 11.998727 -10.799614
v -6.569254 12.876770 -8.500442
v -9.728004 12.567260 -14.608708
v -8.099972 11.473269 -11.375427
v -5.295106 9.051401 -16.482836
v -2.181685 11.998727 -10.799614
v -4.992743 9.128145 -12.970902
v -2.130432 11.024152 -16.214001
v -9.900628 14.539349 -11.223188
v -8.954496 14.513020 -16.276363
v -8.377048 10.784132 -15.731757
v -10.953706 10.417277 -15.015961
v -9.405961 10.239403 -14.139444
v -9.144593 9.161680 -11.469389
v -7.570084 9.946833 -16.719629
v -9.405961 10.239403 -14.139444
v -10.953706 10.417277 -15.015961
v -6.537890 8.809158 -11.795428
v -8.235247 5.041888 -13.512153
v -6.379298 5.003154 -14.981559
v -2.130432 11.024152 -16.214001
v -3.144823 11.028488 -17.984165
v -4.845832 12.406545 -18.453255
v -8.954496 14.513020 -16.276363
v -3.474070 13.770937 -20.174744
v -4.845832 12.406545 -18.453255
v -10.953706 10.417277 -15.015961
v -8.516847 9.928433 -18.130484
v -7.570084 9.946833 -16.719629
v -4.845832 12.406545 -18.453255
v -3.144823 11.028488 -17.984165
v -5.781229 8.838387 -16.032125
v -4.634053 8.482697 -14.320071
v -3.493850 7.423573 -14.025291
v -5.708765 7.801739 -10.729377
v -6.537890 8.809158 -11.795428
v -9.144593 9.161680 -11.469389
v -9.405961 10.239403 -14.139444
v -5.009164 10.215371 -10.752179
v -2.731879 9.834054 -13.906435
v -5.295106 9.051401 -16.482836
v -7.285178 12.104687 -17.627754
v -9.728004 12.567260 -14.608708
v -5.295106 9.051401 -16.482836
v -2.731879 9.834054 -13.906435
v -3.041691 10.206406 -16.657108
v -5.295106 9.051401 -16.482836
v -0.744022 43.580048 -8.940247
v -1.538838 42.756424 -7.668156
v -3.365922 47.043556 -9.041205
v -4.492436 46.075783 -7.366043
v 0.482238 42.775814 -8.655524
v -0.360985 42.059288 -7.357614
v -0.744022 43.580048 -8.940247
v -1.538838 42.756424 -7.668156
v 0.192189 45.410103 -7.068226
v -0.387234 47.426060 -6.350237
v -0.582402 44.671673 -6.138053
v -1.230542 46.581219 -5.228047
v -1.729512 47.880844 -8.390210
v -2.714580 49.982895 -7.675758
v -0.387234 47.426060 -6.350237
v 0.482238 42.775814 -8.655524
v -0.098054 44.508369 -8.374667
v 1.283855 43.967945 -8.309874
v -3.226972 46.068295 -5.830401
v -4.492436 46.075783 -7.366043
v -1.538838 42.756424 -7.668156
v 1.283855 43.967945 -8.309874
v -0.098054 44.508369 -8.374667
v 1.369131 44.553391 -6.957939
v -1.538838 42.756424 -7.668156
v -0.360985 42.059288 -7.357614
v -1.291074 43.454853 -6.520853
v -0.098054 44.508369 -8.374667
v 0.482238 42.775814 -8.655524
v -0.744022 43.580048 -8.940247
v -3.365922 47.043556 -9.041205
v -1.729512 47.880844 -8.390210
v -0.744022 43.580048 -8.940247
v -3.226972 46.068295 -5.830401
v -1.291074 43.454853 -6.520853
v -0.582402 44.671673 -6.138053
v -1.538838 42.756424 -7.668156
v -1.291074 43.454853 -6.520853
v -3.226972 46.068295 -5.830401
v -1.729512 47.880844 -8.390210
v -0.387234 47.426060 -6.350237
v 0.192189 45.410103 -7.068226
v -0.582402 44.671673 -6.138053
v -1.291074 43.454853 -6.520853
v 0.482491 43.721962 -5.744393
v -1.729512 47.880844 -8.390210
v -0.098054 44.508369 -8.374667
v -0.744022 43.580048 -8.940247
v -0.098054 44.508369 -8.374667
v 0.192189 45.410103 -7.068226
v 1.369131 44.553391 -6.957939
v -1.291074 43.454853 -6.520853
v -0.360985 42.059288 -7.357614
v -0.309749 42.562424 -5.987393
v 0.192189 45.410103 -7.068226
v -0.582402 44.671673 -6.138053
v 0.482491 43.721962 -5.744393
v 0.482491 43.721962 -5.744393
v 1.369131 44.553391 -6.957939
v 0.192189 45.410103 -7.068226
v 0.192189 45.410103 -7.068226
v -0.098054 44.508369 -8.374667
v -1.729512 47.880844 -8.390210
v -0.582402 44.671673 -6.138053
v -1.230542 46.581219 -5.228047
v -3.226972 46.068295 -5.830401
v 0.482491 43.721962 -5.744393
v -1.291074 43.454853 -6.520853
v -0.309749 42.562424 -5.987393
v -8.157874 3.856207 -13.476176
v -10.545753 3.753299 -14.129503
v -7.951230 -0.513216 -12.931246
v -10.728304 -0.635359 -13.757506
v -10.728304 -0.635359 -13.757506
v -11.252490 -0.754290 -16.500807
v -7.951230 -0.513216 -12.931246
v -6.302983 -0.539036 -15.094019
v -8.048899 -0.979859 -25.437424
v -7.801325 1.199058 -25.550825
v -5.656893 -0.914143 -25.791473
v -5.766625 1.982372 -25.850847
v -5.656893 -0.914143 -25.791473
v -5.766625 1.982372 -25.850847
v -3.849174 -0.806144 -24.484751
v -4.293490 1.472834 -24.757822
v -10.331472 4.109943 -17.406199
v -11.252490 -0.754290 -16.500807
v -10.545753 3.753299 -14.129503
v -6.395478 4.291240 -16.625767
v -8.157874 3.856207 -13.476176
v -6.302983 -0.539036 -15.094019
v -10.728304 -0.635359 -13.757506
v -10.545753 3.753299 -14.129503
v -11.252490 -0.754290 -16.500807
v -7.951230 -0.513216 -12.931246
v -6.302983 -0.539036 -15.094019
v -8.157874 3.856207 -13.476176
v -5.972750 -0.609938 -17.301144
v -6.395478 4.291240 -16.625767
v -6.302983 -0.539036 -15.094019
v -5.972750 -0.609938 -17.301144
v -6.302983 -0.539036 -15.094019
v -11.252490 -0.754290 -16.500807
v -3.895702 -0.693764 -21.410679
v -5.972750 -0.609938 -17.301144
v -9.921034 -0.945197 -22.836964
v -9.921034 -0.945197 -22.836964
v -5.972750 -0.609938 -17.301144
v -11.252490 -0.754290 -16.500807
v -9.921034 -0.945197 -22.836964
v -8.048899 -0.979859 -25.437424
v -3.895702 -0.693764 -21.410679
v -4.293490 1.472834 -24.757822
v -4.692121 2.147264 -21.101721
v -3.895702 -0.693764 -21.410679
v -6.616923 2.492314 -23.014019
v -9.562495 1.777830 -22.266813
v -7.884949 4.938642 -18.327971
v -9.562495 1.777830 -22.266813
v -10.331472 4.109943 -17.406199
v -7.884949 4.938642 -18.327971
v -4.692121 2.147264 -21.101721
v -4.293490 1.472834 -24.757822
v -5.766625 1.982372 -25.850847
v -7.801325 1.199058 -25.550825
v -8.048899 -0.979859 -25.437424
v -9.921034 -0.945197 -22.836964
v -6.395478 4.291240 -16.625767
v -4.692121 2.147264 -21.101721
v -7.884949 4.938642 -18.327971
v -6.395478 4.291240 -16.625767
v -5.972750 -0.609938 -17.301144
v -4.692121 2.147264 -21.101721
v -3.849174 -0.806144 -24.484751
v -4.293490 1.472834 -24.757822
v -3.895702 -0.693764 -21.410679
v -4.692121 2.147264 -21.101721
v -6.616923 2.492314 -23.014019
v -7.884949 4.938642 -18.327971
v -3.849174 -0.806144 -24.484751
v -3.895702 -0.693764 -21.410679
v -8.048899 -0.979859 -25.437424
v -9.921034 -0.945197 -22.836964
v -9.562495 1.777830 -22.266813
v -7.801325 1.199058 -25.550825
v -7.801325 1.199058 -25.550825
v -9.562495 1.777830 -22.266813
v -5.766625 1.982372 -25.850847
v -5.766625 1.982372 -25.850847
v -6.616923 2.492314 -23.014019
v -4.692121 2.147264 -21.101721
v -9.921034 -0.945197 -22.836964
v -11.252490 -0.754290 -16.500807
v -9.562495 1.777830 -22.266813
v -10.331472 4.109943 -17.406199
v -9.562495 1.777830 -22.266813
v -11.252490 -0.754290 -16.500807
v -9.562495 1.777830 -22.266813
v -6.616923 2.492314 -23.014019
v -5.766625 1.982372 -25.850847
v -3.895702 -0.693764 -21.410679
v -4.692121 2.147264 -21.101721
v -5.972750 -0.609938 -17.301144
v -5.656893 -0.914143 -25.791473
v -3.849174 -0.806144 -24.484751
v -8.048899 -0.979859 -25.437424
v -6.928285 48.302277 -2.903773
v -7.251895 51.176613 -2.280799
v -7.430981 49.080704 -4.748907
v -0.318762 52.626530 -4.365885
v -0.332145 54.081367 -1.306368
v 0.833458 52.431248 -1.775360
v -6.928285 48.302277 -2.903773
v -7.430981 49.080704 -4.748907
v -6.092983 48.199390 -5.531189
v -6.872272 53.951496 -1.882358
v -6.034714 54.719978 0.377227
v -5.825390 55.355236 -1.856011
v -6.327839 50.974350 0.153289
v -6.928285 48.302277 -2.903773
v -5.881771 47.923782 -0.224968
v -6.327839 50.974350 0.153289
v -6.034714 54.719978 0.377227
v -6.872272 53.951496 -1.882358
v -7.251895 51.176613 -2.280799
v -6.928285 48.302277 -2.903773
v -6.327839 50.974350 0.153289
v -6.872272 53.951496 -1.882358
v -7.251895 51.176613 -2.280799
v -6.327839 50.974350 0.153289
v -2.411316 52.199772 -6.544997
v 0.829490 50.276714 -5.433848
v -0.474408 49.597027 -6.406868
v -2.081906 49.712357 -6.805010
v -2.411316 52.199772 -6.544997
v -0.474408 49.597027 -6.406868
v 0.829490 50.276714 -5.433848
v -0.318762 52.626530 -4.365885
v 0.833458 52.431248 -1.775360
v 2.034208 50.136364 -2.307386
v 0.673054 48.620461 -5.308086
v 0.829490 50.276714 -5.433848
v 0.829490 50.276714 -5.433848
v 0.833458 52.431248 -1.775360
v 2.034208 50.136364 -2.307386
v 0.829490 50.276714 -5.433848
v 0.673054 48.620461 -5.308086
v -0.474408 49.597027 -6.406868
v -0.332145 54.081367 -1.306368
v -0.318762 52.626530 -4.365885
v -2.021566 54.490086 -3.139082
v -0.318762 52.626530 -4.365885
v 0.829490 50.276714 -5.433848
v -2.411316 52.199772 -6.544997
v 0.050049 63.138054 -7.031448
v -0.111305 62.582661 -6.680496
v -0.259325 62.541908 -7.776375
v 1.408119 61.740444 -5.918142
v 4.086958 59.436668 -4.031410
v 1.007197 60.818401 -6.395735
v 0.805381 62.597080 -5.768463
v 1.714777 61.862965 -4.833324
v 1.408119 61.740444 -5.918142
v 2.963518 62.723274 -0.706361
v 1.055958 61.910732 -2.065310
v 1.714777 61.862965 -4.833324
v -2.858766 61.672443 -7.370554
v -2.893339 62.334316 -7.509944
v -2.370942 62.809654 -8.214982
v 1.133842 63.260128 -3.486907
v 0.233066 63.790298 -4.875675
v -0.095578 64.433388 -3.509238
v -1.147517 64.280853 -1.978557
v 0.349584 63.742107 -2.611842
v -0.095578 64.433388 -3.509238
v -5.597947 60.892696 -5.244975
v -8.117467 61.674614 -2.833277
v -6.069903 61.222843 -4.162020
v 1.714777 61.862965 -4.833324
v 1.055958 61.910732 -2.065310
v 0.941934 60.781612 -2.484251
v -0.724814 65.071365 -7.492926
v 0.206652 66.615425 -9.649007
v -1.917860 64.730171 -8.155186
v 1.133842 63.260128 -3.486907
v 1.714777 61.862965 -4.833324
v 0.805381 62.597080 -5.768463
v -1.099955 65.187912 -6.211204
v -0.618004 64.835800 -5.072156
v -0.207322 65.934723 -7.182199
v -0.618004 64.835800 -5.072156
v -1.099955 65.187912 -6.211204
v -0.663657 66.820450 -6.591187
v -2.259037 65.241302 -4.764629
v -0.663657 66.820450 -6.591187
v -2.491192 65.376709 -6.017658
v 1.408119 61.740444 -5.918142
v -0.111305 62.582661 -6.680496
v 0.805381 62.597080 -5.768463
v -2.722177 64.059608 -6.476313
v -1.099955 65.187912 -6.211204
v -1.459202 64.740326 -6.606223
v -1.319930 62.449070 -8.173003
v -1.228819 61.942371 -7.798462
v -2.858766 61.672443 -7.370554
v -0.618004 64.835800 -5.072156
v 0.233066 63.790298 -4.875675
v -0.394550 64.164398 -5.625100
v -0.259325 62.541908 -7.776375
v -1.228819 61.942371 -7.798462
v -1.319930 62.449070 -8.173003
v -1.099955 65.187912 -6.211204
v -0.207322 65.934723 -7.182199
v -1.459202 64.740326 -6.606223
v -6.230062 60.656525 -2.225578
v -7.956803 60.623066 -1.677184
v -5.794369 59.805988 -3.122842
v -0.111305 62.582661 -6.680496
v -0.446889 61.933964 -7.398099
v -0.259325 62.541908 -7.776375
v 1.055958 61.910732 -2.065310
v 2.963518 62.723274 -0.706361
v 0.349584 63.742107 -2.611842
v -0.762491 63.194202 -0.598274
v 1.055958 61.910732 -2.065310
v 0.349584 63.742107 -2.611842
v -5.743763 60.373959 -3.751776
v -8.117467 61.674614 -2.833277
v -5.430248 59.926964 -4.736464
v 2.450901 63.249084 -7.458345
v 0.805381 62.597080 -5.768463
v -0.111305 62.582661 -6.680496
v -0.111305 62.582661 -6.680496
v -0.113057 63.659645 -6.031545
v 2.450901 63.249084 -7.458345
v 0.805381 62.597080 -5.768463
v 0.233066 63.790298 -4.875675
v 1.133842 63.260128 -3.486907
v -0.113057 63.659645 -6.031545
v -0.111305 62.582661 -6.680496
v 0.050049 63.138054 -7.031448
v -0.394550 64.164398 -5.625100
v -0.207322 65.934723 -7.182199
v -0.618004 64.835800 -5.072156
v 0.233066 63.790298 -4.875675
v -0.113057 63.659645 -6.031545
v -0.394550 64.164398 -5.625100
v -1.418940 60.293301 -8.007483
v 1.531127 56.254318 -6.007372
v -0.409833 60.361629 -7.657926
v -0.663657 66.820450 -6.591187
v -1.099955 65.187912 -6.211204
v -2.491192 65.376709 -6.017658
v -5.794369 59.805988 -3.122842
v -7.956803 60.623066 -1.677184
v -5.743763 60.373959 -3.751776
v -0.409833 60.361629 -7.657926
v 1.531127 56.254318 -6.007372
v -0.372521 60.667870 -8.087731
v -0.259325 62.541908 -7.776375
v -0.446889 61.933964 -7.398099
v -1.228819 61.942371 -7.798462
v -0.111305 62.582661 -6.680496
v 1.408119 61.740444 -5.918142
v -0.446889 61.933964 -7.398099
v -5.430248 59.926964 -4.736464
v -8.117467 61.674614 -2.833277
v -5.597947 60.892696 -5.244975
v -1.099955 65.187912 -6.211204
v -2.722177 64.059608 -6.476313
v -2.491192 65.376709 -6.017658
v -0.095578 64.433388 -3.509238
v 0.349584 63.742107 -2.611842
v 1.133842 63.260128 -3.486907
v 1.133842 63.260128 -3.486907
v 2.963518 62.723274 -0.706361
v 1.714777 61.862965 -4.833324
v 0.349584 63.742107 -2.611842
v 2.963518 62.723274 -0.706361
v 1.133842 63.260128 -3.486907
v 0.157316 64.677933 -7.509993
v 0.206652 66.615425 -9.649007
v -0.724814 65.071365 -7.492926
v -8.117467 61.674614 -2.833277
v -5.743763 60.373959 -3.751776
v -6.069903 61.222843 -4.162020
v -0.113057 63.659645 -6.031545
v 0.157316 64.677933 -7.509993
v -0.724814 65.071365 -7.492926
v -0.113057 63.659645 -6.031545
v 0.050049 63.138054 -7.031448
v 0.157316 64.677933 -7.509993
v -2.858766 61.672443 -7.370554
v -2.370942 62.809654 -8.214982
v -1.319930 62.449070 -8.173003
v -0.762491 63.194202 -0.598274
v 0.349584 63.742107 -2.611842
v -1.147517 64.280853 -1.978557
v -5.870571 62.020565 -3.990385
v -7.757594 62.354168 -3.540884
v -6.069903 61.222843 -4.162020
v 1.714777 61.862965 -4.833324
v 4.086958 59.436668 -4.031410
v 1.408119 61.740444 -5.918142
v 2.450901 63.249084 -7.458345
v -0.113057 63.659645 -6.031545
v 0.233066 63.790298 -4.875675
v -5.743763 60.373959 -3.751776
v -7.956803 60.623066 -1.677184
v -6.230062 60.656525 -2.225578
v -0.372521 60.667870 -8.087731
v 1.531127 56.254318 -6.007372
v -1.123118 60.242229 -8.334425
v 2.450901 63.249084 -7.458345
v 0.233066 63.790298 -4.875675
v 0.805381 62.597080 -5.768463
v -7.757594 62.354168 -3.540884
v -5.453444 61.527390 -5.782149
v -6.069903 61.222843 -4.162020
v 1.408119 61.740444 -5.918142
v 1.007197 60.818401 -6.395735
v -0.446889 61.933964 -7.398099
v -1.123118 60.242229 -8.334425
v 1.531127 56.254318 -6.007372
v -1.418940 60.293301 -8.007483
v -5.870571 62.020565 -3.990385
v -5.453444 61.527390 -5.782149
v -7.757594 62.354168 -3.540884
v -2.370942 62.809654 -8.214982
v -1.552209 63.689281 -8.743502
v -1.319930 62.449070 -8.173003
v 1.603321 60.313721 -4.202242
v 1.038145 60.353363 -3.379213
v 0.354970 57.428123 -3.056078
v 0.941934 60.781612 -2.484251
v 1.038145 60.353363 -3.379213
v 1.603321 60.313721 -4.202242
v -1.201348 64.395164 -6.548901
v -2.722177 64.059608 -6.476313
v -1.459202 64.740326 -6.606223
v -0.446889 61.933964 -7.398099
v 0.454415 60.075699 -6.180703
v 0.186171 61.026730 -7.460663
v -0.618004 64.835800 -5.072156
v 1.088890 65.640900 -4.579306
v 0.233066 63.790298 -4.875675
v -1.201348 64.395164 -6.548901
v -0.724814 65.071365 -7.492926
v -2.806041 63.800217 -7.231491
v -0.724814 65.071365 -7.492926
v -1.201348 64.395164 -6.548901
v -0.113057 63.659645 -6.031545
v -2.893339 62.334316 -7.509944
v -3.263251 63.550014 -6.276452
v -2.806041 63.800217 -7.231491
v -1.319930 62.449070 -8.173003
v -1.552209 63.689281 -8.743502
v -0.133000 63.641388 -8.297082
v -0.409833 60.361629 -7.657926
v 0.167551 59.503849 -6.988103
v -0.973047 61.461956 -7.436601
v -3.196073 65.220879 -4.260387
v -2.715018 64.640060 -2.767769
v -2.134473 66.286186 -4.560528
v 0.745363 59.899837 -6.762057
v 0.167551 59.503849 -6.988103
v -0.409833 60.361629 -7.657926
v -0.409833 60.361629 -7.657926
v 0.186171 61.026730 -7.460663
v 0.745363 59.899837 -6.762057
v -0.095578 64.433388 -3.509238
v 1.088890 65.640900 -4.579306
v -1.052135 64.870880 -3.799062
v -2.715018 64.640060 -2.767769
v -3.196073 65.220879 -4.260387
v -3.650169 64.583282 -4.157994
v -2.715018 64.640060 -2.767769
v -1.762085 65.020798 -4.131449
v -2.134473 66.286186 -4.560528
v -2.491192 65.376709 -6.017658
v -3.232894 64.750488 -5.304756
v -2.259037 65.241302 -4.764629
v 1.088890 65.640900 -4.579306
v -0.095578 64.433388 -3.509238
v 0.233066 63.790298 -4.875675
v -3.650169 64.583282 -4.157994
v -3.232894 64.750488 -5.304756
v -3.263251 63.550014 -6.276452
v 1.603321 60.313721 -4.202242
v 4.086958 59.436668 -4.031410
v 1.714777 61.862965 -4.833324
v -2.806041 63.800217 -7.231491
v -1.917860 64.730171 -8.155186
v -2.370942 62.809654 -8.214982
v -2.259037 65.241302 -4.764629
v -1.762085 65.020798 -4.131449
v -0.663657 66.820450 -6.591187
v 1.883682 56.960068 -4.500648
v 0.454415 60.075699 -6.180703
v -0.068913 59.650642 -6.428571
v -3.196073 65.220879 -4.260387
v -2.134473 66.286186 -4.560528
v -2.259037 65.241302 -4.764629
v 1.007197 60.818401 -6.395735
v 2.633262 58.180820 -2.922237
v 0.454415 60.075699 -6.180703
v 1.038145 60.353363 -3.379213
v 0.300245 61.663372 -5.199045
v 0.454415 60.075699 -6.180703
v -0.068913 59.650642 -6.428571
v -0.055041 61.533104 -6.127042
v -0.659460 61.358509 -6.559372
v -3.263251 63.550014 -6.276452
v -2.722177 64.059608 -6.476313
v -2.806041 63.800217 -7.231491
v -2.370942 62.809654 -8.214982
v -2.893339 62.334316 -7.509944
v -2.806041 63.800217 -7.231491
v 0.343549 57.298733 -4.728446
v 0.454415 60.075699 -6.180703
v 1.166018 57.386349 -3.772145
v -0.068913 59.650642 -6.428571
v 0.454415 60.075699 -6.180703
v -0.055041 61.533104 -6.127042
v -2.500800 61.223057 -8.146975
v -2.176141 61.381134 -8.046364
v -0.983409 58.074211 -6.984247
v 0.354970 57.428123 -3.056078
v -0.106191 53.432297 -3.860562
v 1.166018 57.386349 -3.772145
v -1.480868 64.626060 -3.034364
v -1.147517 64.280853 -1.978557
v -0.095578 64.433388 -3.509238
v -0.133000 63.641388 -8.297082
v -0.259325 62.541908 -7.776375
v -1.319930 62.449070 -8.173003
v 0.941934 60.781612 -2.484251
v 1.603321 60.313721 -4.202242
v 1.714777 61.862965 -4.833324
v -0.618004 64.835800 -5.072156
v -1.762085 65.020798 -4.131449
v -1.052135 64.870880 -3.799062
v -0.113057 63.659645 -6.031545
v -1.201348 64.395164 -6.548901
v -0.394550 64.164398 -5.625100
v -0.973047 61.461956 -7.436601
v -0.068913 59.650642 -6.428571
v -0.659460 61.358509 -6.559372
v 1.603321 60.313721 -4.202242
v 0.454415 60.075699 -6.180703
v 2.633262 58.180820 -2.922237
v -2.715018 64.640060 -2.767769
v -2.923960 64.430023 -1.598078
v -1.480868 64.626060 -3.034364
v -2.806041 63.800217 -7.231491
v -2.722177 64.059608 -6.476313
v -1.201348 64.395164 -6.548901
v 0.167551 59.503849 -6.988103
v 1.883682 56.960068 -4.500648
v -0.068913 59.650642 -6.428571
v -3.263251 63.550014 -6.276452
v -3.232894 64.750488 -5.304756
v -2.722177 64.059608 -6.476313
v -0.133000 63.641388 -8.297082
v -1.552209 63.689281 -8.743502
v 0.206652 66.615425 -9.649007
v -1.407358 60.083393 -8.385374
v -0.185914 57.704834 -7.645219
v -1.418940 60.293301 -8.007483
v 0.354970 57.428123 -3.056078
v 1.166018 57.386349 -3.772145
v 1.603321 60.313721 -4.202242
v 0.454415 60.075699 -6.180703
v 1.603321 60.313721 -4.202242
v 1.166018 57.386349 -3.772145
v 1.883682 56.960068 -4.500648
v 0.745363 59.899837 -6.762057
v 0.454415 60.075699 -6.180703
v -1.052135 64.870880 -3.799062
v 1.088890 65.640900 -4.579306
v -0.618004 64.835800 -5.072156
v 0.206652 66.615425 -9.649007
v -1.552209 63.689281 -8.743502
v -1.917860 64.730171 -8.155186
v 0.050049 63.138054 -7.031448
v -0.133000 63.641388 -8.297082
v 0.157316 64.677933 -7.509993
v 0.354970 57.428123 -3.056078
v 1.038145 60.353363 -3.379213
v 0.343549 57.298733 -4.728446
v -1.480868 64.626060 -3.034364
v -1.762085 65.020798 -4.131449
v -2.715018 64.640060 -2.767769
v 1.166018 57.386349 -3.772145
v -0.106191 53.432297 -3.860562
v 0.343549 57.298733 -4.728446
v -1.480868 64.626060 -3.034364
v -2.923960 64.430023 -1.598078
v -1.147517 64.280853 -1.978557
v -1.201348 64.395164 -6.548901
v -0.207322 65.934723 -7.182199
v -0.394550 64.164398 -5.625100
v 4.086958 59.436668 -4.031410
v 1.603321 60.313721 -4.202242
v 1.007197 60.818401 -6.395735
v 0.300245 61.663372 -5.199045
v -0.055041 61.533104 -6.127042
v 0.454415 60.075699 -6.180703
v 2.633262 58.180820 -2.922237
v 1.007197 60.818401 -6.395735
v 1.603321 60.313721 -4.202242
v 0.454415 60.075699 -6.180703
v -0.446889 61.933964 -7.398099
v 1.007197 60.818401 -6.395735
v -1.480868 64.626060 -3.034364
v -0.095578 64.433388 -3.509238
v -1.052135 64.870880 -3.799062
v -2.722177 64.059608 -6.476313
v -3.232894 64.750488 -5.304756
v -2.491192 65.376709 -6.017658
v -1.917860 64.730171 -8.155186
v -1.552209 63.689281 -8.743502
v -2.370942 62.809654 -8.214982
v -2.134473 66.286186 -4.560528
v -1.762085 65.020798 -4.131449
v -2.259037 65.241302 -4.764629
v -3.232894 64.750488 -5.304756
v -3.650169 64.583282 -4.157994
v -3.196073 65.220879 -4.260387
v -0.207322 65.934723 -7.182199
v -1.201348 64.395164 -6.548901
v -1.459202 64.740326 -6.606223
v -2.923960 64.430023 -1.598078
v -2.715018 64.640060 -2.767769
v -3.650169 64.583282 -4.157994
v -1.762085 65.020798 -4.131449
v -1.480868 64.626060 -3.034364
v -1.052135 64.870880 -3.799062
v 0.167551 59.503849 -6.988103
v -0.068913 59.650642 -6.428571
v -0.973047 61.461956 -7.436601
v 1.883682 56.960068 -4.500648
v 0.167551 59.503849 -6.988103
v 0.745363 59.899837 -6.762057
v -1.762085 65.020798 -4.131449
v -0.618004 64.835800 -5.072156
v -0.663657 66.820450 -6.591187
v 0.343549 57.298733 -4.728446
v -0.106191 53.432297 -3.860562
v 0.354970 57.428123 -3.056078
v -1.418940 60.293301 -8.007483
v -0.185914 57.704834 -7.645219
v -1.123118 60.242229 -8.334425
v -2.150031 61.440331 -7.735552
v -0.983409 58.074211 -6.984247
v -2.176141 61.381134 -8.046364
v -0.724814 65.071365 -7.492926
v -1.917860 64.730171 -8.155186
v -2.806041 63.800217 -7.231491
v -0.133000 63.641388 -8.297082
v 0.206652 66.615425 -9.649007
v 0.157316 64.677933 -7.509993
v 0.454415 60.075699 -6.180703
v 0.745363 59.899837 -6.762057
v 0.186171 61.026730 -7.460663
v 1.038145 60.353363 -3.379213
v 0.454415 60.075699 -6.180703
v 0.343549 57.298733 -4.728446
v -1.123118 60.242229 -8.334425
v -0.185914 57.704834 -7.645219
v -1.407358 60.083393 -8.385374
v -3.232894 64.750488 -5.304756
v -3.196073 65.220879 -4.260387
v -2.259037 65.241302 -4.764629
v -2.150031 61.440331 -7.735552
v -2.500800 61.223057 -8.146975
v -0.983409 58.074211 -6.984247
v -0.133000 63.641388 -8.297082
v 0.050049 63.138054 -7.031448
v -0.259325 62.541908 -7.776375
v 9.605724 43.613514 -6.426991
v 8.332984 46.298447 -2.760849
v 9.540704 42.623821 -5.784165
v 7.956539 44.606041 -1.891575
v 8.422207 42.001301 -5.971286
v 6.357186 43.744370 -2.211332
v 7.650429 42.574028 -6.739660
v 5.055469 44.343418 -3.289042
v 9.540704 42.623821 -5.784165
v 7.956539 44.606041 -1.891575
v 8.422207 42.001301 -5.971286
v 6.357186 43.744370 -2.211332
v 7.080797 47.020844 -3.892519
v 5.328069 45.883213 -4.118921
v 6.490697 47.232315 -2.671287
v 5.045998 46.328548 -2.882835
v 6.625914 46.057228 0.139877
v 4.940342 48.729378 2.913825
v 5.203697 45.163628 -0.188024
v 3.005886 47.657776 2.565401
v 6.625914 46.057228 0.139877
v 5.203697 45.163628 -0.188024
v 7.199829 45.469509 -0.852179
v 5.722661 44.670868 -1.150823
v 4.450418 47.301731 -1.522565
v 3.185606 49.068871 -1.101086
v 5.597671 48.126068 -1.399802
v 4.518600 49.997887 -0.890563
v 7.956539 44.606041 -1.891575
v 8.332984 46.298447 -2.760849
v 7.199829 45.469509 -0.852179
v 5.328069 45.883213 -4.118921
v 7.713527 43.496826 -7.331328
v 5.055469 44.343418 -3.289042
v 5.722661 44.670868 -1.150823
v 7.956539 44.606041 -1.891575
v 7.199829 45.469509 -0.852179
v 6.357186 43.744370 -2.211332
v 5.722661 44.670868 -1.150823
v 5.055469 44.343418 -3.289042
v 8.738633 44.159065 -7.235174
v 7.080797 47.020844 -3.892519
v 9.605724 43.613514 -6.426991
v 5.328069 45.883213 -4.118921
v 7.080797 47.020844 -3.892519
v 8.738633 44.159065 -7.235174
v 7.080797 47.020844 -3.892519
v 8.332984 46.298447 -2.760849
v 9.605724 43.613514 -6.426991
v 8.738633 44.159065 -7.235174
v 7.713527 43.496826 -7.331328
v 5.328069 45.883213 -4.118921
v 7.713527 43.496826 -7.331328
v 7.650429 42.574028 -6.739660
v 5.055469 44.343418 -3.289042
v 7.956539 44.606041 -1.891575
v 5.722661 44.670868 -1.150823
v 6.357186 43.744370 -2.211332
v 8.332984 46.298447 -2.760849
v 6.526555 47.109959 -0.591039
v 7.199829 45.469509 -0.852179
v 2.525509 48.061913 0.677124
v 5.203697 45.163628 -0.188024
v 3.005886 47.657776 2.565401
v 8.332984 46.298447 -2.760849
v 6.490697 47.232315 -2.671287
v 6.526555 47.109959 -0.591039
v 5.055469 44.343418 -3.289042
v 5.045998 46.328548 -2.882835
v 5.328069 45.883213 -4.118921
v 8.332984 46.298447 -2.760849
v 7.080797 47.020844 -3.892519
v 6.490697 47.232315 -2.671287
v 4.000896 51.835361 2.282228
v 5.322586 49.971016 1.459528
v 4.518600 49.997887 -0.890563
v 5.722661 44.670868 -1.150823
v 4.418748 45.948635 -1.018188
v 5.055469 44.343418 -3.289042
v 7.199829 45.469509 -0.852179
v 6.526555 47.109959 -0.591039
v 6.625914 46.057228 0.139877
v 6.526555 47.109959 -0.591039
v 5.597671 48.126068 -1.399802
v 5.322586 49.971016 1.459528
v 2.525509 48.061913 0.677124
v 3.185606 49.068871 -1.101086
v 4.450418 47.301731 -1.522565
v 4.418748 45.948635 -1.018188
v 5.722661 44.670868 -1.150823
v 5.203697 45.163628 -0.188024
v 4.418748 45.948635 -1.018188
v 5.045998 46.328548 -2.882835
v 5.055469 44.343418 -3.289042
v 5.203697 45.163628 -0.188024
v 2.525509 48.061913 0.677124
v 4.418748 45.948635 -1.018188
v 5.322586 49.971016 1.459528
v 4.940342 48.729378 2.913825
v 6.625914 46.057228 0.139877
v 5.322586 49.971016 1.459528
v 6.625914 46.057228 0.139877
v 6.526555 47.109959 -0.591039
v 5.045998 46.328548 -2.882835
v 4.450418 47.301731 -1.522565
v 5.597671 48.126068 -1.399802
v 4.418748 45.948635 -1.018188
v 4.450418 47.301731 -1.522565
v 5.045998 46.328548 -2.882835
v 6.526555 47.109959 -0.591039
v 6.490697 47.232315 -2.671287
v 5.597671 48.126068 -1.399802
v 4.450418 47.301731 -1.522565
v 4.418748 45.948635 -1.018188
v 2.525509 48.061913 0.677124
v 5.045998 46.328548 -2.882835
v 5.597671 48.126068 -1.399802
v 6.490697 47.232315 -2.671287
v 5.597671 48.126068 -1.399802
v 4.518600 49.997887 -0.890563
v 5.322586 49.971016 1.459528
v 13.450179 40.946583 -9.286122
v 12.873598 38.542797 -11.195913
v 12.470625 39.810951 -10.582341
v 12.363386 39.457684 -10.856927
v 11.660382 38.733047 -12.818296
v 12.295739 39.635006 -11.952240
v 11.998031 38.318710 -13.043491
v 13.132561 39.342453 -11.923021
v 13.583991 41.505081 -10.134640
v 13.132561 39.342453 -11.923021
v 12.566163 40.571613 -11.227218
v 12.430910 39.962162 -11.675147
v 11.660382 38.733047 -12.818296
v 11.494137 38.337109 -12.336364
v 12.295739 39.635006 -11.952240
v 12.091339 39.145859 -11.359060
v 11.998031 38.318710 -13.043491
v 13.132561 39.342453 -11.923021
v 11.829806 37.922173 -12.562739
v 12.923558 38.835709 -11.310795
v 10.343318 37.530983 -9.479064
v 11.264838 37.799934 -8.710492
v 10.681143 38.711910 -11.945638
v 12.231895 39.324051 -10.984097
v 10.343318 37.530983 -9.479064
v 10.681143 38.711910 -11.945638
v 10.494516 37.113056 -9.733477
v 10.805717 38.245605 -12.164491
v 11.494137 38.337109 -12.336364
v 11.660382 38.733047 -12.818296
v 11.829806 37.922173 -12.562739
v 11.998031 38.318710 -13.043491
v 10.343318 37.530983 -9.479064
v 10.494516 37.113056 -9.733477
v 11.264838 37.799934 -8.710492
v 11.911967 37.313267 -8.747461
v 12.923558 38.835709 -11.310795
v 12.091339 39.145859 -11.359060
v 11.829806 37.922173 -12.562739
v 11.494137 38.337109 -12.336364
v 12.873598 38.542797 -11.195913
v 10.805717 38.245605 -12.164491
v 12.231895 39.324051 -10.984097
v 10.681143 38.711910 -11.945638
v 12.430910 39.962162 -11.675147
v 12.217709 39.439007 -11.042757
v 12.566163 40.571613 -11.227218
v 12.310531 39.985096 -10.503586
v 12.091339 39.145859 -11.359060
v 12.217709 39.439007 -11.042757
v 12.295739 39.635006 -11.952240
v 12.430910 39.962162 -11.675147
v 12.231895 39.324051 -10.984097
v 11.264838 37.799934 -8.710492
v 12.363386 39.457684 -10.856927
v 11.235072 37.915195 -8.616014
v 9.172401 41.308907 -9.086572
v 10.452031 40.548717 -9.472054
v 8.942776 40.582706 -7.984401
v 9.597695 39.509327 -8.004421
v 12.873598 38.542797 -11.195913
v 11.911967 37.313267 -8.747461
v 10.494516 37.113056 -9.733477
v 10.494516 37.113056 -9.733477
v 10.805717 38.245605 -12.164491
v 12.873598 38.542797 -11.195913
v 12.923558 38.835709 -11.310795
v 12.310531 39.985096 -10.503586
v 12.217709 39.439007 -11.042757
v 11.911967 37.313267 -8.747461
v 11.235072 37.915195 -8.616014
v 11.264838 37.799934 -8.710492
v 12.363386 39.457684 -10.856927
v 12.873598 38.542797 -11.195913
v 12.231895 39.324051 -10.984097
v 12.923558 38.835709 -11.310795
v 12.217709 39.439007 -11.042757
v 12.091339 39.145859 -11.359060
v 13.132561 39.342453 -11.923021
v 12.295739 39.635006 -11.952240
v 12.430910 39.962162 -11.675147
v 12.873598 38.542797 -11.195913
v 13.450179 40.946583 -9.286122
v 11.911967 37.313267 -8.747461
v 12.363386 39.457684 -10.856927
v 11.235072 37.915195 -8.616014
v 10.933403 38.593800 -8.170877
v 11.911967 37.313267 -8.747461
v 11.841695 39.268246 -7.220410
v 10.933403 38.593800 -8.170877
v 12.310531 39.985096 -10.503586
v 12.923558 38.835709 -11.310795
v 13.450179 40.946583 -9.286122
v 12.310531 39.985096 -10.503586
v 13.450179 40.946583 -9.286122
v 12.282724 40.088966 -10.456197
v 12.282724 40.088966 -10.456197
v 13.450179 40.946583 -9.286122
v 12.470625 39.810951 -10.582341
v 13.450179 40.946583 -9.286122
v 11.841695 39.268246 -7.220410
v 11.911967 37.313267 -8.747461
v 13.583991 41.505081 -10.134640
v 12.566163 40.571613 -11.227218
v 12.620800 40.673321 -11.159370
v 10.933403 38.593800 -8.170877
v 12.282724 40.088966 -10.456197
v 12.470625 39.810951 -10.582341
v 12.282724 40.088966 -10.456197
v 12.620800 40.673321 -11.159370
v 12.566163 40.571613 -11.227218
v 12.282724 40.088966 -10.456197
v 12.566163 40.571613 -11.227218
v 12.310531 39.985096 -10.503586
v 13.450179 40.946583 -9.286122
v 13.132561 39.342453 -11.923021
v 13.583991 41.505081 -10.134640
v 13.132561 39.342453 -11.923021
v 13.450179 40.946583 -9.286122
v 12.923558 38.835709 -11.310795
v 10.933403 38.593800 -8.170877
v 12.470625 39.810951 -10.582341
v 12.363386 39.457684 -10.856927
v 10.933403 38.593800 -8.170877
v 11.235072 37.915195 -8.616014
v 11.911967 37.313267 -8.747461
v 8.942776 40.582706 -7.984401
v 9.597695 39.509327 -8.004421
v 10.003202 41.465523 -6.909139
v 10.452031 40.548717 -9.472054
v 10.933403 38.593800 -8.170877
v 9.597695 39.509327 -8.004421
v 10.452031 40.548717 -9.472054
v 12.282724 40.088966 -10.456197
v 10.933403 38.593800 -8.170877
v 11.841695 39.268246 -7.220410
v 9.597695 39.509327 -8.004421
v 10.933403 38.593800 -8.170877
v 10.003202 41.465523 -6.909139
v 11.841695 39.268246 -7.220410
v 13.450179 40.946583 -9.286122
v 13.450179 40.946583 -9.286122
v 13.583991 41.505081 -10.134640
v 10.446317 43.023640 -8.800792
v 10.446317 43.023640 -8.800792
v 10.003202 41.465523 -6.909139
v 13.450179 40.946583 -9.286122
v 9.597695 39.509327 -8.004421
v 11.841695 39.268246 -7.220410
v 10.003202 41.465523 -6.909139
v 8.468352 42.423920 -9.142203
v 9.851846 43.238281 -8.874691
v 10.446317 43.023640 -8.800792
v 9.851846 43.238281 -8.874691
v 10.528646 41.651516 -7.360304
v 10.003202 41.465523 -6.909139
v 8.942776 40.582706 -7.984401
v 9.051332 40.838459 -7.652232
v 9.172401 41.308907 -9.086572
v 8.942776 40.582706 -7.984401
v 10.003202 41.465523 -6.909139
v 10.528646 41.651516 -7.360304
v 10.528646 41.651516 -7.360304
v 9.051332 40.838459 -7.652232
v 8.942776 40.582706 -7.984401
v 10.003202 41.465523 -6.909139
v 10.446317 43.023640 -8.800792
v 9.851846 43.238281 -8.874691
v 10.446317 43.023640 -8.800792
v 9.349911 42.199184 -9.816152
v 8.468352 42.423920 -9.142203
v 9.051332 40.838459 -7.652232
v 8.468352 42.423920 -9.142203
v 9.172401 41.308907 -9.086572
v 8.468352 42.423920 -9.142203
v 9.349911 42.199184 -9.816152
v 9.172401 41.308907 -9.086572
v 12.266853 38.609268 -12.228224
v 11.668078 39.526379 -11.938275
v 11.600457 38.180122 -12.019730
v 10.914375 39.073826 -11.747628
v 12.056296 38.695332 -12.820702
v 12.266853 38.609268 -12.228224
v 11.387938 38.269196 -12.596232
v 11.600457 38.180122 -12.019730
v 11.600457 38.180122 -12.019730
v 10.914375 39.073826 -11.747628
v 11.387938 38.269196 -12.596232
v 10.528999 39.323158 -12.537586
v 11.387938 38.269196 -12.596232
v 10.528999 39.323158 -12.537586
v 12.056296 38.695332 -12.820702
v 11.300882 39.795685 -12.746277
v 11.668078 39.526379 -11.938275
v 12.266853 38.609268 -12.228224
v 11.300882 39.795685 -12.746277
v 12.056296 38.695332 -12.820702
v 10.528999 39.323158 -12.537586
v 10.914375 39.073826 -11.747628
v 9.940089 40.484619 -10.506061
v 11.668078 39.526379 -11.938275
v 9.940089 40.484619 -10.506061
v 10.914375 39.073826 -11.747628
v 9.940089 40.484619 -10.506061
v 9.349911 42.199184 -9.816152
v 9.923338 41.193600 -11.309312
v 10.528999 39.323158 -12.537586
v 9.940089 40.484619 -10.506061
v 9.923338 41.193600 -11.309312
v 10.446317 43.023640 -8.800792
v 9.923338 41.193600 -11.309312
v 9.349911 42.199184 -9.816152
v 9.172401 41.308907 -9.086572
v 9.940089 40.484619 -10.506061
v 10.452031 40.548717 -9.472054
v 9.940089 40.484619 -10.506061
v 9.172401 41.308907 -9.086572
v 9.349911 42.199184 -9.816152
v 9.923338 41.193600 -11.309312
v 11.300882 39.795685 -12.746277
v 10.528999 39.323158 -12.537586
v 11.288847 41.884254 -11.137787
v 10.446317 43.023640 -8.800792
v 13.583991 41.505081 -10.134640
v 11.288847 41.884254 -11.137787
v 13.583991 41.505081 -10.134640
v 12.620800 40.673321 -11.159370
v 12.620800 40.673321 -11.159370
v 11.708356 40.601654 -11.250221
v 11.288847 41.884254 -11.137787
v 10.446317 43.023640 -8.800792
v 11.288847 41.884254 -11.137787
v 9.923338 41.193600 -11.309312
v 12.282724 40.088966 -10.456197
v 10.452031 40.548717 -9.472054
v 11.708356 40.601654 -11.250221
v 11.708356 40.601654 -11.250221
v 12.620800 40.673321 -11.159370
v 12.282724 40.088966 -10.456197
v 11.708356 40.601654 -11.250221
v 10.452031 40.548717 -9.472054
v 9.940089 40.484619 -10.506061
v 11.300882 39.795685 -12.746277
v 11.708356 40.601654 -11.250221
v 11.668078 39.526379 -11.938275
v 11.300882 39.795685 -12.746277
v 9.923338 41.193600 -11.309312
v 11.288847 41.884254 -11.137787
v 9.940089 40.484619 -10.506061
v 11.668078 39.526379 -11.938275
v 11.708356 40.601654 -11.250221
v 11.708356 40.601654 -11.250221
v 11.300882 39.795685 -12.746277
v 11.288847 41.884254 -11.137787
v 10.390033 1.011364 18.226782
v 7.653610 0.900403 17.666170
v 9.049112 0.783111 13.259603
v 6.864305 0.771099 14.878689
v 7.722916 5.281076 17.179430
v 7.101369 5.171805 14.783363
v 7.653610 0.900403 17.666170
v 6.864305 0.771099 14.878689
v 19.612055 4.011454 12.662516
v 19.755577 1.117320 12.756127
v 18.580156 3.325298 11.217237
v 18.472883 1.007429 10.931392
v 19.335405 3.352090 14.743936
v 19.369658 1.193043 15.142902
v 19.612055 4.011454 12.662516
v 19.755577 1.117320 12.756127
v 11.260717 0.844857 12.958835
v 16.744164 1.174585 16.980000
v 10.390033 1.011364 18.226782
v 7.722916 5.281076 17.179430
v 7.653610 0.900403 17.666170
v 10.390033 1.011364 18.226782
v 9.049112 0.783111 13.259603
v 6.864305 0.771099 14.878689
v 7.101369 5.171805 14.783363
v 9.049112 0.783111 13.259603
v 11.260717 0.844857 12.958835
v 10.390033 1.011364 18.226782
v 10.240289 5.703894 13.028578
v 11.260717 0.844857 12.958835
v 9.049112 0.783111 13.259603
v 11.260717 0.844857 12.958835
v 15.398074 0.906296 10.936969
v 16.744164 1.174585 16.980000
v 10.390033 1.011364 18.226782
v 10.969899 5.851545 16.975714
v 7.722916 5.281076 17.179430
v 7.101369 5.171805 14.783363
v 10.240289 5.703894 13.028578
v 9.049112 0.783111 13.259603
v 19.335405 3.352090 14.743936
v 15.992062 3.819306 16.424761
v 16.744164 1.174585 16.980000
v 19.612055 4.011454 12.662516
v 18.580156 3.325298 11.217237
v 14.880287 3.766970 11.528261
v 15.398074 0.906296 10.936969
v 14.880287 3.766970 11.528261
v 18.580156 3.325298 11.217237
v 15.992062 3.819306 16.424761
v 16.733755 4.378409 13.444407
v 11.870001 6.571214 14.486981
v 19.612055 4.011454 12.662516
v 16.733755 4.378409 13.444407
v 15.992062 3.819306 16.424761
v 18.472883 1.007429 10.931392
v 15.398074 0.906296 10.936969
v 18.580156 3.325298 11.217237
v 15.398074 0.906296 10.936969
v 18.472883 1.007429 10.931392
v 19.369658 1.193043 15.142902
v 16.733755 4.378409 13.444407
v 19.612055 4.011454 12.662516
v 14.880287 3.766970 11.528261
v 10.390033 1.011364 18.226782
v 16.744164 1.174585 16.980000
v 15.992062 3.819306 16.424761
v 14.880287 3.766970 11.528261
v 15.398074 0.906296 10.936969
v 11.260717 0.844857 12.958835
v 15.992062 3.819306 16.424761
v 19.335405 3.352090 14.743936
v 19.612055 4.011454 12.662516
v 16.733755 4.378409 13.444407
v 14.880287 3.766970 11.528261
v 11.870001 6.571214 14.486981
v 14.880287 3.766970 11.528261
v 11.260717 0.844857 12.958835
v 10.240289 5.703894 13.028578
v 15.992062 3.819306 16.424761
v 10.969899 5.851545 16.975714
v 10.390033 1.011364 18.226782
v 19.369658 1.193043 15.142902
v 16.744164 1.174585 16.980000
v 15.398074 0.906296 10.936969
v 11.870001 6.571214 14.486981
v 10.969899 5.851545 16.975714
v 15.992062 3.819306 16.424761
v 14.880287 3.766970 11.528261
v 10.240289 5.703894 13.028578
v 11.870001 6.571214 14.486981
v 16.744164 1.174585 16.980000
v 19.369658 1.193043 15.142902
v 19.335405 3.352090 14.743936
v 18.472883 1.007429 10.931392
v 19.755577 1.117320 12.756127
v 19.369658 1.193043 15.142902
v -1.431292 55.069168 0.094074
v -0.975721 56.569111 -2.979394
v -0.505074 57.376392 -2.403639
v -4.037141 57.161034 -3.073275
v -3.297728 56.427528 -3.419618
v -2.254354 54.678810 -2.153082
v -4.353351 57.740379 -1.431593
v -4.297172 55.862728 -2.272341
v -4.604927 56.351826 -0.274551
v -1.375901 54.332996 -1.106545
v -3.297728 56.427528 -3.419618
v -2.039972 55.869022 -3.507452
v -4.037141 57.161034 -3.073275
v -2.254354 54.678810 -2.153082
v -3.419433 55.405830 -2.549158
v -1.375901 54.332996 -1.106545
v -2.254354 54.678810 -2.153082
v -3.297728 56.427528 -3.419618
v -1.431292 55.069168 0.094074
v -0.505074 57.376392 -2.403639
v -2.158157 56.004028 0.894420
v -1.375901 54.332996 -1.106545
v -2.039972 55.869022 -3.507452
v -0.975721 56.569111 -2.979394
v -1.375901 54.332996 -1.106545
v -0.975721 56.569111 -2.979394
v -1.431292 55.069168 0.094074
v -3.608380 57.804405 -0.727496
v -4.604927 56.351826 -0.274551
v -0.879684 57.952183 -0.773029
v -4.604927 56.351826 -0.274551
v -3.057726 56.450565 1.111636
v -0.879684 57.952183 -0.773029
v -4.604927 56.351826 -0.274551
v -3.608380 57.804405 -0.727496
v -4.353351 57.740379 -1.431593
v -4.353351 57.740379 -1.431593
v -3.608380 57.804405 -0.727496
v -2.912428 58.889412 0.123014
v -3.608380 57.804405 -0.727496
v -0.879684 57.952183 -0.773029
v -2.912428 58.889412 0.123014
v -0.879684 57.952183 -0.773029
v -3.057726 56.450565 1.111636
v -2.158157 56.004028 0.894420
v -0.505074 57.376392 -2.403639
v -0.879684 57.952183 -0.773029
v -2.158157 56.004028 0.894420
v -4.353351 57.740379 -1.431593
v -4.037141 57.161034 -3.073275
v -3.419433 55.405830 -2.549158
v -3.419433 55.405830 -2.549158
v -4.297172 55.862728 -2.272341
v -4.353351 57.740379 -1.431593
v 9.012251 38.012138 -5.213507
v 8.362120 39.243351 -4.561327
v 8.642787 37.519726 -3.320055
v 8.008278 38.598667 -3.441488
v 11.423505 37.451973 -6.787461
v 12.169811 36.602131 -6.854309
v 11.643276 37.686577 -5.947301
v 12.352191 36.778519 -6.074990
v 11.643276 37.686577 -5.947301
v 12.352191 36.778519 -6.074990
v 12.125644 38.404427 -6.241776
v 12.756589 37.199455 -6.286468
v 12.169811 36.602131 -6.854309
v 11.423505 37.451973 -6.787461
v 12.588122 37.025841 -7.073965
v 11.905047 38.174213 -7.114112
v 12.169811 36.602131 -6.854309
v 12.588122 37.025841 -7.073965
v 12.352191 36.778519 -6.074990
v 12.756589 37.199455 -6.286468
v 12.125644 38.404427 -6.241776
v 12.756589 37.199455 -6.286468
v 11.905047 38.174213 -7.114112
v 12.588122 37.025841 -7.073965
v 9.012251 38.012138 -5.213507
v 8.642787 37.519726 -3.320055
v 9.219359 36.078838 -3.811380
v 6.920281 39.153381 -6.160641
v 8.590302 36.471794 -8.148114
v 8.313186 35.943954 -7.314811
v 6.517020 37.908695 -4.041553
v 6.920281 39.153381 -6.160641
v 8.313186 35.943954 -7.314811
v 6.517020 37.908695 -4.041553
v 7.971747 35.431187 -4.266599
v 8.642787 37.519726 -3.320055
v 8.642787 37.519726 -3.320055
v 8.008278 38.598667 -3.441488
v 6.517020 37.908695 -4.041553
v 9.012251 38.012138 -5.213507
v 9.219359 36.078838 -3.811380
v 9.871503 36.762482 -6.707259
v 8.642787 37.519726 -3.320055
v 7.971747 35.431187 -4.266599
v 9.219359 36.078838 -3.811380
v 8.313186 35.943954 -7.314811
v 7.971747 35.431187 -4.266599
v 6.517020 37.908695 -4.041553
v 8.362120 39.243351 -4.561327
v 9.012251 38.012138 -5.213507
v 9.893717 38.738621 -5.387609
v 6.920281 39.153381 -6.160641
v 8.332212 39.880508 -5.535766
v 10.055431 39.445557 -6.176497
v 9.893717 38.738621 -5.387609
v 8.332212 39.880508 -5.535766
v 8.362120 39.243351 -4.561327
v 10.055431 39.445557 -6.176497
v 12.125644 38.404427 -6.241776
v 11.905047 38.174213 -7.114112
v 9.893717 38.738621 -5.387609
v 10.055431 39.445557 -6.176497
v 8.332212 39.880508 -5.535766
v 12.125644 38.404427 -6.241776
v 10.055431 39.445557 -6.176497
v 9.893717 38.738621 -5.387609
v 12.125644 38.404427 -6.241776
v 9.893717 38.738621 -5.387609
v 11.643276 37.686577 -5.947301
v 11.423505 37.451973 -6.787461
v 11.643276 37.686577 -5.947301
v 9.893717 38.738621 -5.387609
v 10.000575 37.099571 -7.612760
v 9.345487 38.756706 -7.356591
v 10.207895 37.769314 -7.017406
v 10.207895 37.769314 -7.017406
v 9.871503 36.762482 -6.707259
v 10.000575 37.099571 -7.612760
v 6.920281 39.153381 -6.160641
v 9.345487 38.756706 -7.356591
v 8.590302 36.471794 -8.148114
v 9.871503 36.762482 -6.707259
v 10.207895 37.769314 -7.017406
v 9.012251 38.012138 -5.213507
v 10.207895 37.769314 -7.017406
v 9.893717 38.738621 -5.387609
v 9.012251 38.012138 -5.213507
v 9.893717 38.738621 -5.387609
v 10.207895 37.769314 -7.017406
v 11.423505 37.451973 -6.787461
v 9.345487 38.756706 -7.356591
v 10.000575 37.099571 -7.612760
v 8.590302 36.471794 -8.148114
v 6.920281 39.153381 -6.160641
v 10.055431 39.445557 -6.176497
v 9.345487 38.756706 -7.356591
v 11.905047 38.174213 -7.114112
v 11.423505 37.451973 -6.787461
v 10.207895 37.769314 -7.017406
v 11.905047 38.174213 -7.114112
v 9.345487 38.756706 -7.356591
v 10.055431 39.445557 -6.176497
v 10.207895 37.769314 -7.017406
v 9.345487 38.756706 -7.356591
v 11.905047 38.174213 -7.114112
v 12.557322 36.756771 -6.090264
v 11.418684 35.662056 -3.832452
v 12.907887 36.360409 -6.119476
v 11.760914 35.291634 -3.921421
v 10.321214 35.159927 -4.068313
v 10.881950 36.088123 -6.761149
v 10.203466 35.250557 -4.036374
v 10.663967 36.085968 -6.822771
v 10.874285 36.194145 -6.835699
v 11.003029 36.562782 -7.588421
v 10.150993 36.461391 -6.781388
v 10.299643 36.866676 -7.645471
v 11.418684 35.662056 -3.832452
v 12.557322 36.756771 -6.090264
v 10.321214 35.159927 -4.068313
v 10.881950 36.088123 -6.761149
v 11.434099 36.445045 -7.539481
v 12.807848 36.302433 -7.295115
v 11.216412 35.692070 -7.954617
v 13.049605 35.812744 -7.490438
v 12.709892 36.025955 -6.720114
v 12.807848 36.302433 -7.295115
v 11.314358 36.103226 -6.831151
v 11.434099 36.445045 -7.539481
v 11.216412 35.692070 -7.954617
v 13.049605 35.812744 -7.490438
v 11.092978 35.336609 -7.224067
v 12.953660 35.537254 -6.914625
v 12.807848 36.302433 -7.295115
v 12.709892 36.025955 -6.720114
v 13.049605 35.812744 -7.490438
v 12.953660 35.537254 -6.914625
v 11.314358 36.103226 -6.831151
v 11.092978 35.336609 -7.224067
v 12.709892 36.025955 -6.720114
v 12.953660 35.537254 -6.914625
v 12.907887 36.360409 -6.119476
v 11.174099 35.126297 -6.998940
v 12.557322 36.756771 -6.090264
v 10.881950 36.088123 -6.761149
v 11.760914 35.291634 -3.921421
v 11.418684 35.662056 -3.832452
v 10.329603 34.389580 -4.320254
v 10.321214 35.159927 -4.068313
v 10.874285 36.194145 -6.835699
v 11.314358 36.103226 -6.831151
v 11.003029 36.562782 -7.588421
v 11.434099 36.445045 -7.539481
v 10.233073 36.241516 -6.865504
v 10.663967 36.085968 -6.822771
v 8.313186 35.943954 -7.314811
v 11.174099 35.126297 -6.998940
v 11.216412 35.692070 -7.954617
v 8.590302 36.471794 -8.148114
v 11.003029 36.562782 -7.588421
v 10.299643 36.866676 -7.645471
v 11.760914 35.291634 -3.921421
v 10.329603 34.389580 -4.320254
v 11.174099 35.126297 -6.998940
v 11.174099 35.126297 -6.998940
v 12.907887 36.360409 -6.119476
v 11.760914 35.291634 -3.921421
v 11.092978 35.336609 -7.224067
v 10.874285 36.194145 -6.835699
v 10.150993 36.461391 -6.781388
v 10.329603 34.389580 -4.320254
v 10.321214 35.159927 -4.068313
v 10.203466 35.250557 -4.036374
v 11.174099 35.126297 -6.998940
v 10.663967 36.085968 -6.822771
v 10.881950 36.088123 -6.761149
v 10.874285 36.194145 -6.835699
v 11.092978 35.336609 -7.224067
v 11.314358 36.103226 -6.831151
v 11.434099 36.445045 -7.539481
v 11.216412 35.692070 -7.954617
v 11.003029 36.562782 -7.588421
v 9.871503 36.762482 -6.707259
v 10.299643 36.866676 -7.645471
v 10.000575 37.099571 -7.612760
v 11.174099 35.126297 -6.998940
v 10.329603 34.389580 -4.320254
v 8.313186 35.943954 -7.314811
v 9.871503 36.762482 -6.707259
v 10.150993 36.461391 -6.781388
v 10.299643 36.866676 -7.645471
v 9.871503 36.762482 -6.707259
v 8.313186 35.943954 -7.314811
v 10.150993 36.461391 -6.781388
v 8.313186 35.943954 -7.314811
v 8.590302 36.471794 -8.148114
v 11.216412 35.692070 -7.954617
v 10.663967 36.085968 -6.822771
v 10.233073 36.241516 -6.865504
v 9.219359 36.078838 -3.811380
v 10.329603 34.389580 -4.320254
v 10.203466 35.250557 -4.036374
v 9.219359 36.078838 -3.811380
v 10.329603 34.389580 -4.320254
v 7.971747 35.431187 -4.266599
v 8.313186 35.943954 -7.314811
v 11.216412 35.692070 -7.954617
v 11.092978 35.336609 -7.224067
v 8.313186 35.943954 -7.314811
v 10.203466 35.250557 -4.036374
v 10.663967 36.085968 -6.822771
v 9.219359 36.078838 -3.811380
v 7.971747 35.431187 -4.266599
v 10.329603 34.389580 -4.320254
v 9.219359 36.078838 -3.811380
v 8.313186 35.943954 -7.314811
v 11.092978 35.336609 -7.224067
v 10.150993 36.461391 -6.781388
v 8.313186 35.943954 -7.314811
v 9.871503 36.762482 -6.707259
v 10.233073 36.241516 -6.865504
v 8.590302 36.471794 -8.148114
v 10.000575 37.099571 -7.612760
v 10.299643 36.866676 -7.645471
v 9.219359 36.078838 -3.811380
v 10.233073 36.241516 -6.865504
v 9.871503 36.762482 -6.707259
v 7.460930 38.746521 -6.410914
v 6.517020 37.908695 -4.041553
v 8.008278 38.598667 -3.441488
v 7.460930 38.746521 -6.410914
v 7.999575 40.394310 -4.845728
v 6.517020 37.908695 -4.041553
v 8.362120 39.243351 -4.561327
v 8.332212 39.880508 -5.535766
v 6.794370 38.867359 -4.394980
v 6.794370 38.867359 -4.394980
v 7.460930 38.746521 -6.410914
v 8.008278 38.598667 -3.441488
v 6.794370 38.867359 -4.394980
v 8.008278 38.598667 -3.441488
v 8.362120 39.243351 -4.561327
v 8.332212 39.880508 -5.535766
v 6.920281 39.153381 -6.160641
v 7.999575 40.394310 -4.845728
v 7.999575 40.394310 -4.845728
v 6.920281 39.153381 -6.160641
v 6.517020 37.908695 -4.041553
v 7.999575 40.394310 -4.845728
v 6.794370 38.867359 -4.394980
v 8.332212 39.880508 -5.535766
v 10.240289 5.703894 13.028578
v 8.685289 5.985684 12.861978
v 10.572364 6.747079 12.895091
v 10.530794 7.447645 15.037901
v 10.969899 5.851545 16.975714
v 11.870001 6.571214 14.486981
v 7.150877 6.401087 14.616464
v 7.722916 5.281076 17.179430
v 8.471966 7.504547 16.156124
v 10.572364 6.747079 12.895091
v 11.870001 6.571214 14.486981
v 10.240289 5.703894 13.028578
v 7.101369 5.171805 14.783363
v 7.150877 6.401087 14.616464
v 8.685289 5.985684 12.861978
v 10.969899 5.851545 16.975714
v 10.530794 7.447645 15.037901
v 8.471966 7.504547 16.156124
v 11.870001 6.571214 14.486981
v 10.572364 6.747079 12.895091
v 10.530794 7.447645 15.037901
v 8.471966 7.504547 16.156124
v 7.722916 5.281076 17.179430
v 10.969899 5.851545 16.975714
v 8.685289 5.985684 12.861978
v 10.240289 5.703894 13.028578
v 7.101369 5.171805 14.783363
v 7.722916 5.281076 17.179430
v 7.150877 6.401087 14.616464
v 7.101369 5.171805 14.783363
v -10.545753 3.753299 -14.129503
v -9.912209 5.847071 -14.880702
v -10.331472 4.109943 -17.406199
v -6.395478 4.291240 -16.625767
v -6.379298 5.003154 -14.981559
v -8.157874 3.856207 -13.476176
v -8.235247 5.041888 -13.512153
v -10.545753 3.753299 -14.129503
v -8.157874 3.856207 -13.476176
v -7.884949 4.938642 -18.327971
v -6.492524 5.776313 -16.860727
v -6.395478 4.291240 -16.625767
v -9.912209 5.847071 -14.880702
v -10.545753 3.753299 -14.129503
v -8.235247 5.041888 -13.512153
v -6.492524 5.776313 -16.860727
v -7.884949 4.938642 -18.327971
v -8.730990 6.045084 -16.895138
v -8.730990 6.045084 -16.895138
v -10.331472 4.109943 -17.406199
v -9.912209 5.847071 -14.880702
v -8.235247 5.041888 -13.512153
v -8.157874 3.856207 -13.476176
v -6.379298 5.003154 -14.981559
v -6.379298 5.003154 -14.981559
v -6.395478 4.291240 -16.625767
v -6.492524 5.776313 -16.860727
v -10.331472 4.109943 -17.406199
v -8.730990 6.045084 -16.895138
v -7.884949 4.938642 -18.327971
v 1.941489 48.859051 -2.385823
v 2.419084 47.129452 -2.737166
v 0.673054 48.620461 -5.308086
v -4.771728 46.247547 -4.433527
v -3.560891 43.064854 -4.391400
v -3.156055 42.436405 -1.235136
v 2.419084 47.129452 -2.737166
v 1.941489 48.859051 -2.385823
v 2.389130 48.127476 0.691496
v -4.771728 46.247547 -4.433527
v -2.019713 47.199177 -6.049612
v -1.505571 43.727726 -6.011722
v -2.019713 47.199177 -6.049612
v -0.474408 49.597027 -6.406868
v 0.673054 48.620461 -5.308086
v -2.668530 45.688446 2.529377
v 1.232993 43.180668 1.489546
v 0.504524 46.506241 2.496699
v 2.419084 47.129452 -2.737166
v 0.832768 47.197479 -5.367636
v 0.673054 48.620461 -5.308086
v -3.156055 42.436405 -1.235136
v -1.421010 42.634781 1.492528
v -2.668530 45.688446 2.529377
v 2.935886 44.153450 -3.320944
v 2.592438 46.747242 0.306280
v 3.196199 43.764751 -0.363121
v -4.324920 45.650974 -0.790050
v -3.156055 42.436405 -1.235136
v -2.668530 45.688446 2.529377
v 3.196199 43.764751 -0.363121
v 0.504524 46.506241 2.496699
v 1.232993 43.180668 1.489546
v 1.232993 43.180668 1.489546
v -2.668530 45.688446 2.529377
v -1.421010 42.634781 1.492528
v 2.389130 48.127476 0.691496
v 2.033752 48.876492 2.361930
v 0.504524 46.506241 2.496699
v 0.673054 48.620461 -5.308086
v 0.832768 47.197479 -5.367636
v -2.019713 47.199177 -6.049612
v 2.592438 46.747242 0.306280
v 2.389130 48.127476 0.691496
v 0.504524 46.506241 2.496699
v 2.935886 44.153450 -3.320944
v 1.241324 44.162445 -5.779924
v 0.832768 47.197479 -5.367636
v -3.156055 42.436405 -1.235136
v -4.324920 45.650974 -0.790050
v -4.771728 46.247547 -4.433527
v 1.241324 44.162445 -5.779924
v -1.505571 43.727726 -6.011722
v -2.019713 47.199177 -6.049612
v -1.505571 43.727726 -6.011722
v -3.560891 43.064854 -4.391400
v -4.771728 46.247547 -4.433527
v 1.241324 44.162445 -5.779924
v -2.019713 47.199177 -6.049612
v 0.832768 47.197479 -5.367636
v 2.935886 44.153450 -3.320944
v 0.832768 47.197479 -5.367636
v 2.419084 47.129452 -2.737166
v 2.592438 46.747242 0.306280
v 2.935886 44.153450 -3.320944
v 2.419084 47.129452 -2.737166
v 0.504524 46.506241 2.496699
v 3.196199 43.764751 -0.363121
v 2.592438 46.747242 0.306280
v 2.389130 48.127476 0.691496
v 2.592438 46.747242 0.306280
v 2.419084 47.129452 -2.737166
v -6.928285 48.302277 -2.903773
v -4.324920 45.650974 -0.790050
v -5.881771 47.923782 -0.224968
v -4.324920 45.650974 -0.790050
v -6.928285 48.302277 -2.903773
v -4.771728 46.247547 -4.433527
v -6.092983 48.199390 -5.531189
v -3.508817 48.681904 -6.375791
v -2.019713 47.199177 -6.049612
v -6.092983 48.199390 -5.531189
v -4.771728 46.247547 -4.433527
v -6.928285 48.302277 -2.903773
v -2.019713 47.199177 -6.049612
v -4.771728 46.247547 -4.433527
v -6.092983 48.199390 -5.531189
v -0.474408 49.597027 -6.406868
v -2.019713 47.199177 -6.049612
v -2.081906 49.712357 -6.805010
v -2.019713 47.199177 -6.049612
v -3.508817 48.681904 -6.375791
v -2.081906 49.712357 -6.805010
v -3.948977 38.835289 -4.241702
v -4.837988 36.251198 -4.475934
v -2.935333 38.376766 -0.791050
v -3.221039 35.740635 -0.599857
v -2.935333 38.376766 -0.791050
v -3.221039 35.740635 -0.599857
v -0.296711 38.523098 1.665101
v -0.266592 35.903084 2.424054
v -1.505571 43.727726 -6.011722
v 1.241324 44.162445 -5.779924
v 1.182176 40.293888 -7.440967
v 3.196199 43.764751 -0.363121
v 3.909352 40.105911 -4.891478
v 2.935886 44.153450 -3.320944
v 3.909352 40.105911 -4.891478
v 1.241324 44.162445 -5.779924
v 2.935886 44.153450 -3.320944
v 3.196199 43.764751 -0.363121
v 4.919834 39.971676 -1.364498
v 3.909352 40.105911 -4.891478
v 1.232993 43.180668 1.489546
v 4.919834 39.971676 -1.364498
v 3.196199 43.764751 -0.363121
v 1.241324 44.162445 -5.779924
v 3.909352 40.105911 -4.891478
v 1.182176 40.293888 -7.440967
v -1.421010 42.634781 1.492528
v -0.296711 38.523098 1.665101
v 2.964848 39.286701 1.367827
v -3.156055 42.436405 -1.235136
v -0.296711 38.523098 1.665101
v -1.421010 42.634781 1.492528
v -3.560891 43.064854 -4.391400
v -2.147634 39.731194 -6.987261
v -3.948977 38.835289 -4.241702
v -2.147634 39.731194 -6.987261
v -3.560891 43.064854 -4.391400
v -1.505571 43.727726 -6.011722
v -3.156055 42.436405 -1.235136
v -3.948977 38.835289 -4.241702
v -2.935333 38.376766 -0.791050
v -1.505571 43.727726 -6.011722
v 1.182176 40.293888 -7.440967
v -2.147634 39.731194 -6.987261
v -0.296711 38.523098 1.665101
v -3.156055 42.436405 -1.235136
v -2.935333 38.376766 -0.791050
v -1.421010 42.634781 1.492528
v 2.964848 39.286701 1.367827
v 1.232993 43.180668 1.489546
v 4.919834 39.971676 -1.364498
v 1.232993 43.180668 1.489546
v 2.964848 39.286701 1.367827
v -3.156055 42.436405 -1.235136
v -3.560891 43.064854 -4.391400
v -3.948977 38.835289 -4.241702
v 1.268844 19.396971 -14.296056
v -0.146254 12.112720 -17.455069
v -1.867157 20.729752 -16.805460
v -3.474070 13.770937 -20.174744
v -0.707990 23.437851 -16.573378
v 2.330562 22.000944 -14.014337
v -0.671842 22.075670 -17.295460
v 2.365050 20.748112 -14.758442
v -0.671842 22.075670 -17.295460
v 2.365050 20.748112 -14.758442
v -1.867157 20.729752 -16.805460
v 1.268844 19.396971 -14.296056
v -6.906783 19.710474 -11.289293
v -9.900628 14.539349 -11.223188
v -3.919911 17.868116 -8.847835
v -6.569254 12.876770 -8.500442
v 3.809189 27.883020 -10.152523
v 2.330562 22.000944 -14.014337
v 0.401743 30.512028 -12.836055
v -0.707990 23.437851 -16.573378
v -2.041862 21.874577 -7.736807
v -4.960701 23.718031 -10.373816
v -2.302619 20.268356 -9.418631
v -4.850564 21.912052 -11.433008
v -3.919911 17.868116 -8.847835
v -2.302619 20.268356 -9.418631
v -6.906783 19.710474 -11.289293
v -4.850564 21.912052 -11.433008
v -3.073655 30.284967 -2.267741
v -3.517920 32.240238 -1.457159
v -4.891829 31.421021 -5.441009
v -5.155456 32.981319 -5.049966
v 0.140474 19.477793 -10.640915
v 1.268844 19.396971 -14.296056
v 2.365050 20.748112 -14.758442
v -5.680100 24.608805 -15.224154
v -4.960701 23.718031 -10.373816
v -4.082112 29.493750 -11.921122
v -3.474070 13.770937 -20.174744
v -6.744864 18.933863 -15.019657
v -7.209901 20.069695 -15.722534
v 2.330562 22.000944 -14.014337
v 0.140474 19.477793 -10.640915
v 2.365050 20.748112 -14.758442
v 2.330562 22.000944 -14.014337
v 1.161819 20.790359 -9.661380
v 0.140474 19.477793 -10.640915
v -5.680100 24.608805 -15.224154
v -0.707990 23.437851 -16.573378
v -0.671842 22.075670 -17.295460
v -1.427805 16.841408 -10.887469
v -3.919911 17.868116 -8.847835
v -6.569254 12.876770 -8.500442
v -1.867157 20.729752 -16.805460
v -7.209901 20.069695 -15.722534
v -5.716260 21.297581 -15.065927
v -5.716260 21.297581 -15.065927
v -6.906783 19.710474 -11.289293
v -5.680100 24.608805 -15.224154
v -1.427805 16.841408 -10.887469
v 1.268844 19.396971 -14.296056
v 0.140474 19.477793 -10.640915
v -6.744864 18.933863 -15.019657
v -9.900628 14.539349 -11.223188
v -6.906783 19.710474 -11.289293
v -0.671842 22.075670 -17.295460
v -1.867157 20.729752 -16.805460
v -5.716260 21.297581 -15.065927
v -3.919911 17.868116 -8.847835
v -1.427805 16.841408 -10.887469
v 0.140474 19.477793 -10.640915
v -1.427805 16.841408 -10.887469
v -0.146254 12.112720 -17.455069
v 1.268844 19.396971 -14.296056
v -6.744864 18.933863 -15.019657
v -6.906783 19.710474 -11.289293
v -7.209901 20.069695 -15.722534
v -5.716260 21.297581 -15.065927
v -5.680100 24.608805 -15.224154
v -0.671842 22.075670 -17.295460
v -7.209901 20.069695 -15.722534
v -1.867157 20.729752 -16.805460
v -3.474070 13.770937 -20.174744
v 1.161819 20.790359 -9.661380
v 2.330562 22.000944 -14.014337
v 3.809189 27.883020 -10.152523
v -5.680100 24.608805 -15.224154
v -4.082112 29.493750 -11.921122
v 0.401743 30.512028 -12.836055
v -0.707990 23.437851 -16.573378
v -5.680100 24.608805 -15.224154
v 0.401743 30.512028 -12.836055
v -7.209901 20.069695 -15.722534
v -6.906783 19.710474 -11.289293
v -5.716260 21.297581 -15.065927
v -4.082112 29.493750 -11.921122
v -4.960701 23.718031 -10.373816
v -4.450404 30.247833 -6.153610
v 1.927429 27.170914 -6.978144
v 1.161819 20.790359 -9.661380
v 3.809189 27.883020 -10.152523
v -2.617855 29.146055 -3.286769
v -4.450404 30.247833 -6.153610
v -4.960701 23.718031 -10.373816
v 4.149529 31.231968 -8.453061
v 0.401743 30.512028 -12.836055
v 1.079575 33.767937 -10.781075
v 4.066686 32.561550 -5.588529
v 1.927429 27.170914 -6.978144
v 4.149529 31.231968 -8.453061
v 1.927429 27.170914 -6.978144
v 4.066686 32.561550 -5.588529
v 1.578990 30.068138 -4.066172
v -2.617855 29.146055 -3.286769
v -1.317109 29.904448 -2.155699
v -3.073655 30.284967 -2.267741
v -4.450404 30.247833 -6.153610
v -3.155782 34.795532 -9.228163
v -4.082112 29.493750 -11.921122
v -3.155782 34.795532 -9.228163
v 1.631057 36.664379 -9.446388
v 1.079575 33.767937 -10.781075
v 0.401743 30.512028 -12.836055
v -4.082112 29.493750 -11.921122
v -3.155782 34.795532 -9.228163
v -3.155782 34.795532 -9.228163
v -4.450404 30.247833 -6.153610
v -4.891829 31.421021 -5.441009
v 4.149529 31.231968 -8.453061
v 1.631057 36.664379 -9.446388
v 4.672746 36.394230 -5.796693
v 4.066686 32.561550 -5.588529
v 4.149529 31.231968 -8.453061
v 4.672746 36.394230 -5.796693
v -3.073655 30.284967 -2.267741
v -1.317109 29.904448 -2.155699
v -2.949427 32.363964 -0.950165
v -4.891829 31.421021 -5.441009
v -5.155456 32.981319 -5.049966
v -3.155782 34.795532 -9.228163
v -3.221039 35.740635 -0.599857
v -4.837988 36.251198 -4.475934
v -5.155456 32.981319 -5.049966
v -4.450404 30.247833 -6.153610
v -2.617855 29.146055 -3.286769
v -3.073655 30.284967 -2.267741
v 1.079575 33.767937 -10.781075
v 1.631057 36.664379 -9.446388
v 4.149529 31.231968 -8.453061
v 0.401743 30.512028 -12.836055
v -3.155782 34.795532 -9.228163
v 1.079575 33.767937 -10.781075
v -4.450404 30.247833 -6.153610
v -3.073655 30.284967 -2.267741
v -4.891829 31.421021 -5.441009
v -1.317109 29.904448 -2.155699
v -2.617855 29.146055 -3.286769
v 1.578990 30.068138 -4.066172
v 3.809189 27.883020 -10.152523
v 4.149529 31.231968 -8.453061
v 1.927429 27.170914 -6.978144
v 0.401743 30.512028 -12.836055
v 4.149529 31.231968 -8.453061
v 3.809189 27.883020 -10.152523
v -2.041862 21.874577 -7.736807
v 1.578990 30.068138 -4.066172
v -2.617855 29.146055 -3.286769
v -2.041862 21.874577 -7.736807
v 1.161819 20.790359 -9.661380
v 1.927429 27.170914 -6.978144
v 1.578990 30.068138 -4.066172
v -2.041862 21.874577 -7.736807
v 1.927429 27.170914 -6.978144
v -2.617855 29.146055 -3.286769
v -4.960701 23.718031 -10.373816
v -2.041862 21.874577 -7.736807
v 1.161819 20.790359 -9.661380
v -2.041862 21.874577 -7.736807
v -2.302619 20.268356 -9.418631
v -4.960701 23.718031 -10.373816
v -5.680100 24.608805 -15.224154
v -4.850564 21.912052 -11.433008
v -2.302619 20.268356 -9.418631
v 0.140474 19.477793 -10.640915
v 1.161819 20.790359 -9.661380
v 0.140474 19.477793 -10.640915
v -2.302619 20.268356 -9.418631
v -3.919911 17.868116 -8.847835
v -4.850564 21.912052 -11.433008
v -5.680100 24.608805 -15.224154
v -6.906783 19.710474 -11.289293
v -2.949427 32.363964 -0.950165
v -3.221039 35.740635 -0.599857
v -3.517920 32.240238 -1.457159
v -5.155456 32.981319 -5.049966
v -3.517920 32.240238 -1.457159
v -3.221039 35.740635 -0.599857
v -2.462924 36.687050 -8.091010
v -5.155456 32.981319 -5.049966
v -4.837988 36.251198 -4.475934
v -3.155782 34.795532 -9.228163
v -5.155456 32.981319 -5.049966
v -2.462924 36.687050 -8.091010
v 1.631057 36.664379 -9.446388
v -3.155782 34.795532 -9.228163
v -2.462924 36.687050 -8.091010
v -2.949427 32.363964 -0.950165
v -3.517920 32.240238 -1.457159
v -3.073655 30.284967 -2.267741
v 1.631057 36.664379 -9.446388
v 3.909352 40.105911 -4.891478
v 4.672746 36.394230 -5.796693
v 3.909352 40.105911 -4.891478
v 1.631057 36.664379 -9.446388
v 1.182176 40.293888 -7.440967
v -2.462924 36.687050 -8.091010
v -2.147634 39.731194 -6.987261
v 1.182176 40.293888 -7.440967
v -2.462924 36.687050 -8.091010
v -3.948977 38.835289 -4.241702
v -2.147634 39.731194 -6.987261
v -2.462924 36.687050 -8.091010
v -4.837988 36.251198 -4.475934
v -3.948977 38.835289 -4.241702
v -2.462924 36.687050 -8.091010
v 1.182176 40.293888 -7.440967
v 1.631057 36.664379 -9.446388
v -2.730966 32.303444 0.040103
v -1.954452 30.501732 0.269957
v 0.150921 32.881744 2.899429
v 0.642682 31.563328 2.953679
v 5.131345 29.444910 -4.290573
v 6.837352 36.098732 -1.857564
v 7.476909 32.477886 -1.684024
v 7.476909 32.477886 -1.684024
v 6.837352 36.098732 -1.857564
v 5.290651 34.608044 2.078111
v 5.290651 34.608044 2.078111
v 0.642682 31.563328 2.953679
v 1.506530 30.660746 3.104620
v 5.131345 29.444910 -4.290573
v 4.672746 36.394230 -5.796693
v 6.837352 36.098732 -1.857564
v 4.066686 32.561550 -5.588529
v 4.672746 36.394230 -5.796693
v 5.131345 29.444910 -4.290573
v -1.317109 29.904448 -2.155699
v -0.959587 29.446262 0.560477
v -1.954452 30.501732 0.269957
v 0.642682 31.563328 2.953679
v 5.290651 34.608044 2.078111
v 0.150921 32.881744 2.899429
v -3.221039 35.740635 -0.599857
v 0.150921 32.881744 2.899429
v -0.266592 35.903084 2.424054
v 1.506530 30.660746 3.104620
v -1.954452 30.501732 0.269957
v -0.959587 29.446262 0.560477
v -1.317109 29.904448 -2.155699
v -1.954452 30.501732 0.269957
v -2.949427 32.363964 -0.950165
v 7.476909 32.477886 -1.684024
v 8.808430 29.230774 0.146830
v 5.131345 29.444910 -4.290573
v 5.290651 34.608044 2.078111
v 8.808430 29.230774 0.146830
v 7.476909 32.477886 -1.684024
v -1.954452 30.501732 0.269957
v 1.506530 30.660746 3.104620
v 0.642682 31.563328 2.953679
v -0.959587 29.446262 0.560477
v -1.317109 29.904448 -2.155699
v 1.578990 30.068138 -4.066172
v 5.131345 29.444910 -4.290573
v 8.808430 29.230774 0.146830
v 6.065819 26.037996 -2.683001
v 5.290651 34.608044 2.078111
v 7.317085 29.780573 4.557339
v 8.808430 29.230774 0.146830
v 2.842134 26.425341 -1.424181
v 5.131345 29.444910 -4.290573
v 6.065819 26.037996 -2.683001
v 2.842134 26.425341 -1.424181
v 4.066686 32.561550 -5.588529
v 5.131345 29.444910 -4.290573
v 4.066686 32.561550 -5.588529
v 2.842134 26.425341 -1.424181
v 1.578990 30.068138 -4.066172
v 1.506530 30.660746 3.104620
v 7.317085 29.780573 4.557339
v 5.290651 34.608044 2.078111
v 3.909352 40.105911 -4.891478
v 6.837352 36.098732 -1.857564
v 4.672746 36.394230 -5.796693
v 6.837352 36.098732 -1.857564
v 3.909352 40.105911 -4.891478
v 4.919834 39.971676 -1.364498
v 4.018228 36.200241 1.654548
v -0.296711 38.523098 1.665101
v -0.266592 35.903084 2.424054
v 4.919834 39.971676 -1.364498
v 4.018228 36.200241 1.654548
v 6.837352 36.098732 -1.857564
v 4.018228 36.200241 1.654548
v 4.919834 39.971676 -1.364498
v 2.964848 39.286701 1.367827
v 4.018228 36.200241 1.654548
v 2.964848 39.286701 1.367827
v -0.296711 38.523098 1.665101
v 4.018228 36.200241 1.654548
v -0.266592 35.903084 2.424054
v 0.150921 32.881744 2.899429
v 5.290651 34.608044 2.078111
v 4.018228 36.200241 1.654548
v 0.150921 32.881744 2.899429
v -2.949427 32.363964 -0.950165
v -1.954452 30.501732 0.269957
v -2.730966 32.303444 0.040103
v -2.949427 32.363964 -0.950165
v -2.730966 32.303444 0.040103
v -3.221039 35.740635 -0.599857
v 5.290651 34.608044 2.078111
v 6.837352 36.098732 -1.857564
v 4.018228 36.200241 1.654548
v 0.150921 32.881744 2.899429
v -3.221039 35.740635 -0.599857
v -2.730966 32.303444 0.040103
v -1.004379 48.484341 4.849015
v 0.504524 46.506241 2.496699
v 0.244356 48.345131 3.654948
v -1.004379 48.484341 4.849015
v -4.478662 48.130413 3.316789
v -2.668530 45.688446 2.529377
v 0.504524 46.506241 2.496699
v -1.004379 48.484341 4.849015
v -2.668530 45.688446 2.529377
v -4.478662 48.130413 3.316789
v -5.881771 47.923782 -0.224968
v -4.324920 45.650974 -0.790050
v -4.478662 48.130413 3.316789
v -4.324920 45.650974 -0.790050
v -2.668530 45.688446 2.529377
v 0.244356 48.345131 3.654948
v 0.504524 46.506241 2.496699
v 2.098249 49.753574 2.727458
v 2.098249 49.753574 2.727458
v 0.504524 46.506241 2.496699
v 2.033752 48.876492 2.361930
v 9.252202 19.342915 1.321629
v 11.662899 21.280134 4.120472
v 8.548427 18.455669 2.633681
v 10.955404 20.412119 5.508055
v 4.969482 16.063480 14.309366
v 5.143651 20.668528 10.359504
v 2.339919 13.809616 11.262877
v 2.773464 18.302036 7.702462
v 10.955404 20.412119 5.508055
v 14.131973 13.964087 8.507405
v 8.548427 18.455669 2.633681
v 11.505429 11.715165 5.463672
v 8.735053 20.499939 0.968385
v 11.173838 22.515533 3.766168
v 9.252202 19.342915 1.321629
v 11.662899 21.280134 4.120472
v 6.065819 26.037996 -2.683001
v 8.808430 29.230774 0.146830
v 8.735053 20.499939 0.968385
v 11.173838 22.515533 3.766168
v 5.436172 22.643322 7.727541
v 4.634717 24.698965 7.058036
v 3.461239 20.550632 5.496861
v 2.041212 22.393021 4.448004
v 3.461239 20.550632 5.496861
v 2.773464 18.302036 7.702462
v 5.436172 22.643322 7.727541
v 5.143651 20.668528 10.359504
v 8.735053 20.499939 0.968385
v 4.805927 19.045891 3.438735
v 4.149107 20.239393 1.846774
v 10.955404 20.412119 5.508055
v 11.662899 21.280134 4.120472
v 8.979980 21.965103 9.028555
v 4.979441 16.669081 5.543859
v 2.339919 13.809616 11.262877
v 2.773464 18.302036 7.702462
v 10.955404 20.412119 5.508055
v 8.979980 21.965103 9.028555
v 9.563272 20.978027 10.805361
v 8.735053 20.499939 0.968385
v 4.149107 20.239393 1.846774
v 6.065819 26.037996 -2.683001
v 8.979980 21.965103 9.028555
v 9.525070 25.248014 8.038271
v 5.143651 20.668528 10.359504
v 4.979441 16.669081 5.543859
v 4.805927 19.045891 3.438735
v 8.548427 18.455669 2.633681
v 8.953279 19.718252 10.507291
v 5.143651 20.668528 10.359504
v 4.969482 16.063480 14.309366
v 2.773464 18.302036 7.702462
v 4.805927 19.045891 3.438735
v 4.979441 16.669081 5.543859
v 4.979441 16.669081 5.543859
v 8.548427 18.455669 2.633681
v 11.505429 11.715165 5.463672
v 8.953279 19.718252 10.507291
v 9.563272 20.978027 10.805361
v 5.143651 20.668528 10.359504
v 14.131973 13.964087 8.507405
v 9.563272 20.978027 10.805361
v 8.953279 19.718252 10.507291
v 9.563272 20.978027 10.805361
v 8.979980 21.965103 9.028555
v 5.143651 20.668528 10.359504
v 10.955404 20.412119 5.508055
v 9.563272 20.978027 10.805361
v 14.131973 13.964087 8.507405
v 8.808430 29.230774 0.146830
v 7.317085 29.780573 4.557339
v 9.525070 25.248014 8.038271
v 9.525070 25.248014 8.038271
v 11.173838 22.515533 3.766168
v 8.808430 29.230774 0.146830
v 11.662899 21.280134 4.120472
v 9.525070 25.248014 8.038271
v 8.979980 21.965103 9.028555
v 9.525070 25.248014 8.038271
v 7.317085 29.780573 4.557339
v 4.634717 24.698965 7.058036
v 9.252202 19.342915 1.321629
v 8.548427 18.455669 2.633681
v 4.805927 19.045891 3.438735
v 11.662899 21.280134 4.120472
v 11.173838 22.515533 3.766168
v 9.525070 25.248014 8.038271
v 4.805927 19.045891 3.438735
v 8.735053 20.499939 0.968385
v 9.252202 19.342915 1.321629
v 7.317085 29.780573 4.557339
v 1.506530 30.660746 3.104620
v 4.634717 24.698965 7.058036
v 4.149107 20.239393 1.846774
v 2.842134 26.425341 -1.424181
v 6.065819 26.037996 -2.683001
v -0.959587 29.446262 0.560477
v 4.634717 24.698965 7.058036
v 1.506530 30.660746 3.104620
v 1.578990 30.068138 -4.066172
v 2.041212 22.393021 4.448004
v -0.959587 29.446262 0.560477
v 2.041212 22.393021 4.448004
v 2.842134 26.425341 -1.424181
v 4.149107 20.239393 1.846774
v 1.578990 30.068138 -4.066172
v 2.842134 26.425341 -1.424181
v 2.041212 22.393021 4.448004
v -0.959587 29.446262 0.560477
v 2.041212 22.393021 4.448004
v 4.634717 24.698965 7.058036
v 9.525070 25.248014 8.038271
v 4.634717 24.698965 7.058036
v 5.436172 22.643322 7.727541
v 3.461239 20.550632 5.496861
v 4.149107 20.239393 1.846774
v 4.805927 19.045891 3.438735
v 4.805927 19.045891 3.438735
v 2.773464 18.302036 7.702462
v 3.461239 20.550632 5.496861
v 3.461239 20.550632 5.496861
v 2.041212 22.393021 4.448004
v 4.149107 20.239393 1.846774
v 5.436172 22.643322 7.727541
v 5.143651 20.668528 10.359504
v 9.525070 25.248014 8.038271
v -3.155108 56.573048 -3.623059
v -4.297172 55.862728 -2.272341
v -3.419433 55.405830 -2.549158
v -4.435246 58.450546 -0.623340
v -2.937371 58.249931 1.070627
v -3.057726 56.450565 1.111636
v -4.297172 55.862728 -2.272341
v -4.348854 57.614666 -2.817418
v -4.435246 58.450546 -0.623340
v -3.057726 56.450565 1.111636
v -1.399380 57.363247 1.213236
v -2.158157 56.004028 0.894420
v -1.327953 55.376083 -3.419223
v -3.155108 56.573048 -3.623059
v -3.419433 55.405830 -2.549158
v -4.435246 58.450546 -0.623340
v -3.660222 56.893177 1.379186
v -2.937371 58.249931 1.070627
v -0.708440 54.952560 0.568856
v 0.010124 55.984837 0.260063
v -1.399380 57.363247 1.213236
v -1.431292 55.069168 0.094074
v -2.158157 56.004028 0.894420
v 0.010124 55.984837 0.260063
v -4.348854 57.614666 -2.817418
v -3.155108 56.573048 -3.623059
v -4.900540 56.446907 -2.149971
v -3.155108 56.573048 -3.623059
v -3.682655 55.737076 -3.125558
v -4.900540 56.446907 -2.149971
v -1.923313 54.478222 -2.850456
v -0.053599 55.098740 -1.700830
v -0.703189 54.240425 -1.255789
v -2.033069 56.372791 1.525677
v -0.708440 54.952560 0.568856
v -1.399380 57.363247 1.213236
v -0.708440 54.952560 0.568856
v -0.703189 54.240425 -1.255789
v -0.053599 55.098740 -1.700830
v -2.937371 58.249931 1.070627
v -3.660222 56.893177 1.379186
v -1.399380 57.363247 1.213236
v -3.155108 56.573048 -3.623059
v -1.327953 55.376083 -3.419223
v -1.923313 54.478222 -2.850456
v -3.660222 56.893177 1.379186
v -4.892289 56.977280 -0.214494
v -6.034714 54.719978 0.377227
v -4.900540 56.446907 -2.149971
v -4.435246 58.450546 -0.623340
v -4.348854 57.614666 -2.817418
v -4.900540 56.446907 -2.149971
v -4.892289 56.977280 -0.214494
v -4.435246 58.450546 -0.623340
v -1.923313 54.478222 -2.850456
v -0.703189 54.240425 -1.255789
v -0.332145 54.081367 -1.306368
v -0.053599 55.098740 -1.700830
v -1.431292 55.069168 0.094074
v 0.010124 55.984837 0.260063
v -2.254354 54.678810 -2.153082
v -1.375901 54.332996 -1.106545
v -0.053599 55.098740 -1.700830
v -4.604927 56.351826 -0.274551
v -4.297172 55.862728 -2.272341
v -4.435246 58.450546 -0.623340
v -0.053599 55.098740 -1.700830
v -1.923313 54.478222 -2.850456
v -1.327953 55.376083 -3.419223
v -3.057726 56.450565 1.111636
v -4.604927 56.351826 -0.274551
v -4.435246 58.450546 -0.623340
v -3.155108 56.573048 -3.623059
v -4.348854 57.614666 -2.817418
v -4.297172 55.862728 -2.272341
v -4.892289 56.977280 -0.214494
v -4.900540 56.446907 -2.149971
v -6.034714 54.719978 0.377227
v -4.892289 56.977280 -0.214494
v -3.660222 56.893177 1.379186
v -4.435246 58.450546 -0.623340
v -1.431292 55.069168 0.094074
v -0.053599 55.098740 -1.700830
v -1.375901 54.332996 -1.106545
v -2.254354 54.678810 -2.153082
v -0.053599 55.098740 -1.700830
v -1.327953 55.376083 -3.419223
v -0.708440 54.952560 0.568856
v -0.332145 54.081367 -1.306368
v -0.703189 54.240425 -1.255789
v -0.708440 54.952560 0.568856
v -0.053599 55.098740 -1.700830
v 0.010124 55.984837 0.260063
v -3.660222 56.893177 1.379186
v -2.033069 56.372791 1.525677
v -1.399380 57.363247 1.213236
v -1.923313 54.478222 -2.850456
v -3.682655 55.737076 -3.125558
v -3.155108 56.573048 -3.623059
v -3.057726 56.450565 1.111636
v -2.937371 58.249931 1.070627
v -1.399380 57.363247 1.213236
v -3.419433 55.405830 -2.549158
v -2.254354 54.678810 -2.153082
v -1.327953 55.376083 -3.419223
v -2.158157 56.004028 0.894420
v -1.399380 57.363247 1.213236
v 0.010124 55.984837 0.260063
v -3.660222 56.893177 1.379186
v -6.034714 54.719978 0.377227
v -4.268810 55.231758 2.227858
v -2.033069 56.372791 1.525677
v -3.660222 56.893177 1.379186
v -4.268810 55.231758 2.227858
v -2.033069 56.372791 1.525677
v -4.268810 55.231758 2.227858
v -2.395972 55.233807 2.242733
v -0.708440 54.952560 0.568856
v -2.033069 56.372791 1.525677
v -0.629902 54.414890 0.475886
v -0.629902 54.414890 0.475886
v -2.033069 56.372791 1.525677
v -2.395972 55.233807 2.242733
v -0.332145 54.081367 -1.306368
v -0.708440 54.952560 0.568856
v -0.629902 54.414890 0.475886
v -4.900540 56.446907 -2.149971
v -5.825390 55.355236 -1.856011
v -6.034714 54.719978 0.377227
v -3.682655 55.737076 -3.125558
v -5.825390 55.355236 -1.856011
v -4.900540 56.446907 -2.149971
v -3.682655 55.737076 -3.125558
v -4.456657 55.380398 -3.148937
v -5.825390 55.355236 -1.856011
v -3.682655 55.737076 -3.125558
v -1.923313 54.478222 -2.850456
v -2.021566 54.490086 -3.139082
v -2.021566 54.490086 -3.139082
v -4.456657 55.380398 -3.148937
v -3.682655 55.737076 -3.125558
v -1.923313 54.478222 -2.850456
v -0.332145 54.081367 -1.306368
v -2.021566 54.490086 -3.139082
v -1.729512 47.880844 -8.390210
v -3.365922 47.043556 -9.041205
v -4.910610 49.191883 -8.606040
v -2.714580 49.982895 -7.675758
v -1.729512 47.880844 -8.390210
v -4.910610 49.191883 -8.606040
v -4.492436 46.075783 -7.366043
v -3.226972 46.068295 -5.830401
v -4.877323 48.908123 -5.709750
v -7.938484 49.989735 -6.437019
v -8.255409 51.410858 -6.043119
v -5.909473 50.810970 -8.674256
v -8.255409 51.410858 -6.043119
v -7.938484 49.989735 -6.437019
v -7.430981 49.080704 -4.748907
v -6.092983 48.199390 -5.531189
v -7.430981 49.080704 -4.748907
v -7.938484 49.989735 -6.437019
v -3.508817 48.681904 -6.375791
v -6.092983 48.199390 -5.531189
v -7.938484 49.989735 -6.437019
v -3.659837 50.424820 -5.586767
v -3.673756 52.454521 -5.218599
v -2.411316 52.199772 -6.544997
v -4.003670 53.891483 -5.855485
v -2.411316 52.199772 -6.544997
v -3.673756 52.454521 -5.218599
v -7.938484 49.989735 -6.437019
v -5.346508 49.704811 -5.657303
v -3.508817 48.681904 -6.375791
v -4.003670 53.891483 -5.855485
v -4.456657 55.380398 -3.148937
v -2.021566 54.490086 -3.139082
v -4.456657 55.380398 -3.148937
v -4.003670 53.891483 -5.855485
v -5.974280 54.398838 -5.373176
v -5.825390 55.355236 -1.856011
v -4.456657 55.380398 -3.148937
v -5.974280 54.398838 -5.373176
v -7.430981 49.080704 -4.748907
v -8.250938 51.554501 -4.599949
v -8.255409 51.410858 -6.043119
v -8.250938 51.554501 -4.599949
v -6.872272 53.951496 -1.882358
v -7.547263 53.906330 -4.851378
v -2.411316 52.199772 -6.544997
v -2.081906 49.712357 -6.805010
v -3.659837 50.424820 -5.586767
v -5.346508 49.704811 -5.657303
v -2.081906 49.712357 -6.805010
v -3.508817 48.681904 -6.375791
v -7.251895 51.176613 -2.280799
v -8.250938 51.554501 -4.599949
v -7.430981 49.080704 -4.748907
v -7.251895 51.176613 -2.280799
v -6.872272 53.951496 -1.882358
v -8.250938 51.554501 -4.599949
v -4.003670 53.891483 -5.855485
v -0.318762 52.626530 -4.365885
v -2.411316 52.199772 -6.544997
v -6.872272 53.951496 -1.882358
v -5.825390 55.355236 -1.856011
v -7.547263 53.906330 -4.851378
v -4.003670 53.891483 -5.855485
v -2.021566 54.490086 -3.139082
v -0.318762 52.626530 -4.365885
v -5.825390 55.355236 -1.856011
v -5.974280 54.398838 -5.373176
v -7.547263 53.906330 -4.851378
v -2.081906 49.712357 -6.805010
v -5.346508 49.704811 -5.657303
v -3.659837 50.424820 -5.586767
v -7.547263 53.906330 -4.851378
v -7.747871 53.254196 -6.543505
v -8.250938 51.554501 -4.599949
v -7.747871 53.254196 -6.543505
v -7.547263 53.906330 -4.851378
v -6.182236 53.912159 -6.895901
v -4.003670 53.891483 -5.855485
v -4.295216 53.827778 -6.389996
v -5.974280 54.398838 -5.373176
v -7.547263 53.906330 -4.851378
v -5.974280 54.398838 -5.373176
v -6.182236 53.912159 -6.895901
v -4.295216 53.827778 -6.389996
v -6.182236 53.912159 -6.895901
v -5.974280 54.398838 -5.373176
v -7.747871 53.254196 -6.543505
v -8.255409 51.410858 -6.043119
v -8.250938 51.554501 -4.599949
v -7.747871 53.254196 -6.543505
v -6.182236 53.912159 -6.895901
v -3.929045 51.478271 -8.234282
v -3.929045 51.478271 -8.234282
v -5.909473 50.810970 -8.674256
v -7.747871 53.254196 -6.543505
v -5.346508 49.704811 -5.657303
v -7.938484 49.989735 -6.437019
v -6.144017 48.865524 -7.391369
v -2.975877 51.905991 -6.470729
v -3.929045 51.478271 -8.234282
v -6.182236 53.912159 -6.895901
v -3.659837 50.424820 -5.586767
v -5.346508 49.704811 -5.657303
v -4.877323 48.908123 -5.709750
v -6.144017 48.865524 -7.391369
v -4.877323 48.908123 -5.709750
v -5.346508 49.704811 -5.657303
v -6.144017 48.865524 -7.391369
v -7.938484 49.989735 -6.437019
v -5.909473 50.810970 -8.674256
v -3.673756 52.454521 -5.218599
v -4.295216 53.827778 -6.389996
v -4.003670 53.891483 -5.855485
v -3.673756 52.454521 -5.218599
v -3.659837 50.424820 -5.586767
v -3.794479 50.449463 -4.931598
v -6.182236 53.912159 -6.895901
v -4.295216 53.827778 -6.389996
v -2.975877 51.905991 -6.470729
v -8.255409 51.410858 -6.043119
v -7.747871 53.254196 -6.543505
v -5.909473 50.810970 -8.674256
v -2.975877 51.905991 -6.470729
v -4.295216 53.827778 -6.389996
v -3.673756 52.454521 -5.218599
v -4.877323 48.908123 -5.709750
v -3.794479 50.449463 -4.931598
v -3.659837 50.424820 -5.586767
v -2.975877 51.905991 -6.470729
v -2.572775 50.377506 -6.485081
v -2.714580 49.982895 -7.675758
v -3.794479 50.449463 -4.931598
v -2.572775 50.377506 -6.485081
v -3.673756 52.454521 -5.218599
v -2.572775 50.377506 -6.485081
v -2.975877 51.905991 -6.470729
v -3.673756 52.454521 -5.218599
v -2.572775 50.377506 -6.485081
v -3.794479 50.449463 -4.931598
v -0.387234 47.426060 -6.350237
v -2.975877 51.905991 -6.470729
v -2.714580 49.982895 -7.675758
v -3.929045 51.478271 -8.234282
v -4.910610 49.191883 -8.606040
v -5.909473 50.810970 -8.674256
v -3.929045 51.478271 -8.234282
v -3.226972 46.068295 -5.830401
v -1.230542 46.581219 -5.228047
v -3.794479 50.449463 -4.931598
v -3.794479 50.449463 -4.931598
v -4.877323 48.908123 -5.709750
v -3.226972 46.068295 -5.830401
v -4.877323 48.908123 -5.709750
v -6.144017 48.865524 -7.391369
v -4.492436 46.075783 -7.366043
v -6.144017 48.865524 -7.391369
v -5.909473 50.810970 -8.674256
v -4.910610 49.191883 -8.606040
v -3.794479 50.449463 -4.931598
v -1.230542 46.581219 -5.228047
v -0.387234 47.426060 -6.350237
v -3.365922 47.043556 -9.041205
v -4.492436 46.075783 -7.366043
v -6.144017 48.865524 -7.391369
v -2.714580 49.982895 -7.675758
v -2.572775 50.377506 -6.485081
v -0.387234 47.426060 -6.350237
v -3.929045 51.478271 -8.234282
v -2.714580 49.982895 -7.675758
v -4.910610 49.191883 -8.606040
v -4.910610 49.191883 -8.606040
v -3.365922 47.043556 -9.041205
v -6.144017 48.865524 -7.391369
v 2.389130 48.127476 0.691496
v 1.941489 48.859051 -2.385823
v 2.704478 49.807919 0.846901
v 2.034208 50.136364 -2.307386
v 0.673054 48.620461 -5.308086
v 2.034208 50.136364 -2.307386
v 1.941489 48.859051 -2.385823
v -4.478662 48.130413 3.316789
v -6.327839 50.974350 0.153289
v -5.881771 47.923782 -0.224968
v 1.383379 52.465569 0.321055
v 0.833458 52.431248 -1.775360
v -0.332145 54.081367 -1.306368
v -4.982398 53.835995 2.883941
v -4.268810 55.231758 2.227858
v -6.034714 54.719978 0.377227
v -4.478662 48.130413 3.316789
v -1.004379 48.484341 4.849015
v -1.736615 49.709465 5.499944
v -6.327839 50.974350 0.153289
v -4.982398 53.835995 2.883941
v -6.034714 54.719978 0.377227
v -4.478662 48.130413 3.316789
v -5.039017 51.038734 3.274867
v -6.327839 50.974350 0.153289
v -5.039017 51.038734 3.274867
v -4.982398 53.835995 2.883941
v -6.327839 50.974350 0.153289
v -5.039017 51.038734 3.274867
v -4.478662 48.130413 3.316789
v -1.736615 49.709465 5.499944
v -1.004379 48.484341 4.849015
v 0.244356 48.345131 3.654948
v 0.392040 51.141090 6.294916
v -1.736615 49.709465 5.499944
v 0.392040 51.141090 6.294916
v -0.338385 52.498623 6.398726
v 0.392040 51.141090 6.294916
v -1.736615 49.709465 5.499944
v -1.004379 48.484341 4.849015
v -4.268810 55.231758 2.227858
v -0.324881 55.369057 3.806851
v -2.395972 55.233807 2.242733
v 0.946312 50.878319 3.632421
v 0.244356 48.345131 3.654948
v 2.098249 49.753574 2.727458
v 1.543643 51.692944 2.074806
v 2.098249 49.753574 2.727458
v 1.935931 52.495380 2.406432
v -0.338385 52.498623 6.398726
v -1.628364 52.516998 5.828633
v -1.736615 49.709465 5.499944
v -1.736615 49.709465 5.499944
v -1.628364 52.516998 5.828633
v -5.039017 51.038734 3.274867
v -4.268810 55.231758 2.227858
v -1.412594 54.856308 5.056166
v -0.324881 55.369057 3.806851
v 1.036661 54.877930 2.290601
v 1.935931 52.495380 2.406432
v 1.383379 52.465569 0.321055
v -2.395972 55.233807 2.242733
v -0.324881 55.369057 3.806851
v 1.036661 54.877930 2.290601
v -4.982398 53.835995 2.883941
v -1.628364 52.516998 5.828633
v -1.412594 54.856308 5.056166
v 1.036661 54.877930 2.290601
v -0.629902 54.414890 0.475886
v -2.395972 55.233807 2.242733
v -4.982398 53.835995 2.883941
v -5.039017 51.038734 3.274867
v -1.628364 52.516998 5.828633
v 1.036661 54.877930 2.290601
v 1.383379 52.465569 0.321055
v -0.629902 54.414890 0.475886
v -4.268810 55.231758 2.227858
v -4.982398 53.835995 2.883941
v -1.412594 54.856308 5.056166
v 0.244356 48.345131 3.654948
v 0.946312 50.878319 3.632421
v 0.392040 51.141090 6.294916
v 1.543643 51.692944 2.074806
v 0.946312 50.878319 3.632421
v 2.098249 49.753574 2.727458
v 2.033752 48.876492 2.361930
v 2.389130 48.127476 0.691496
v 2.704478 49.807919 0.846901
v 1.383379 52.465569 0.321055
v -0.332145 54.081367 -1.306368
v -0.629902 54.414890 0.475886
v 2.704478 49.807919 0.846901
v 1.383379 52.465569 0.321055
v 1.935931 52.495380 2.406432
v 2.704478 49.807919 0.846901
v 1.935931 52.495380 2.406432
v 2.033752 48.876492 2.361930
v 2.704478 49.807919 0.846901
v 2.034208 50.136364 -2.307386
v 0.833458 52.431248 -1.775360
v 1.935931 52.495380 2.406432
v 2.098249 49.753574 2.727458
v 2.033752 48.876492 2.361930
v 1.383379 52.465569 0.321055
v 2.704478 49.807919 0.846901
v 0.833458 52.431248 -1.775360
v -1.412594 54.856308 5.056166
v 0.027356 54.387917 6.093273
v 0.940281 55.164310 4.837601
v -0.324881 55.369057 3.806851
v 0.940281 55.164310 4.837601
v 1.371053 55.068184 2.918389
v 0.027356 54.387917 6.093273
v -1.412594 54.856308 5.056166
v -1.628364 52.516998 5.828633
v 1.036661 54.877930 2.290601
v -0.324881 55.369057 3.806851
v 1.371053 55.068184 2.918389
v -1.628364 52.516998 5.828633
v -0.338385 52.498623 6.398726
v 0.027356 54.387917 6.093273
v 0.940281 55.164310 4.837601
v -0.324881 55.369057 3.806851
v -1.412594 54.856308 5.056166
v 1.935931 52.495380 2.406432
v 0.995138 53.935532 1.955008
v 1.543643 51.692944 2.074806
v 0.995138 53.935532 1.955008
v 1.935931 52.495380 2.406432
v 1.036661 54.877930 2.290601
v 1.371053 55.068184 2.918389
v 0.995138 53.935532 1.955008
v 1.036661 54.877930 2.290601
v 1.237122 50.440449 2.550863
v 1.927097 50.034161 4.597752
v 0.946312 50.878319 3.632421
v 2.979253 52.044109 5.543962
v 3.636078 53.069992 3.841671
v 0.027356 54.387917 6.093273
v 3.636078 53.069992 3.841671
v 0.940281 55.164310 4.837601
v 0.027356 54.387917 6.093273
v 3.636078 53.069992 3.841671
v 2.704639 53.755169 2.159409
v 0.940281 55.164310 4.837601
v 0.392040 51.141090 6.294916
v 1.927097 50.034161 4.597752
v 2.979253 52.044109 5.543962
v 0.946312 50.878319 3.632421
v 1.543643 51.692944 2.074806
v 1.237122 50.440449 2.550863
v 1.927097 50.034161 4.597752
v 0.392040 51.141090 6.294916
v 0.946312 50.878319 3.632421
v 0.995138 53.935532 1.955008
v 1.371053 55.068184 2.918389
v 2.704639 53.755169 2.159409
v 1.543643 51.692944 2.074806
v 1.119061 52.227100 1.604901
v 1.237122 50.440449 2.550863
v 2.979253 52.044109 5.543962
v -0.338385 52.498623 6.398726
v 0.392040 51.141090 6.294916
v 2.704639 53.755169 2.159409
v 1.371053 55.068184 2.918389
v 0.940281 55.164310 4.837601
v 2.979253 52.044109 5.543962
v 0.027356 54.387917 6.093273
v -0.338385 52.498623 6.398726
v 1.119061 52.227100 1.604901
v 1.543643 51.692944 2.074806
v 0.995138 53.935532 1.955008
v 3.605570 50.605022 4.390605
v 5.322586 49.971016 1.459528
v 4.000896 51.835361 2.282228
v 3.185606 49.068871 -1.101086
v 2.525509 48.061913 0.677124
v 1.119061 52.227100 1.604901
v 2.525509 48.061913 0.677124
v 3.005886 47.657776 2.565401
v 1.237122 50.440449 2.550863
v 4.940342 48.729378 2.913825
v 1.927097 50.034161 4.597752
v 3.005886 47.657776 2.565401
v 3.102723 52.372398 1.537852
v 0.995138 53.935532 1.955008
v 2.704639 53.755169 2.159409
v 2.979253 52.044109 5.543962
v 3.605570 50.605022 4.390605
v 3.636078 53.069992 3.841671
v 3.185606 49.068871 -1.101086
v 1.119061 52.227100 1.604901
v 4.518600 49.997887 -0.890563
v 3.636078 53.069992 3.841671
v 4.000896 51.835361 2.282228
v 2.704639 53.755169 2.159409
v 4.518600 49.997887 -0.890563
v 3.102723 52.372398 1.537852
v 4.000896 51.835361 2.282228
v 3.102723 52.372398 1.537852
v 2.704639 53.755169 2.159409
v 4.000896 51.835361 2.282228
v 3.605570 50.605022 4.390605
v 4.000896 51.835361 2.282228
v 3.636078 53.069992 3.841671
v 3.605570 50.605022 4.390605
v 4.940342 48.729378 2.913825
v 5.322586 49.971016 1.459528
v 0.995138 53.935532 1.955008
v 3.102723 52.372398 1.537852
v 1.119061 52.227100 1.604901
v 1.119061 52.227100 1.604901
v 3.102723 52.372398 1.537852
v 4.518600 49.997887 -0.890563
v 1.927097 50.034161 4.597752
v 4.940342 48.729378 2.913825
v 3.605570 50.605022 4.390605
v 2.525509 48.061913 0.677124
v 1.237122 50.440449 2.550863
v 1.119061 52.227100 1.604901
v 3.005886 47.657776 2.565401
v 1.927097 50.034161 4.597752
v 1.237122 50.440449 2.550863
v 3.605570 50.605022 4.390605
v 2.979253 52.044109 5.543962
v 1.927097 50.034161 4.597752
v 7.929152 34.795124 0.498464
v 7.569860 34.171452 1.561570
v 9.625418 33.853806 0.518813
v 9.264752 33.230133 1.582893
v 8.495634 31.820667 0.496117
v 6.800740 32.761986 0.474795
v 8.856299 32.444340 -0.567962
v 7.160032 33.385654 -0.588311
v 7.160032 33.385654 -0.588311
v 6.800740 32.761986 0.474795
v 7.929152 34.795124 0.498464
v 7.569860 34.171452 1.561570
v 7.569860 34.171452 1.561570
v 6.800740 32.761986 0.474795
v 9.264752 33.230133 1.582893
v 8.495634 31.820667 0.496117
v 15.663600 38.552101 -18.292027
v 27.729874 59.486397 -53.976765
v 15.385817 41.839279 -16.458286
v 27.452562 62.774441 -52.142357
v 25.028301 68.927460 -49.353218
v 12.962025 47.993164 -13.668482
v 27.452562 62.774441 -52.142357
v 15.385817 41.839279 -16.458286
v 9.264752 33.230133 1.582893
v 8.495634 31.820667 0.496117
v 9.625418 33.853806 0.518813
v 8.856299 32.444340 -0.567962
v 12.306803 47.366524 -10.953122
v 16.511257 36.689442 -15.793647
v 13.072393 48.695145 -13.218558
v 17.276846 38.018059 -18.059088
v 10.460018 48.198746 -14.393241
v 9.694427 46.870121 -12.127804
v 13.072393 48.695145 -13.218558
v 12.306803 47.366524 -10.953122
v 7.929152 34.795124 0.498464
v 9.625418 33.853806 0.518813
v 7.160032 33.385654 -0.588311
v 8.856299 32.444340 -0.567962
v 16.511257 36.689442 -15.793647
v 13.898547 36.192467 -16.967342
v 17.276846 38.018059 -18.059088
v 14.664473 37.521660 -19.233765
v 14.664473 37.521660 -19.233765
v 13.898547 36.192467 -16.967342
v 10.460018 48.198746 -14.393241
v 9.694427 46.870121 -12.127804
v 9.694427 46.870121 -12.127804
v 13.898547 36.192467 -16.967342
v 12.306803 47.366524 -10.953122
v 16.511257 36.689442 -15.793647
v 17.276846 38.018059 -18.059088
v 14.664473 37.521660 -19.233765
v 13.072393 48.695145 -13.218558
v 10.460018 48.198746 -14.393241
v 25.560015 62.413811 -52.993309
v 27.729874 59.486397 -53.976765
v 13.493740 41.479523 -17.308569
v 15.663600 38.552101 -18.292027
v 11.069947 47.633404 -14.518762
v 12.962025 47.993164 -13.668482
v 23.136559 68.568283 -50.204483
v 25.028301 68.927460 -49.353218
v 25.560015 62.413811 -52.993309
v 13.493740 41.479523 -17.308569
v 23.136559 68.568283 -50.204483
v 11.069947 47.633404 -14.518762
v 8.094155 34.376537 0.308389
v 12.802002 42.536152 -13.618608
v 7.599071 33.469257 -0.391273
v 12.306916 41.628872 -14.318270
v 7.599071 33.469257 -0.391273
v 12.306916 41.628872 -14.318270
v 8.691294 32.862926 -0.377885
v 13.397761 41.022549 -14.303909
v 9.186378 33.770206 0.321777
v 13.893180 41.930405 -13.605234
v 8.094155 34.376537 0.308389
v 12.802002 42.536152 -13.618608
v 8.691294 32.862926 -0.377885
v 13.397761 41.022549 -14.303909
v 9.186378 33.770206 0.321777
v 13.893180 41.930405 -13.605234
v 28.037733 75.608856 -61.475956
v 27.729874 59.486397 -53.976765
v 25.560015 62.413811 -52.993309
v 27.452562 62.774441 -52.142357
v 27.729874 59.486397 -53.976765
v 28.037733 75.608856 -61.475956
v 25.028301 68.927460 -49.353218
v 27.452562 62.774441 -52.142357
v 28.037733 75.608856 -61.475956
v 28.037733 75.608856 -61.475956
v 23.136559 68.568283 -50.204483
v 25.028301 68.927460 -49.353218
v 25.560015 62.413811 -52.993309
v 23.136559 68.568283 -50.204483
v 28.037733 75.608856 -61.475956
vn 0.1465 0.8227 -0.5493
vn 0.1561 0.8005 -0.5786
vn 0.1655 0.7771 -0.6072
vn 0.1561 0.8005 -0.5787
vn -0.7685 0.6329 -0.0945
vn -0.7903 0.6026 -0.1106
vn -0.7903 0.6026 -0.1105
vn -0.8109 0.5714 -0.1264
vn -0.7904 0.6026 -0.1106
vn -0.9482 0.1236 0.2928
vn -0.9455 0.1408 0.2937
vn -0.9425 0.1580 0.2946
vn 0.6105 0.5683 -0.5517
vn 0.6591 0.4998 -0.5619
vn 0.7030 0.4277 -0.5682
vn -0.4104 -0.5430 0.7326
vn -0.2160 -0.6888 0.6921
vn -0.0083 -0.7928 0.6095
vn -0.2159 -0.6888 0.6921
vn -0.3604 0.8151 -0.4536
vn 0.7256 0.4465 -0.5235
vn 0.7351 0.4441 -0.5123
vn 0.7444 0.4416 -0.5009
vn -0.9489 0.3012 0.0945
vn -0.9499 0.2606 0.1727
vn -0.9435 0.2179 0.2496
vn -0.9499 0.2605 0.1728
vn 0.8692 -0.4399 0.2257
vn 0.9239 -0.3767 0.0667
vn 0.9489 -0.3012 -0.0945
vn 0.9240 -0.3766 0.0666
vn -0.3695 0.0993 0.9239
vn -0.3699 0.0990 0.9238
vn -0.3701 0.0987 0.9237
vn 0.3693 -0.0994 -0.9240
vn 0.3695 -0.0992 -0.9239
vn 0.8908 0.3211 0.3216
vn 0.8904 0.3215 0.3222
vn 0.8906 0.3213 0.3219
vn -0.8904 -0.3214 -0.3222
vn -0.8903 -0.3215 -0.3224
vn -0.2643 0.9420 -0.2067
vn -0.2649 0.9419 -0.2064
vn -0.2652 0.9419 -0.2063
vn -0.2647 0.9420 -0.2065
vn -0.5208 0.4386 0.7324
vn -0.5207 0.4388 0.7324
vn 0.5211 -0.4383 -0.7323
vn 0.5212 -0.4381 -0.7324
vn 0.7390 0.6609 0.1308
vn 0.7391 0.6608 0.1307
vn -0.7394 -0.6605 -0.1303
vn -0.7393 -0.6606 -0.1304
vn -0.4274 0.6098 -0.6675
vn -0.4265 0.6099 -0.6679
vn -0.4257 0.6101 -0.6683
vn -0.4264 0.6100 -0.6679
vn -0.3975 0.7252 0.5622
vn -0.3971 0.7253 0.5623
vn -0.3967 0.7255 0.5624
vn 0.3969 -0.7252 -0.5626
vn 0.3975 -0.7250 -0.5624
vn 0.8024 -0.0227 0.5963
vn 0.8025 -0.0230 0.5962
vn -0.8027 0.0231 -0.5959
vn -0.8026 0.0227 -0.5961
vn -0.8026 0.0225 -0.5961
vn 0.4464 0.6884 -0.5718
vn 0.4463 0.6884 -0.5718
vn 0.4575 0.8758 0.1538
vn 0.4574 0.8759 0.1535
vn -0.4571 -0.8759 -0.1543
vn -0.4573 -0.8757 -0.1548
vn -0.0123 -0.1658 0.9861
vn -0.0128 -0.1662 0.9860
vn -0.0133 -0.1666 0.9859
vn -0.0129 -0.1663 0.9860
vn 0.0126 0.1659 -0.9861
vn 0.0130 0.1662 -0.9860
vn 0.0135 0.1666 -0.9859
vn -0.8895 0.4522 0.0650
vn -0.8893 0.4525 0.0655
vn -0.8892 0.4528 0.0660
vn -0.8894 0.4525 0.0654
vn 0.0621 -0.7900 0.6099
vn -0.5065 0.8471 0.1610
vn 0.5135 0.3823 -0.7682
vn 0.6830 -0.6997 0.2097
vn 0.1372 0.6730 -0.7268
vn -0.9841 -0.0381 -0.1737
vn -0.0469 -0.8263 0.5613
vn -0.8252 0.5342 -0.1836
vn -0.4504 0.4183 -0.7887
vn -0.1957 0.9795 -0.0481
vn 0.6493 -0.6857 0.3289
vn -0.5321 -0.4683 0.7054
vn -0.7337 0.2958 -0.6118
vn -0.0469 -0.8265 0.5610
vn -0.8745 0.3217 0.3629
vn 0.1024 -0.8026 0.5876
vn 0.4629 0.2140 -0.8602
vn 0.9783 -0.2070 -0.0117
vn 0.6858 -0.6961 0.2125
vn 0.7261 0.6082 -0.3206
vn 0.5507 -0.0941 -0.8294
vn 0.6121 -0.7122 0.3438
vn 0.2352 0.8322 -0.5021
vn -0.9272 -0.3515 -0.1290
vn 0.1939 0.9682 -0.1581
vn 0.7086 0.5974 -0.3754
vn -0.8390 0.3380 0.4264
vn 0.6813 -0.1657 -0.7130
vn -0.5074 0.8421 0.1827
vn -0.9885 0.1476 -0.0331
vn -0.8953 -0.4438 0.0399
vn -0.7562 0.2305 0.6125
vn 0.8435 0.5124 -0.1612
vn -0.3488 -0.3575 0.8663
vn 0.1801 0.9693 -0.1675
vn -0.8011 0.5944 -0.0704
vn 0.9630 -0.1277 0.2372
vn -0.1394 0.3957 -0.9077
vn -0.1181 0.4052 -0.9066
vn -0.7190 0.2926 -0.6304
vn -0.6739 -0.1457 -0.7243
vn -0.7648 0.0147 -0.6441
vn -0.8248 0.1745 -0.5379
vn -0.1125 0.0811 0.9903
vn -0.0002 -0.0855 0.9963
vn 0.1121 -0.2488 0.9620
vn -0.0002 -0.0856 0.9963
vn -0.0001 -0.0856 0.9963
vn 0.9070 0.4048 -0.1159
vn -0.1121 0.2488 -0.9620
vn -0.7583 -0.3402 0.5560
vn 0.7692 -0.1684 0.6164
vn 0.6828 0.2635 0.6815
vn 0.8248 -0.1745 0.5379
vn 0.0922 -0.3212 0.9425
vn 0.1125 -0.0811 -0.9903
vn -0.7491 -0.3566 0.5583
vn 0.7628 -0.1525 0.6284
vn 0.9840 -0.0525 -0.1703
vn -0.9335 -0.3578 0.0255
vn 0.9837 -0.0353 -0.1761
vn -0.7870 -0.2118 0.5794
vn -0.9289 -0.3179 0.1902
vn 0.7328 0.1924 0.6527
vn 0.7665 -0.0068 -0.6423
vn -0.6374 -0.3966 0.6606
vn -0.7651 -0.1703 0.6209
vn 0.9335 0.3578 -0.0255
vn -0.9254 -0.3335 0.1800
vn 0.6739 0.1457 0.7243
vn -0.9592 -0.1892 0.2100
vn 0.6752 0.2205 0.7039
vn 0.7614 -0.0233 -0.6478
vn 0.6374 0.3966 -0.6606
vn 0.6916 0.4331 -0.5780
vn 0.6929 0.4111 -0.5924
vn 0.7583 0.3402 -0.5560
vn 0.7870 0.2118 -0.5794
vn -0.6916 -0.4331 0.5780
vn 0.0682 -0.3620 0.9297
vn 0.9592 0.1892 -0.2100
vn -0.9840 0.0525 0.1703
vn -0.7692 0.1684 -0.6164
vn 0.7491 0.3566 -0.5583
vn -0.7665 0.0068 0.6423
vn -0.0044 0.0531 0.9986
vn -0.0922 0.3212 -0.9425
vn -0.9178 -0.3816 0.1100
vn -0.7328 -0.1924 -0.6527
vn -0.7628 0.1525 -0.6284
vn 0.9254 0.3335 -0.1800
vn 0.9749 0.1428 -0.1710
vn 0.9289 0.3179 -0.1902
vn -0.6929 -0.4111 0.5924
vn -0.9070 -0.4048 0.1159
vn -0.9837 0.0353 0.1761
vn -0.7614 0.0233 0.6478
vn 0.0173 -0.2907 0.9566
vn -0.6828 -0.2635 -0.6815
vn -0.0170 0.0697 0.9974
vn 0.7651 0.1703 -0.6209
vn -0.9749 -0.1428 0.1710
vn 0.9178 0.3816 -0.1100
vn 0.0170 -0.0697 -0.9974
vn -0.0682 0.3620 -0.9297
vn -0.6752 -0.2205 -0.7039
vn 0.0044 -0.0531 -0.9986
vn -0.0173 0.2907 -0.9566
vn -0.5340 0.4895 0.6893
vn -0.5382 0.4934 0.6833
vn -0.5423 0.4973 0.6772
vn -0.9874 0.1024 0.1207
vn -0.9865 0.0981 0.1311
vn -0.9855 0.0937 0.1415
vn 0.5760 0.6052 0.5495
vn 0.5730 0.5998 0.5584
vn 0.5700 0.5944 0.5673
vn 0.1748 -0.4722 -0.8640
vn 0.1717 -0.4697 -0.8660
vn 0.1686 -0.4671 -0.8680
vn -0.5637 -0.3618 -0.7425
vn -0.5491 -0.3896 -0.7394
vn -0.5339 -0.4171 -0.7355
vn 0.9763 0.2099 0.0519
vn 0.9762 0.2150 0.0284
vn 0.9755 0.2201 0.0049
vn -0.4227 -0.1007 0.9007
vn -0.4189 -0.0998 0.9025
vn -0.4150 -0.0989 0.9044
vn -0.4188 -0.0998 0.9026
vn 0.0832 -0.3317 -0.9397
vn 0.0836 -0.3322 -0.9395
vn 0.2131 0.7636 0.6094
vn 0.2133 0.7636 0.6094
vn 0.5709 0.6461 -0.5065
vn 0.5703 0.6467 -0.5065
vn 0.5696 0.6473 -0.5065
vn 0.0432 -0.3145 -0.9483
vn 0.0418 -0.3093 -0.9500
vn 0.0405 -0.3041 -0.9518
vn 0.5187 0.7209 -0.4597
vn 0.5160 0.7241 -0.4576
vn 0.5133 0.7273 -0.4556
vn 0.5160 0.7241 -0.4577
vn -0.5193 -0.8513 -0.0745
vn -0.5189 -0.8516 -0.0741
vn -0.5182 -0.8521 -0.0736
vn -0.5188 -0.8517 -0.0740
vn -0.5186 -0.8518 -0.0737
vn -0.5190 -0.8515 -0.0740
vn -0.5187 -0.8518 -0.0738
vn 0.2689 0.7318 0.6263
vn 0.6971 0.6038 -0.3866
vn 0.7024 0.5949 -0.3910
vn 0.7075 0.5858 -0.3953
vn 0.7024 0.5948 -0.3910
vn -0.4049 -0.1943 0.8935
vn -0.4046 -0.1943 0.8936
vn -0.4042 -0.1945 0.8938
vn -0.4045 -0.1944 0.8937
vn 0.5703 0.6467 -0.5066
vn 0.5707 0.6462 -0.5066
vn 0.0839 -0.3323 -0.9394
vn 0.0837 -0.3320 -0.9395
vn 0.0834 -0.3317 -0.9397
vn -0.5183 -0.8520 -0.0738
vn -0.5186 -0.8518 -0.0740
vn -0.5189 -0.8516 -0.0742
vn 0.2688 0.7316 0.6265
vn -0.4047 -0.1943 0.8936
vn -0.4041 -0.1944 0.8938
vn -0.4035 -0.1949 0.8940
vn -0.4039 -0.1948 0.8938
vn -0.4043 -0.1947 0.8937
vn -0.4038 -0.1948 0.8939
vn 0.1856 -0.3784 -0.9068
vn 0.1884 -0.3907 -0.9010
vn 0.1912 -0.4030 -0.8950
vn -0.2112 -0.2148 0.9535
vn -0.2213 -0.2174 0.9507
vn -0.2315 -0.2199 0.9477
vn -0.5520 -0.8283 -0.0958
vn -0.5495 -0.8306 -0.0906
vn -0.5470 -0.8328 -0.0855
vn -0.5495 -0.8306 -0.0907
vn 0.0828 -0.3313 -0.9399
vn 0.0833 -0.3319 -0.9396
vn 0.0830 -0.3315 -0.9398
vn -0.5195 -0.8513 -0.0744
vn -0.5192 -0.8514 -0.0742
vn -0.4039 -0.1946 0.8939
vn 0.5705 0.6464 -0.5067
vn 0.5702 0.6466 -0.5067
vn 0.5700 0.6469 -0.5066
vn 0.5710 0.6462 -0.5064
vn 0.5707 0.6464 -0.5064
vn 0.5706 0.6465 -0.5064
vn 0.0829 -0.3315 -0.9398
vn 0.2695 0.7312 0.6267
vn -0.3998 -0.9162 -0.0277
vn -0.4069 -0.9126 -0.0399
vn -0.4138 -0.9089 -0.0521
vn 0.3994 0.6358 0.6605
vn 0.3998 0.6358 0.6603
vn -0.3874 -0.6772 -0.6256
vn -0.3876 -0.6768 -0.6258
vn -0.6560 -0.7139 0.2451
vn 0.2008 0.0436 -0.9787
vn -0.6924 -0.6686 0.2714
vn 0.1520 0.1796 -0.9719
vn 0.7647 -0.2706 0.5848
vn 0.7809 -0.2482 0.5732
vn 0.7964 -0.2255 0.5611
vn -0.0415 0.2471 -0.9681
vn -0.0339 0.2218 -0.9745
vn -0.0264 0.1964 -0.9802
vn -0.7864 0.3343 0.5195
vn -0.7852 0.3420 0.5163
vn -0.7839 0.3497 0.5130
vn -0.1862 0.0632 0.9805
vn -0.1836 0.0526 0.9816
vn -0.1811 0.0419 0.9826
vn -0.6445 0.4801 -0.5951
vn -0.6439 0.4892 -0.5883
vn -0.6431 0.4983 -0.5814
vn -0.6439 0.4893 -0.5883
vn 0.9472 -0.2858 -0.1454
vn 0.9466 -0.2890 -0.1429
vn 0.9460 -0.2921 -0.1404
vn 0.9466 -0.2889 -0.1429
vn 0.2954 0.8647 -0.4062
vn -0.0191 0.8313 0.5555
vn -0.0458 0.8294 0.5568
vn -0.4438 0.1170 0.8884
vn -0.5108 0.1031 0.8535
vn 0.3073 0.8660 -0.3944
vn -0.9365 -0.0625 0.3450
vn -0.9706 -0.1358 0.1986
vn -0.0698 -0.9144 0.3987
vn 0.0222 -0.8978 0.4398
vn 0.5576 -0.7923 0.2478
vn 0.4905 -0.8422 0.2237
vn 0.9810 -0.1306 -0.1437
vn 0.9842 -0.1358 -0.1138
vn -0.4905 0.8422 -0.2237
vn -0.9239 -0.0776 0.3747
vn 0.9686 0.1794 -0.1721
vn 0.9706 0.1358 -0.1986
vn -0.0222 0.8978 -0.4398
vn -0.9686 -0.1794 0.1721
vn 0.9239 0.0776 -0.3747
vn 0.9365 0.0625 -0.3450
vn -0.9842 0.1358 0.1138
vn -0.5576 0.7923 -0.2478
vn 0.0698 0.9144 -0.3987
vn -0.9810 0.1306 0.1437
vn 0.4239 0.4954 -0.7582
vn 0.0419 0.8898 -0.4545
vn -0.4552 -0.7254 0.5162
vn -0.2075 -0.8888 0.4086
vn -0.0419 -0.8898 0.4545
vn -0.4239 -0.4954 0.7582
vn -0.4724 -0.4938 0.7301
vn -0.4423 -0.4757 0.7603
vn 0.4724 0.4938 -0.7301
vn 0.4423 0.4757 -0.7603
vn 0.4552 0.7254 -0.5162
vn 0.2075 0.8888 -0.4086
vn -0.9306 0.2367 0.2792
vn -0.6746 -0.6466 0.3562
vn -0.4833 -0.7098 0.5124
vn 0.3699 -0.9131 0.1715
vn -0.4807 -0.7489 0.4561
vn 0.4820 -0.8519 0.2050
vn -0.9009 0.2157 0.3767
vn -0.3699 0.9131 -0.1715
vn -0.4820 0.8519 -0.2050
vn 0.6876 0.5216 -0.5051
vn 0.9009 -0.2157 -0.3767
vn -0.6876 -0.5216 0.5051
vn 0.4807 0.7489 -0.4561
vn 0.9306 -0.2367 -0.2792
vn 0.6746 0.6466 -0.3562
vn 0.4833 0.7098 -0.5124
vn -0.4000 0.5025 0.7664
vn -0.4014 0.4998 0.7675
vn -0.4029 0.4970 0.7686
vn -0.4015 0.4998 0.7675
vn -0.3663 0.5198 0.7717
vn 0.7823 0.6160 -0.0925
vn 0.7724 0.6211 -0.1325
vn 0.7613 0.6251 -0.1723
vn -0.8058 -0.5476 -0.2254
vn -0.7786 -0.5829 -0.2323
vn -0.7498 -0.6170 -0.2388
vn 0.4464 -0.5198 -0.7284
vn 0.4426 -0.5199 -0.7306
vn 0.4388 -0.5200 -0.7328
vn 0.9533 0.2408 0.1823
vn 0.9554 0.2487 0.1595
vn 0.9569 0.2564 0.1366
vn -0.3003 0.6743 -0.6746
vn -0.3093 0.6510 -0.6932
vn -0.3180 0.6270 -0.7111
vn 0.2844 -0.7401 0.6094
vn 0.2879 -0.7402 0.6077
vn 0.2912 -0.7402 0.6060
vn 0.2878 -0.7402 0.6077
vn 0.4132 -0.5349 -0.7370
vn -0.2799 -0.4840 0.8291
vn 0.6251 -0.3925 -0.6747
vn 0.6107 -0.3815 -0.6939
vn 0.5959 -0.3702 -0.7126
vn 0.1280 0.7403 -0.6600
vn 0.0980 0.7309 -0.6754
vn 0.0678 0.7207 -0.6899
vn 0.5738 -0.4345 -0.6943
vn 0.5912 -0.4783 -0.6494
vn 0.6061 -0.5201 -0.6017
vn -0.2220 -0.4031 -0.8878
vn -0.2469 -0.3814 -0.8908
vn -0.2715 -0.3593 -0.8929
vn -0.2468 -0.3814 -0.8908
vn -0.2794 -0.5741 -0.7696
vn -0.2532 -0.5298 -0.8094
vn -0.2258 -0.4833 -0.8459
vn -0.2531 -0.5298 -0.8095
vn -0.3938 0.0880 -0.9150
vn -0.4073 0.0833 -0.9095
vn -0.4206 0.0786 -0.9038
vn 0.7289 -0.4977 -0.4701
vn 0.7232 -0.5063 -0.4697
vn 0.7174 -0.5149 -0.4693
vn 0.6140 -0.3481 -0.7084
vn 0.5949 -0.3280 -0.7339
vn 0.5748 -0.3073 -0.7584
vn 0.5948 -0.3280 -0.7339
vn 0.6890 0.1483 -0.7094
vn 0.6991 0.1508 -0.6990
vn 0.7090 0.1532 -0.6884
vn -0.0068 0.8983 -0.4394
vn -0.0417 0.8986 -0.4368
vn -0.0766 0.8978 -0.4337
vn 0.2502 0.2209 0.9426
vn 0.2835 0.2305 0.9308
vn 0.3165 0.2398 0.9178
vn -0.4422 -0.5806 -0.6837
vn -0.4378 -0.5769 -0.6896
vn -0.4334 -0.5731 -0.6955
vn -0.0180 -0.2392 -0.9708
vn 0.0351 -0.2780 -0.9599
vn 0.0880 -0.3157 -0.9448
vn 0.0351 -0.2781 -0.9599
vn 0.3099 -0.2311 -0.9223
vn 0.3591 -0.2701 -0.8933
vn 0.4067 -0.3079 -0.8601
vn 0.3592 -0.2702 -0.8933
vn -0.2509 -0.4557 -0.8541
vn -0.2708 -0.4351 -0.8587
vn -0.2905 -0.4140 -0.8627
vn -0.2708 -0.4350 -0.8587
vn -0.3994 -0.3729 0.8375
vn -0.2450 -0.7725 0.5858
vn -0.0301 -0.9814 0.1894
vn -0.2450 -0.7726 0.5858
vn 0.4083 0.4613 -0.7877
vn -0.9229 0.3719 0.0995
vn -0.1040 0.9708 0.2162
vn 0.9948 -0.0878 -0.0515
vn -0.6095 -0.2874 -0.7389
vn 0.9322 -0.3349 0.1373
vn -0.2087 -0.1575 -0.9652
vn 0.8965 -0.1898 -0.4003
vn -0.8394 0.4415 -0.3169
vn 0.5633 -0.1104 -0.8189
vn -0.5896 -0.0473 -0.8063
vn 0.8106 0.4366 0.3903
vn -0.8140 -0.4378 0.3817
vn 0.1407 -0.8593 -0.4918
vn 0.8502 -0.3746 -0.3699
vn -0.5579 -0.4605 -0.6905
vn 0.3087 -0.0729 -0.9484
vn -0.4833 -0.5010 -0.7179
vn 0.8763 0.2247 0.4262
vn 0.8724 0.0127 -0.4887
vn -0.6905 0.6165 -0.3784
vn -0.7403 -0.6564 -0.1456
vn 0.1859 0.8153 0.5484
vn -0.2131 -0.7172 -0.6634
vn -0.0728 -0.5888 -0.8050
vn 0.5013 -0.6598 0.5597
vn -0.8580 0.3907 -0.3335
vn -0.0313 -0.9659 0.2569
vn 0.2189 0.7572 0.6154
vn 0.7624 -0.6376 0.1100
vn 0.6582 0.7526 0.0208
vn -0.7823 0.6121 0.1158
vn -0.8898 -0.2028 -0.4088
vn -0.7933 -0.5423 0.2769
vn 0.2483 -0.4430 0.8614
vn -0.3564 -0.8600 0.3652
vn -0.6563 -0.6503 -0.3826
vn -0.8744 -0.4479 -0.1866
vn 0.8164 -0.5471 0.1848
vn -0.2147 -0.3153 -0.9244
vn -0.0907 -0.9106 0.4033
vn -0.7881 -0.3599 -0.4993
vn -0.9082 -0.4177 -0.0275
vn -0.2091 -0.9634 -0.1678
vn -0.2378 -0.6065 -0.7587
vn -0.0901 0.7427 0.6635
vn -0.7178 0.5706 -0.3989
vn 0.7878 -0.4117 0.4581
vn 0.3260 -0.0117 -0.9453
vn 0.4674 0.3811 -0.7977
vn -0.3063 -0.5162 -0.7998
vn -0.6559 0.4478 -0.6076
vn -0.8987 -0.2624 -0.3514
vn -0.7142 -0.6999 -0.0077
vn 0.3035 -0.9518 0.0445
vn -0.5975 -0.7438 0.2997
vn -0.5898 -0.7264 0.3528
vn 0.8662 -0.1975 -0.4591
vn -0.6530 -0.7573 -0.0117
vn 0.8763 -0.1367 -0.4620
vn 0.9523 -0.2538 -0.1694
vn 0.2969 -0.8202 0.4891
vn -0.2526 -0.5909 -0.7662
vn 0.6575 -0.3190 0.6826
vn -0.9525 -0.1143 -0.2823
vn -0.6882 -0.6842 -0.2415
vn 0.2533 0.7665 0.5901
vn 0.8979 -0.3076 0.3149
vn 0.0435 -0.9024 0.4287
vn -0.8825 -0.4683 -0.0426
vn 0.3601 -0.9028 -0.2352
vn -0.5044 -0.4675 -0.7259
vn 0.0250 0.0778 -0.9967
vn 0.0911 -0.0225 0.9956
vn -0.7777 -0.6276 0.0370
vn -0.5155 0.7124 0.4762
vn 0.8488 -0.2370 -0.4725
vn 0.4936 -0.0580 0.8677
vn -0.2459 0.7332 0.6340
vn 0.9585 -0.2697 -0.0923
vn 0.5738 -0.7071 -0.4131
vn 0.5298 -0.6751 0.5134
vn -0.9519 -0.2398 -0.1909
vn 0.8040 -0.5932 0.0414
vn -0.8189 -0.4090 0.4026
vn -0.1960 -0.1415 -0.9703
vn 0.3572 -0.8270 0.4341
vn -0.9246 -0.2673 -0.2716
vn -0.2193 -0.3529 -0.9096
vn -0.1849 -0.9816 -0.0481
vn 0.3151 -0.0655 -0.9468
vn 0.4932 -0.0426 -0.8689
vn 0.2169 -0.5003 -0.8382
vn 0.5516 -0.0959 -0.8286
vn 0.2921 -0.9552 0.0484
vn -0.6249 -0.2283 -0.7466
vn 0.0198 -0.4369 -0.8993
vn 0.1599 -0.5004 -0.8509
vn -0.2368 -0.0145 -0.9715
vn -0.6599 -0.2847 -0.6954
vn -0.6778 -0.2952 -0.6734
vn 0.9283 -0.3379 0.1551
vn 0.9867 0.0529 -0.1535
vn -0.6133 -0.2462 0.7505
vn -0.3405 -0.1988 -0.9190
vn 0.6730 -0.1370 -0.7268
vn -0.2391 -0.9707 -0.0250
vn 0.9113 -0.0516 -0.4085
vn 0.7670 -0.4248 -0.4809
vn -0.5271 -0.5590 -0.6400
vn 0.5902 -0.3291 -0.7372
vn -0.2377 -0.3796 -0.8941
vn -0.4916 -0.4881 0.7212
vn -0.2965 -0.7602 -0.5781
vn -0.7863 -0.2154 -0.5791
vn 0.4877 -0.1429 0.8613
vn -0.7889 -0.2161 -0.5753
vn 0.9063 -0.1986 -0.3731
vn -0.8931 -0.0127 -0.4497
vn 0.3439 -0.9351 0.0856
vn -0.7494 -0.3535 -0.5598
vn -0.1754 -0.9837 -0.0403
vn 0.3162 0.2508 0.9149
vn -0.2470 -0.1065 0.9631
vn 0.0620 -0.0810 -0.9948
vn 0.5004 0.5841 0.6391
vn 0.7859 -0.4790 -0.3911
vn -0.5391 0.7182 0.4399
vn 0.5610 -0.4685 -0.6825
vn -0.2144 -0.5158 -0.8295
vn 0.4095 -0.3597 -0.8384
vn -0.7478 -0.2182 0.6270
vn -0.2489 -0.9418 -0.2259
vn -0.6552 -0.4647 -0.5956
vn 0.1682 -0.1492 -0.9744
vn 0.8816 -0.1392 -0.4509
vn -0.6336 -0.2316 -0.7382
vn 0.6070 -0.3978 -0.6879
vn -0.5381 -0.5086 0.6721
vn 0.2175 -0.1462 -0.9650
vn 0.0485 -0.9611 0.2721
vn -0.4091 -0.8729 0.2660
vn 0.4139 -0.9019 0.1234
vn 0.2121 0.7957 0.5673
vn -0.6605 -0.0390 -0.7498
vn 0.9919 0.0523 -0.1157
vn 0.4150 -0.3990 0.8177
vn 0.9964 -0.0080 0.0844
vn 0.9905 -0.0799 0.1123
vn -0.8616 -0.0598 -0.5040
vn -0.6786 0.0121 -0.7344
vn 0.2348 0.0526 -0.9706
vn 0.8504 -0.3578 -0.3858
vn 0.8932 0.1080 -0.4364
vn -0.1208 -0.3009 -0.9460
vn -0.7638 0.5070 0.3994
vn 0.0989 0.7540 0.6494
vn -0.8903 0.4451 0.0963
vn -0.1720 -0.6106 -0.7730
vn -0.8719 -0.4449 -0.2047
vn -0.5839 -0.3244 -0.7442
vn -0.8243 -0.1188 -0.5536
vn 0.8769 -0.3713 -0.3052
vn 0.0045 -1.0000 0.0065
vn -0.4788 -0.6776 -0.5582
vn 0.1108 -0.9935 0.0267
vn -0.0115 0.2402 0.9707
vn 0.1115 -0.9748 0.1933
vn 0.7253 -0.6042 -0.3299
vn 0.6910 -0.1600 -0.7049
vn -0.4672 0.7755 0.4246
vn -0.3107 -0.1829 0.9327
vn 0.0693 -0.0875 -0.9938
vn 0.7785 -0.5327 0.3320
vn 0.9110 -0.0548 -0.4088
vn -0.1333 -0.9152 -0.3803
vn -0.9230 -0.1036 -0.3707
vn -0.7286 0.0455 -0.6835
vn -0.6867 -0.1491 -0.7115
vn -0.6895 0.3528 -0.6325
vn 0.3609 -0.4161 -0.8346
vn -0.0799 -0.3320 -0.9399
vn 0.4555 -0.2994 -0.8384
vn 0.2736 -0.7802 0.5626
vn -0.5266 -0.5339 -0.6615
vn 0.9632 0.1208 -0.2403
vn -0.8162 0.0123 -0.5777
vn 0.9764 0.0323 -0.2136
vn -0.8562 -0.4340 -0.2801
vn 0.9805 -0.1472 0.1298
vn 0.3674 -0.9282 -0.0585
vn 0.5757 -0.3044 -0.7589
vn -0.3165 -0.3888 -0.8652
vn -0.3221 -0.4925 -0.8085
vn 0.6535 -0.3297 -0.6813
vn -0.8201 -0.3781 -0.4295
vn -0.1337 -0.0808 -0.9877
vn 0.5747 0.0350 -0.8176
vn 0.9760 -0.2039 0.0770
vn 0.9025 -0.3097 0.2992
vn -0.3065 0.9170 -0.2553
vn -0.1106 -0.0982 0.9890
vn -0.7384 -0.5522 -0.3870
vn 0.3313 0.0965 -0.9386
vn -0.9093 -0.3114 -0.2760
vn 0.3116 -0.4568 0.8332
vn -0.3664 -0.8192 0.4412
vn 0.8880 -0.4530 -0.0787
vn -0.4355 -0.2565 -0.8629
vn -0.9057 -0.3186 -0.2797
vn -0.7309 -0.3236 -0.6009
vn 0.9322 -0.2222 -0.2856
vn 0.6946 -0.3379 0.6351
vn 0.1640 -0.5036 -0.8482
vn -0.2632 -0.4509 -0.8529
vn 0.8857 -0.3605 0.2926
vn 0.2213 -0.4967 -0.8392
vn -0.8355 -0.0702 -0.5450
vn -0.8290 -0.5471 0.1161
vn -0.4446 -0.0552 0.8940
vn 0.7658 0.4652 0.4440
vn 0.4227 -0.9009 -0.0986
vn 0.9742 -0.1118 0.1959
vn -0.0724 -0.9675 -0.2422
vn -0.3178 0.9368 0.1462
vn 0.4696 0.8820 -0.0404
vn 0.6352 -0.4588 -0.6214
vn -0.7571 -0.6131 -0.2255
vn -0.6347 -0.4630 0.6187
vn 0.9169 0.1458 -0.3715
vn -0.2584 -0.3835 -0.8867
vn 0.8582 -0.5080 0.0737
vn -0.0302 -0.3865 -0.9218
vn 0.2984 -0.9500 0.0922
vn -0.7398 0.0404 0.6716
vn -0.4200 0.9035 0.0858
vn 0.9904 0.1022 -0.0926
vn -0.1110 -0.5946 -0.7964
vn 0.8876 -0.3860 0.2514
vn -0.8663 -0.4929 -0.0811
vn -0.1978 -0.9802 -0.0018
vn 0.7271 0.5260 0.4411
vn 0.9751 -0.2091 0.0737
vn 0.9891 -0.1473 0.0064
vn -0.7600 -0.6067 -0.2331
vn -0.3624 -0.2243 -0.9046
vn 0.6502 -0.4332 -0.6242
vn -0.4963 0.7524 0.4332
vn -0.2334 -0.2856 -0.9295
vn 0.9436 0.0056 0.3311
vn -0.1534 -0.9804 -0.1234
vn -0.2013 -0.3316 -0.9217
vn 0.6070 -0.3307 -0.7226
vn -0.8690 -0.2062 0.4499
vn -0.1694 -0.6566 -0.7349
vn 0.7647 0.4584 0.4528
vn 0.9751 -0.0041 -0.2217
vn 0.8535 -0.5149 0.0799
vn -0.8462 -0.1671 0.5060
vn 0.0534 -0.3879 -0.9202
vn 0.5610 -0.2852 -0.7772
vn 0.3318 -0.3709 -0.8674
vn 0.3413 -0.1766 -0.9232
vn 0.8882 0.0554 -0.4562
vn -0.2150 0.7990 -0.5616
vn -0.7493 0.0821 -0.6572
vn -0.6872 0.7264 0.0045
vn 0.1621 0.0262 -0.9864
vn 0.8124 0.4393 0.3835
vn -0.9019 0.4180 0.1092
vn 0.2583 0.1014 -0.9607
vn -0.8742 -0.0769 -0.4794
vn -0.7390 0.2778 -0.6138
vn 0.3217 -0.1892 0.9277
vn 0.7446 -0.6110 0.2689
vn -0.7573 -0.6431 -0.1135
vn -0.6696 -0.7250 -0.1615
vn 0.6963 -0.6750 0.2441
vn 0.2444 -0.5716 -0.7833
vn 0.3108 -0.5171 -0.7975
vn 0.3750 -0.4586 -0.8056
vn 0.3109 -0.5171 -0.7975
vn 0.9962 0.0870 -0.0091
vn 0.9986 0.0341 -0.0397
vn 0.9974 -0.0190 -0.0701
vn 0.5738 -0.8122 0.1050
vn 0.5731 -0.8123 0.1080
vn 0.5725 -0.8124 0.1111
vn -0.7836 0.0817 0.6159
vn -0.7838 0.0811 0.6157
vn -0.7841 0.0801 0.6154
vn -0.7839 0.0808 0.6156
vn -0.8727 -0.1335 -0.4696
vn -0.2554 -0.3217 -0.9118
vn 0.7447 0.5287 0.4072
vn 0.1412 0.6357 0.7590
vn -0.5760 -0.7035 0.4163
vn -0.5565 -0.5707 -0.6038
vn -0.1478 -0.9123 -0.3820
vn -0.1296 -0.8565 -0.4996
vn 0.7759 -0.3512 0.5240
vn 0.8184 -0.4786 0.3180
vn 0.7109 -0.2438 0.6597
vn 0.3323 -0.8725 0.3583
vn 0.7949 -0.1021 0.5981
vn 0.4562 0.3393 0.8227
vn -0.6749 -0.7321 -0.0921
vn -0.5830 -0.3259 0.7443
vn 0.1422 0.0145 0.9897
vn -0.1650 -0.3202 0.9329
vn 0.4023 0.5278 -0.7480
vn 0.2815 -0.9112 -0.3009
vn 0.0539 -0.9418 -0.3318
vn 0.2314 0.7942 -0.5618
vn 0.0756 0.6560 -0.7510
vn 0.2061 0.9752 -0.0808
vn -0.4108 0.4632 -0.7853
vn -0.1692 0.9528 0.2520
vn -0.7718 0.4459 -0.4534
vn -0.7471 -0.5003 -0.4377
vn 0.3462 -0.9120 -0.2203
vn 0.2840 -0.6060 0.7430
vn -0.0442 -0.9476 0.3165
vn -0.0996 -0.9529 0.2865
vn 0.3728 0.4296 0.8225
vn 0.7884 -0.5457 0.2839
vn 0.2774 -0.6596 0.6985
vn -0.2542 -0.8372 0.4842
vn 0.5772 -0.7368 0.3522
vn 0.3689 -0.9255 0.0854
vn -0.6571 -0.6206 -0.4278
vn 0.5557 0.3966 0.7307
vn 0.0273 -0.5948 0.8034
vn -0.8155 0.5193 -0.2556
vn -0.8157 0.5189 -0.2557
vn -0.8157 0.5190 -0.2557
vn -0.8156 0.5191 -0.2557
vn 0.8157 -0.5189 0.2557
vn 0.8156 -0.5188 0.2561
vn 0.8157 -0.5188 0.2560
vn 0.8156 -0.5190 0.2556
vn 0.8156 -0.5190 0.2557
vn -0.8157 0.5188 -0.2558
vn -0.8157 0.5189 -0.2558
vn 0.8156 -0.5189 0.2559
vn 0.8155 -0.5193 0.2554
vn 0.8157 -0.5190 0.2557
vn -0.8157 0.5188 -0.2560
vn 0.0732 -0.8092 -0.5830
vn 0.0738 -0.8074 -0.5853
vn 0.0744 -0.8057 -0.5877
vn -0.6480 -0.0543 0.7597
vn -0.6473 -0.0541 0.7603
vn -0.6467 -0.0539 0.7608
vn -0.6474 -0.0541 0.7603
vn 0.1293 0.0669 -0.9893
vn 0.0748 0.0530 -0.9958
vn 0.0200 0.0390 -0.9990
vn 0.8600 -0.3632 -0.3584
vn 0.8988 -0.3423 -0.2739
vn 0.9294 -0.3182 -0.1869
vn 0.4549 -0.0547 0.8889
vn 0.9472 -0.1422 0.2873
vn -0.4755 0.4522 -0.7546
vn -0.8629 0.4779 -0.1641
vn 0.4997 -0.4179 0.7587
vn -0.1433 -0.5767 -0.8043
vn -0.1804 -0.7811 -0.5978
vn -0.5457 -0.7781 -0.3109
vn -0.3202 -0.9198 0.2269
vn 0.4830 -0.8300 -0.2788
vn 0.4065 -0.8454 -0.3465
vn -0.4170 -0.4329 -0.7992
vn 0.6833 -0.4518 0.5737
vn -0.2913 -0.7811 0.5523
vn -0.6868 -0.4748 0.5504
vn -0.6702 -0.7394 -0.0644
vn -0.7736 0.2562 -0.5795
vn -0.8561 0.1804 -0.4843
vn -0.8766 0.2675 -0.4000
vn 0.5112 -0.8580 -0.0505
vn 0.3294 0.5121 0.7932
vn 0.5473 -0.8228 0.1533
vn -0.8577 -0.4986 0.1255
vn -0.5376 -0.2028 -0.8184
vn 0.4038 0.8924 -0.2014
vn 0.2089 -0.7118 0.6706
vn 0.6105 0.7910 -0.0398
vn 0.6523 -0.7449 0.1402
vn -0.9677 -0.1762 -0.1803
vn 0.1104 -0.9178 -0.3813
vn -0.1266 -0.9917 0.0224
vn 0.5168 -0.5368 0.6669
vn 0.6445 0.6704 -0.3677
vn -0.5733 -0.3552 -0.7383
vn -0.0982 -0.9920 0.0789
vn -0.1886 -0.5171 -0.8349
vn -0.5996 -0.7341 -0.3187
vn -0.1687 -0.9196 -0.3547
vn -0.1039 0.9757 -0.1930
vn 0.6643 0.6001 0.4456
vn -0.4392 0.8824 0.1689
vn -0.5856 -0.4627 -0.6655
vn -0.5868 -0.4629 -0.6644
vn -0.5882 -0.4630 -0.6630
vn -0.5870 -0.4629 -0.6642
vn -0.3298 -0.7193 -0.6114
vn -0.2965 -0.7235 -0.6234
vn -0.2628 -0.7267 -0.6347
vn 0.7706 -0.0055 0.6373
vn 0.7872 -0.0083 0.6166
vn 0.8034 -0.0111 0.5954
vn 0.7873 -0.0083 0.6166
vn 0.7718 0.4966 -0.3971
vn 0.1234 0.1989 -0.9722
vn -0.6200 -0.5979 0.5080
vn 0.3511 0.8510 -0.3906
vn -0.5323 -0.6672 0.5211
vn 0.3830 0.2714 -0.8830
vn 0.2802 0.1847 -0.9420
vn -0.0365 -0.2805 0.9592
vn -0.6280 -0.5971 0.4991
vn 0.8068 0.3900 -0.4439
vn -0.3927 -0.0600 0.9177
vn 0.4509 0.2141 -0.8665
vn 0.5212 0.6439 -0.5602
vn -0.7233 -0.6390 0.2617
vn 0.2843 0.6214 0.7301
vn 0.3792 0.6105 0.6953
vn 0.8061 0.3879 -0.4468
vn -0.1440 -0.4651 0.8734
vn -0.4108 0.0906 0.9072
vn -0.2667 0.1068 0.9578
vn -0.2772 0.0998 0.9556
vn -0.2877 0.0928 0.9532
vn 0.0329 -0.9988 0.0370
vn -0.1454 -0.0349 -0.9888
vn -0.1408 -0.0302 -0.9896
vn -0.1362 -0.0255 -0.9904
vn 0.5856 0.0056 -0.8106
vn 0.5931 0.0134 -0.8050
vn 0.6005 0.0213 -0.7994
vn -0.9830 0.1778 -0.0449
vn 0.8488 0.1745 0.4991
vn -0.9811 0.0565 0.1850
vn 0.7910 0.1124 0.6014
vn 0.9872 0.0651 0.1456
vn 0.9629 0.2638 0.0563
vn -0.3223 0.8006 -0.5052
vn -0.4331 0.7840 -0.4447
vn 0.4047 0.9061 -0.1230
vn -0.8096 0.0616 -0.5837
vn 0.5558 0.8121 -0.1775
vn 0.9394 0.0340 0.3412
vn 0.9813 0.1923 0.0078
vn 0.4581 0.8328 -0.3108
vn -0.8447 0.2140 -0.4907
vn -0.3810 0.8538 -0.3548
vn 0.2647 0.9598 -0.0932
vn -0.9633 0.1703 -0.2076
vn -0.9650 0.1417 -0.2206
vn -0.2881 0.9237 -0.2524
vn 0.8764 0.1980 0.4389
vn -0.9680 -0.1522 0.1995
vn 0.7429 0.6057 -0.2848
vn -0.6073 -0.7776 -0.1626
vn -0.7989 0.5940 0.0941
vn -0.9250 -0.1770 0.3363
vn -0.9421 0.0539 0.3309
vn -0.9249 -0.1770 0.3364
vn -0.9301 0.0756 0.3594
vn 0.4644 0.3014 -0.8328
vn 0.2473 0.1331 -0.9598
vn 0.7902 0.5278 -0.3117
vn 0.9252 -0.1148 -0.3617
vn 0.8176 0.4957 -0.2928
vn 0.6326 -0.1179 -0.7654
vn 0.5634 0.7471 -0.3528
vn 0.5443 0.5528 -0.6310
vn 0.9327 -0.3425 -0.1132
vn 0.6373 0.1174 -0.7616
vn 0.7610 0.5846 -0.2812
vn 0.3319 -0.9385 0.0952
vn -0.7299 -0.1772 -0.6602
vn 0.6819 0.7113 -0.1707
vn 0.4537 0.8005 0.3916
vn 0.0305 0.9597 -0.2793
vn 0.9558 -0.1821 0.2306
vn -0.4454 0.8078 0.3861
vn 0.7606 0.5858 -0.2798
vn -0.2978 0.8692 0.3947
vn 0.8298 -0.3270 -0.4522
vn -0.5706 0.7985 0.1920
vn 0.5959 0.5254 -0.6073
vn -0.4591 0.7658 -0.4502
vn -0.1075 -0.6034 -0.7902
vn 0.7556 0.5475 -0.3595
vn 0.3389 -0.5191 -0.7847
vn -0.7149 0.6873 -0.1286
vn 0.2433 -0.6422 0.7269
vn 0.9278 -0.3560 -0.1121
vn -0.5848 0.0165 0.8110
vn 0.7311 0.4381 0.5230
vn -0.3750 -0.8832 0.2815
vn 0.1956 -0.9638 -0.1814
vn -0.3668 0.4797 -0.7971
vn 0.7682 0.5766 -0.2782
vn 0.9641 -0.1359 0.2282
vn 0.9619 0.1161 0.2477
vn 0.7196 0.6324 -0.2870
vn -0.3327 0.2121 0.9189
vn -0.1598 -0.1831 -0.9700
vn -0.5941 -0.5727 -0.5649
vn 0.7337 0.5217 0.4354
vn 0.3695 -0.5704 -0.7336
vn 0.5863 0.4453 -0.6767
vn -0.6909 -0.4271 -0.5833
vn -0.0840 0.3408 -0.9364
vn 0.6726 0.7089 0.2124
vn 0.7034 0.6227 -0.3427
vn 0.4291 0.8966 -0.1093
vn 0.3235 0.6976 0.6393
vn 0.5417 0.5253 0.6562
vn 0.3426 0.7433 0.5746
vn 0.9855 -0.0161 0.1691
vn -0.1543 -0.5455 -0.8238
vn 0.4669 0.7534 0.4629
vn 0.1823 -0.2501 0.9509
vn 0.7312 0.6233 -0.2771
vn 0.0823 0.9873 -0.1362
vn -0.0848 0.9746 -0.2074
vn 0.4201 -0.2323 -0.8773
vn 0.7360 -0.1422 0.6619
vn -0.6073 -0.7062 -0.3638
vn 0.6267 0.1258 -0.7690
vn -0.6046 -0.6614 -0.4438
vn 0.1136 0.9644 -0.2390
vn -0.1127 -0.4326 -0.8945
vn 0.8147 -0.1278 0.5656
vn 0.5442 -0.7325 0.4090
vn -0.0094 -0.1706 -0.9853
vn 0.8044 0.5450 0.2364
vn 0.2629 0.0328 -0.9643
vn -0.4542 0.8168 0.3558
vn 0.2015 0.7453 0.6356
vn -0.9071 0.1300 -0.4002
vn 0.2688 -0.3605 -0.8932
vn -0.8691 -0.4736 0.1427
vn -0.5655 0.6906 0.4510
vn 0.5130 -0.2866 -0.8092
vn 0.5340 -0.2379 -0.8113
vn 0.0546 0.6317 0.7733
vn -0.6946 0.5660 0.4441
vn 0.6920 0.4060 0.5969
vn -0.5228 0.8318 0.1867
vn 0.8061 -0.4367 0.3994
vn -0.9184 0.2627 -0.2959
vn 0.0678 0.3722 0.9257
vn -0.8008 0.2064 -0.5622
vn -0.2587 0.8310 0.4925
vn -0.5430 0.1918 0.8176
vn -0.4657 0.2228 -0.8564
vn 0.4984 -0.5620 -0.6601
vn -0.9484 -0.2283 0.2202
vn -0.5523 -0.1279 0.8238
vn -0.7073 0.6890 -0.1581
vn -0.8399 0.1491 -0.5218
vn 0.7281 -0.3403 -0.5950
vn -0.3231 -0.1474 0.9348
vn 0.3637 -0.1634 -0.9171
vn 0.6389 -0.2220 0.7366
vn 0.2145 0.9464 0.2417
vn 0.3487 -0.4336 -0.8309
vn 0.9372 0.0716 0.3413
vn 0.1896 0.9811 0.0376
vn 0.6356 0.6672 -0.3884
vn -0.9108 -0.2927 0.2911
vn -0.8542 -0.1071 0.5089
vn 0.0512 0.9813 0.1854
vn -0.2193 0.9300 -0.2951
vn -0.7479 -0.6475 -0.1462
vn -0.6641 0.4805 -0.5728
vn 0.2587 -0.4241 -0.8679
vn -0.8959 -0.3995 0.1945
vn 0.6621 0.0112 0.7493
vn 0.8578 -0.1978 -0.4743
vn 0.8195 0.5133 0.2548
vn -0.3842 0.9100 -0.1561
vn -0.6659 0.1759 -0.7250
vn 0.9732 -0.1273 -0.1914
vn -0.9740 0.2263 -0.0109
vn 0.0797 0.9443 0.3193
vn 0.7486 -0.2269 -0.6230
vn 0.1375 0.9535 0.2683
vn 0.5282 -0.5916 -0.6091
vn -0.3224 -0.9379 -0.1282
vn -0.8697 -0.3179 0.3776
vn 0.9236 0.3427 -0.1722
vn 0.2560 -0.4398 -0.8608
vn 0.2663 0.8646 0.4261
vn -0.7832 0.3225 -0.5316
vn -0.6620 0.1788 -0.7279
vn 0.7906 0.0252 -0.6118
vn -0.8114 0.5432 -0.2160
vn -0.1664 -0.2813 -0.9451
vn -0.2486 0.9601 0.1280
vn 0.0458 0.9436 0.3278
vn -0.8233 -0.5276 -0.2095
vn 0.5463 -0.3675 -0.7527
vn 0.5980 0.4958 0.6298
vn -0.9934 0.1151 -0.0021
vn 0.7056 0.4164 0.5734
vn 0.9451 0.2972 -0.1360
vn -0.4452 0.8082 0.3856
vn 0.9760 -0.1721 -0.1334
vn 0.8037 0.5458 0.2371
vn -0.9723 0.1376 0.1890
vn 0.2611 -0.1620 -0.9516
vn -0.2308 0.8902 -0.3928
vn -0.7298 -0.1020 0.6761
vn 0.9509 -0.2148 -0.2230
vn 0.9607 0.1040 0.2573
vn 0.9461 0.0473 0.3204
vn 0.9244 -0.0098 0.3812
vn 0.9461 0.0473 0.3205
vn -0.6139 -0.7889 0.0286
vn -0.5474 -0.8348 0.0594
vn -0.4768 -0.8744 0.0898
vn -0.5473 -0.8348 0.0594
vn 0.3416 -0.7740 0.5332
vn 0.3282 -0.7787 0.5346
vn 0.3148 -0.7833 0.5360
vn 0.3282 -0.7787 0.5347
vn -0.4726 0.8012 -0.3671
vn -0.4594 0.8031 -0.3795
vn -0.4461 0.8047 -0.3917
vn 0.2245 -0.6301 0.7434
vn 0.2202 -0.6309 0.7440
vn 0.2158 -0.6317 0.7445
vn 0.3148 -0.7256 0.6119
vn 0.3097 -0.7490 0.5858
vn 0.3041 -0.7715 0.5588
vn 0.3097 -0.7490 0.5857
vn -0.0416 0.2035 -0.9782
vn -0.0317 0.2272 -0.9733
vn -0.0219 0.2507 -0.9678
vn 0.8390 0.0891 0.5368
vn -0.8407 -0.1340 -0.5247
vn 0.2169 -0.6675 0.7124
vn -0.5921 -0.7482 0.2993
vn 0.6749 0.6915 -0.2573
vn -0.3212 0.6348 -0.7028
vn 0.6581 0.6979 -0.2827
vn -0.3344 0.6206 -0.7093
vn -0.8311 -0.2588 -0.4923
vn 0.2170 -0.6671 0.7126
vn 0.7884 0.2330 0.5693
vn -0.7281 -0.6844 0.0388
vn 0.4534 0.8902 0.0445
vn -0.9704 0.0439 -0.2373
vn 0.4537 0.8888 0.0653
vn 0.7367 0.6303 -0.2448
vn -0.6494 -0.6948 0.3090
vn 0.8906 0.3130 0.3298
vn 0.8072 0.5284 -0.2633
vn -0.7509 -0.4149 -0.5137
vn -0.7005 -0.7135 -0.0124
vn -0.9497 0.0584 -0.3076
vn -0.7277 -0.6846 0.0407
vn 0.9067 0.1720 0.3852
vn 0.9455 0.2411 0.2187
vn -0.4005 0.6531 -0.6426
vn -0.9362 -0.1033 -0.3360
vn 0.7267 0.6864 0.0279
vn -0.7706 -0.2067 -0.6029
vn -0.3127 0.6598 -0.6834
vn 0.8013 0.5349 -0.2680
vn 0.4215 0.5000 -0.7566
vn 0.3962 0.4988 -0.7708
vn 0.3705 0.4973 -0.7845
vn 0.2126 0.5947 -0.7753
vn 0.2228 0.5918 -0.7747
vn 0.2329 0.5889 -0.7739
vn 0.2981 0.5706 -0.7652
vn 0.2496 0.5616 -0.7889
vn 0.2004 0.5509 -0.8101
vn 0.2497 0.5616 -0.7889
vn -0.8599 0.4979 0.1124
vn -0.8600 0.4976 0.1132
vn -0.8600 0.4974 0.1139
vn -0.8600 0.4977 0.1130
vn 0.7665 -0.6007 -0.2273
vn 0.7666 -0.5994 -0.2303
vn 0.7667 -0.5981 -0.2333
vn -0.4999 0.8059 0.3174
vn -0.5059 0.8021 0.3174
vn -0.5119 0.7983 0.3174
vn -0.9517 -0.2052 -0.2286
vn -0.9591 -0.1847 -0.2144
vn -0.9659 -0.1641 -0.2001
vn -0.7739 -0.3317 -0.5395
vn -0.7722 -0.3321 -0.5416
vn -0.7706 -0.3324 -0.5438
vn -0.7722 -0.3321 -0.5417
vn -0.4166 -0.5779 0.7018
vn -0.4100 -0.5838 0.7008
vn -0.4034 -0.5896 0.6997
vn -0.2806 -0.6419 0.7136
vn -0.2925 -0.6381 0.7122
vn -0.3045 -0.6341 0.7108
vn -0.2926 -0.6381 0.7122
vn 0.3145 0.4803 -0.8188
vn 0.3186 0.4759 -0.8198
vn 0.3228 0.4714 -0.8207
vn 0.3187 0.4759 -0.8198
vn -0.9559 0.2792 -0.0913
vn -0.9553 0.2772 -0.1028
vn -0.9546 0.2751 -0.1143
vn -0.9204 0.3910 0.0053
vn -0.9227 0.3856 0.0039
vn -0.9250 0.3800 0.0025
vn -0.9227 0.3855 0.0039
vn -0.7582 0.6429 0.1085
vn -0.9045 0.3967 -0.1565
vn -0.9131 0.0902 -0.3977
vn -0.5444 -0.6438 -0.5376
vn -0.6052 -0.5208 -0.6021
vn -0.6521 -0.3857 -0.6527
vn -0.6052 -0.5207 -0.6021
vn 0.3417 -0.8868 -0.3111
vn 0.3001 -0.8788 -0.3710
vn -0.2860 -0.6482 0.7057
vn -0.4408 -0.6344 0.6351
vn 0.3099 0.4775 -0.8222
vn -0.2816 -0.6451 0.7103
vn 0.2277 0.5728 -0.7874
vn 0.9153 -0.3611 0.1782
vn -0.8713 -0.0686 -0.4859
vn -0.3347 -0.5875 0.7368
vn -0.2395 -0.6403 0.7298
vn -0.4305 -0.4675 0.7721
vn 0.3359 0.5679 -0.7514
vn 0.8554 -0.2995 0.4227
vn 0.6673 0.1307 -0.7333
vn -0.7596 -0.2390 -0.6049
vn -0.8753 0.4831 -0.0194
vn -0.9208 -0.0716 -0.3834
vn 0.9766 -0.2145 0.0128
vn 0.9496 -0.3054 0.0714
vn -0.8304 0.4765 -0.2888
vn -0.4242 -0.6210 0.6592
vn -0.5207 -0.3324 0.7864
vn -0.4722 -0.5660 -0.6757
vn -0.4966 -0.5623 -0.6611
vn -0.3204 -0.6007 0.7325
vn 0.5648 0.3679 0.7387
vn 0.5410 0.6608 0.5203
vn 0.5136 0.5993 0.6140
vn -0.3401 -0.4048 0.8488
vn 0.1485 0.0717 -0.9863
vn -0.2850 -0.7226 -0.6298
vn -0.9359 0.3505 0.0360
vn -0.4856 0.8470 -0.2164
vn 0.3388 -0.7958 0.5020
vn 0.1852 0.7368 0.6503
vn -0.1697 0.8467 -0.5043
vn -0.8150 -0.5267 -0.2415
vn -0.6160 -0.4222 -0.6650
vn 0.3408 -0.0738 0.9372
vn 0.3131 -0.0730 0.9469
vn 0.2851 -0.0721 0.9558
vn 0.3130 -0.0730 0.9469
vn 0.4466 -0.8491 -0.2821
vn 0.4483 -0.8458 -0.2891
vn 0.4500 -0.8425 -0.2961
vn 0.4483 -0.8459 -0.2891
vn -0.7531 -0.6329 0.1798
vn -0.7560 -0.6305 0.1759
vn -0.7589 -0.6281 0.1720
vn -0.2351 -0.1381 -0.9621
vn -0.2245 -0.1095 -0.9683
vn -0.2137 -0.0809 -0.9735
vn 0.7993 0.5760 -0.1713
vn 0.8002 0.5698 -0.1870
vn 0.8008 0.5635 -0.2028
vn -0.7427 -0.6510 0.1569
vn 0.4431 -0.4000 0.8023
vn -0.9486 -0.2468 -0.1981
vn -0.9650 -0.2062 -0.1619
vn -0.0769 0.8130 -0.5771
vn -0.4315 -0.8617 0.2670
vn -0.9034 -0.1492 -0.4019
vn -0.4521 0.3827 -0.8057
vn 0.2931 0.8968 -0.3316
vn 0.4173 0.4728 -0.7761
vn 0.0894 0.1160 -0.9892
vn -0.3371 0.7927 -0.5080
vn -0.3782 -0.8780 -0.2933
vn 0.1218 -0.7914 -0.5991
vn 0.0761 -0.9968 0.0241
vn 0.9160 0.1913 -0.3525
vn -0.2042 0.5966 -0.7761
vn 0.3618 -0.5121 0.7791
vn 0.8583 0.3162 -0.4041
vn -0.9675 0.0430 0.2490
vn -0.9645 0.0503 0.2593
vn -0.9613 0.0576 0.2695
vn 0.8089 0.0211 -0.5876
vn 0.8128 0.0272 -0.5819
vn 0.8167 0.0332 -0.5761
vn 0.9885 0.0424 0.1448
vn 0.9873 0.0482 0.1513
vn 0.9860 0.0540 0.1577
vn -0.2038 0.1113 0.9727
vn -0.5954 0.0147 -0.8033
vn -0.1344 -0.0140 -0.9908
vn 0.0171 0.2483 0.9685
vn -0.4967 0.0797 -0.8643
vn 0.4614 0.3060 0.8327
vn 0.0661 0.8823 -0.4661
vn -0.0595 0.1917 -0.9796
vn 0.4433 0.8546 0.2706
vn 0.1832 0.9570 0.2251
vn -0.0058 0.1227 -0.9924
vn 0.0305 0.9433 -0.3305
vn 0.1802 0.2509 0.9511
vn -0.4379 0.1053 -0.8928
vn 0.2887 0.9010 0.3238
vn 0.2594 0.8188 -0.5122
vn -0.3280 -0.0554 -0.9430
vn 0.1952 0.2235 0.9550
vn 0.3824 0.8415 0.3816
vn 0.1293 0.7821 -0.6096
vn 0.5653 0.1586 0.8095
vn 0.8869 -0.4531 -0.0897
vn -0.7385 -0.6246 -0.2539
vn -0.9858 0.0432 -0.1624
vn -0.3932 -0.8200 -0.4159
vn 0.1884 -0.2195 -0.9572
vn 0.7640 -0.0113 -0.6451
vn 0.8345 0.2144 0.5075
vn 0.6334 -0.5603 -0.5337
vn 0.9905 -0.0918 0.1020
vn -0.0002 0.2978 0.9546
vn -0.3387 0.8866 0.3149
vn -0.5859 0.5788 0.5672
vn -0.6742 -0.1365 0.7258
vn 0.0473 -0.6348 0.7712
vn 0.4064 0.4254 0.8086
vn 0.8944 -0.3157 0.3169
vn -0.9362 -0.3468 -0.0579
vn -0.0762 0.4056 -0.9109
vn 0.9036 0.3373 0.2640
vn 0.8229 0.4142 0.3890
vn 0.7190 0.4795 0.5032
vn 0.8228 0.4142 0.3891
vn -0.6880 -0.6322 0.3565
vn -0.7084 -0.6224 0.3329
vn -0.7281 -0.6119 0.3089
vn 0.3509 0.1438 0.9253
vn 0.3445 0.1432 0.9278
vn 0.3381 0.1425 0.9303
vn -0.2993 -0.1893 -0.9352
vn -0.3031 -0.2021 -0.9313
vn -0.3067 -0.2149 -0.9272
vn -0.3030 -0.2021 -0.9313
vn 0.7099 -0.7043 -0.0067
vn 0.7154 -0.6987 -0.0040
vn 0.7208 -0.6932 -0.0014
vn 0.8317 0.4477 -0.3285
vn 0.8304 0.4655 -0.3062
vn 0.8285 0.4829 -0.2837
vn 0.9247 0.2834 0.2541
vn -0.8736 -0.2237 -0.4322
vn -0.9031 -0.2726 -0.3319
vn -0.3547 -0.2890 0.8892
vn -0.3350 -0.0915 0.9378
vn 0.9137 0.2982 0.2761
vn -0.1428 -0.3701 0.9179
vn -0.8556 -0.4862 -0.1776
vn 0.3900 -0.2617 0.8828
vn -0.0711 0.7260 -0.6841
vn 0.4933 0.7349 0.4654
vn 0.4160 0.8478 -0.3289
vn 0.4046 0.6383 0.6549
vn 0.3527 0.6598 0.6635
vn 0.3711 0.1279 0.9197
vn -0.4014 -0.8496 0.3422
vn 0.6716 0.3652 -0.6447
vn 0.9501 -0.3114 0.0195
vn -0.3493 0.4077 -0.8436
vn 0.8227 -0.1026 0.5591
vn 0.6104 -0.6235 0.4885
vn -0.3040 -0.8434 0.4430
vn 0.2479 0.2430 -0.9378
vn -0.0845 0.8818 -0.4639
vn 0.0542 -0.4413 -0.8957
vn 0.2318 0.7729 -0.5906
vn 0.0196 -0.3094 -0.9507
vn 0.6349 0.5194 0.5720
vn 0.6497 0.4973 0.5749
vn 0.6641 0.4749 0.5774
vn 0.6278 0.6863 0.3673
vn 0.2932 0.8909 0.3469
vn -0.0866 0.9581 0.2729
vn 0.2932 0.8909 0.3468
vn 0.3379 0.8211 0.4599
vn 0.3310 0.8275 0.4534
vn 0.3240 0.8339 0.4469
vn -0.4429 0.8739 0.2004
vn -0.4385 0.8748 0.2059
vn -0.4342 0.8757 0.2114
vn 0.2012 0.4277 -0.8813
vn 0.1968 0.4359 -0.8782
vn 0.1924 0.4440 -0.8751
vn 0.0152 0.9001 0.4354
vn 0.0155 0.8997 0.4362
vn 0.0157 0.8995 0.4367
vn 0.0154 0.8998 0.4359
vn 0.1627 -0.8978 -0.4093
vn 0.1634 -0.8990 -0.4063
vn 0.1641 -0.9002 -0.4033
vn 0.8963 0.3202 0.3067
vn 0.8958 0.3227 0.3057
vn 0.8952 0.3252 0.3048
vn 0.8958 0.3228 0.3057
vn -0.0953 -0.4321 0.8968
vn -0.1006 -0.4225 0.9007
vn -0.1059 -0.4129 0.9046
vn -0.1006 -0.4225 0.9008
vn 0.2569 0.2950 -0.9203
vn 0.2523 0.2989 -0.9203
vn 0.2477 0.3028 -0.9203
vn -0.0765 -0.2991 0.9511
vn -0.0691 -0.3050 0.9498
vn -0.0616 -0.3109 0.9485
vn -0.0690 -0.3050 0.9498
vn 0.1754 0.8720 0.4570
vn 0.1811 0.8720 0.4547
vn 0.1868 0.8720 0.4524
vn 0.1840 0.2485 -0.9510
vn 0.1828 0.2593 -0.9483
vn 0.1816 0.2701 -0.9456
vn 0.1828 0.2594 -0.9483
vn 0.1900 0.4198 -0.8875
vn 0.1979 0.3603 -0.9116
vn 0.2049 0.2993 -0.9319
vn 0.5439 -0.8371 -0.0587
vn 0.6024 -0.7949 -0.0722
vn -0.0915 -0.4301 0.8981
vn 0.0187 -0.3106 0.9504
vn 0.2563 0.3046 -0.9173
vn -0.0984 -0.4313 0.8968
vn 0.2154 0.4230 -0.8802
vn 0.5986 0.7191 0.3530
vn -0.2267 -0.9185 -0.3241
vn 0.7203 0.5721 0.3922
vn -0.1600 -0.3735 0.9137
vn -0.1949 -0.7980 -0.5703
vn 0.3216 0.9339 0.1565
vn -0.0528 -0.3197 0.9461
vn -0.4000 -0.8954 -0.1954
vn -0.1759 -0.8732 -0.4546
vn 0.6523 0.6896 0.3146
vn -0.1427 -0.3703 0.9179
vn -0.1280 -0.4542 0.8817
vn 0.1537 0.3833 -0.9107
vn 0.1842 0.3647 -0.9127
vn 0.8241 0.4811 0.2991
vn -0.4585 0.8794 0.1283
vn 0.8692 -0.4589 0.1840
vn -0.1405 0.8267 0.5449
vn -0.2084 -0.9780 -0.0103
vn -0.1621 0.8765 0.4534
vn -0.1175 0.7686 -0.6289
vn -0.8233 0.5437 0.1627
vn 0.6984 -0.3704 0.6125
vn 0.0782 -0.1510 -0.9854
vn 0.6116 0.6731 0.4158
vn -0.8117 0.4467 0.3764
vn 0.7202 -0.3088 -0.6212
vn -0.7582 -0.0576 -0.6495
vn 0.3236 0.7650 0.5568
vn 0.4470 0.8528 -0.2701
vn -0.0174 0.4229 0.9060
vn -0.1098 -0.8795 -0.4630
vn -0.9662 0.0725 0.2473
vn -0.9598 0.2788 -0.0324
vn 0.6785 -0.6765 0.2862
vn -0.2644 0.0120 0.9643
vn 0.7404 -0.0576 -0.6697
vn -0.4450 0.4187 0.7916
vn 0.1068 0.8165 -0.5674
vn -0.6807 0.6515 -0.3351
vn 0.6203 0.0642 0.7818
vn 0.9976 0.0596 -0.0356
vn -0.4514 0.5573 -0.6969
vn 0.8598 0.3185 -0.3992
vn -0.9337 -0.3546 0.0492
vn 0.9575 0.2792 -0.0729
vn -0.4837 -0.0811 -0.8715
vn 0.4334 -0.3996 -0.8078
vn 0.0802 -0.2728 0.9587
vn 0.8518 0.1170 -0.5107
vn -0.7301 -0.4675 0.4984
vn 0.9758 0.2106 -0.0582
vn -0.8328 -0.3609 0.4197
vn 0.6950 -0.0646 0.7161
vn 0.0624 -0.2980 0.9525
vn 0.7855 -0.4849 0.3845
vn 0.2320 0.0667 -0.9704
vn 0.7259 -0.0836 0.6827
vn 0.8096 0.1847 -0.5572
vn -0.9356 -0.3482 0.0577
vn 0.0838 0.0015 -0.9965
vn -0.5582 -0.2229 -0.7992
vn 0.2296 0.1613 -0.9598
vn 0.8336 0.2421 -0.4965
vn 0.9836 0.1774 -0.0337
vn 0.7243 -0.0081 0.6895
vn 0.9871 0.1556 -0.0367
vn -0.7781 -0.5879 0.2209
vn -0.7008 -0.7127 -0.0307
vn -0.2134 -0.4095 -0.8870
vn -0.7490 -0.6272 -0.2136
vn -0.2437 -0.5955 -0.7655
vn 0.2123 -0.2765 -0.9373
vn -0.0785 -0.2887 -0.9542
vn -0.9088 0.2850 0.3048
vn -0.9128 0.2070 0.3519
vn -0.9093 0.1273 0.3961
vn -0.6796 0.1261 0.7226
vn -0.6941 0.1577 0.7024
vn -0.7074 0.1891 0.6810
vn 0.0151 0.3943 -0.9189
vn 0.9662 0.2525 -0.0519
vn 0.7604 0.3857 -0.5226
vn 0.8618 0.4523 -0.2297
vn 0.6653 0.1073 0.7388
vn 0.6648 0.2861 -0.6900
vn 0.0761 0.0626 0.9951
vn -0.8197 -0.2016 0.5361
vn -0.8433 0.0585 -0.5342
vn -0.6484 0.2772 -0.7090
vn -0.9600 -0.0217 0.2791
vn -0.1733 0.2597 -0.9500
vn -0.6820 0.0428 0.7301
vn 0.0069 -0.0282 0.9996
vn 0.7354 0.3082 0.6035
vn -0.9848 0.0955 0.1453
vn 0.6610 0.1868 -0.7268
vn 0.6686 0.1878 -0.7196
vn 0.6761 0.1887 -0.7122
vn 0.6686 0.1878 -0.7195
vn 0.6947 0.3512 -0.6277
vn 0.6900 0.3686 -0.6230
vn 0.6850 0.3859 -0.6180
vn 0.6900 0.3686 -0.6229
vn 0.3560 -0.5823 -0.7309
vn 0.3605 -0.5675 -0.7403
vn 0.3649 -0.5525 -0.7494
vn -0.4896 0.2940 0.8209
vn -0.4941 0.3073 0.8133
vn -0.4984 0.3206 0.8055
vn 0.7112 0.2520 -0.6562
vn 0.7008 0.2512 -0.6676
vn 0.6902 0.2504 -0.6789
vn 0.7008 0.2513 -0.6676
vn -0.7397 -0.4257 0.5212
vn -0.7267 -0.4066 0.5538
vn -0.7124 -0.3868 0.5855
vn -0.7266 -0.4066 0.5538
vn -0.3824 0.4496 0.8072
vn -0.3839 0.4318 0.8162
vn -0.3853 0.4137 0.8249
vn -0.3839 0.4317 0.8162
vn -0.8616 -0.3487 0.3688
vn -0.8826 -0.2961 0.3653
vn -0.9007 -0.2425 0.3605
vn -0.8826 -0.2961 0.3652
vn -0.8826 -0.2960 0.3653
vn 0.7917 -0.5545 0.2566
vn -0.9644 0.1946 0.1788
vn -0.8893 -0.4404 -0.1232
vn 0.8851 -0.2194 0.4105
vn 0.7765 -0.6292 0.0335
vn -0.1294 0.4617 -0.8775
vn 0.5543 -0.2387 0.7974
vn -0.2268 0.6592 -0.7169
vn -0.9532 -0.0040 -0.3022
vn 0.8179 -0.5112 0.2638
vn -0.8576 0.4947 -0.1402
vn -0.4080 0.0301 -0.9125
vn 0.4937 -0.3674 0.7882
vn 0.8446 -0.3425 0.4114
vn -0.9322 -0.3603 0.0345
vn -0.3988 -0.0394 -0.9162
vn -0.2307 0.4667 -0.8538
vn 0.9289 -0.3359 0.1560
vn -0.2885 0.5993 -0.7467
vn -0.1232 0.4786 -0.8693
vn -0.6587 0.7450 0.1054
vn -0.9884 0.1289 -0.0800
vn 0.8509 -0.2871 0.4400
vn -0.8577 -0.2301 0.4598
vn 0.7115 0.2631 -0.6516
vn 0.8875 -0.4076 0.2149
vn 0.7434 -0.4276 0.5144
vn -0.1949 -0.6962 0.6909
vn -0.9723 0.2157 -0.0903
vn -0.2123 0.4420 -0.8715
vn -0.2780 0.4732 -0.8359
vn -0.8876 -0.0563 -0.4571
vn 0.7547 0.2381 -0.6113
vn 0.9838 -0.1502 0.0982
vn -0.1662 -0.5208 0.8374
vn -0.8945 -0.0395 -0.4453
vn -0.9217 0.0215 0.3873
vn -0.7776 -0.5625 0.2809
vn 0.6885 0.1913 -0.6996
vn -0.1662 0.5508 -0.8179
vn -0.8210 -0.4884 0.2956
vn 0.2590 -0.9133 0.3144
vn 0.8474 -0.3062 0.4337
vn 0.7128 0.2584 -0.6520
vn 0.2619 -0.4886 0.8323
vn 0.3699 -0.3975 0.8397
vn 0.5958 -0.5326 0.6012
vn -0.7406 -0.3925 0.5454
vn 0.1563 -0.7263 0.6694
vn -0.9838 -0.1314 0.1218
vn 0.1514 -0.6641 0.7321
vn 0.4271 -0.0735 0.9012
vn -0.5927 0.5894 0.5489
vn -0.6440 -0.1300 0.7539
vn -0.9115 -0.0233 0.4106
vn -0.8326 0.1732 -0.5261
vn -0.8661 0.4492 -0.2195
vn -0.2564 0.5653 -0.7840
vn -0.5499 -0.4234 0.7199
vn 0.7439 0.2988 -0.5978
vn 0.6312 0.4335 -0.6432
vn -0.1845 0.3518 -0.9177
vn -0.8443 0.2578 -0.4698
vn -0.8084 0.3227 -0.4922
vn -0.2804 0.4374 -0.8544
vn -0.6702 -0.1976 0.7154
vn -0.6640 -0.2066 0.7186
vn -0.6577 -0.2156 0.7218
vn 0.6881 0.0870 -0.7204
vn 0.8912 0.1774 0.4174
vn 0.0473 0.2087 0.9768
vn 0.8739 -0.0472 -0.4838
vn 0.5814 -0.1355 -0.8023
vn -0.7247 -0.6888 -0.0208
vn 0.1281 0.0884 0.9878
vn -0.7155 0.0110 0.6985
vn -0.5842 -0.3489 0.7328
vn -0.8504 -0.5173 -0.0961
vn 0.7681 -0.0451 -0.6387
vn 0.8504 0.4756 0.2249
vn -0.5633 -0.4202 0.7114
vn -0.0497 -0.9859 -0.1598
vn 0.7646 -0.0913 -0.6380
vn 0.8503 0.4742 0.2284
vn -0.3688 -0.4775 -0.7975
vn -0.3862 -0.4640 -0.7972
vn 0.0699 -0.5697 -0.8189
vn -0.1662 0.3944 0.9038
vn 0.8493 0.2833 -0.4454
vn 0.8604 0.4552 -0.2292
vn 0.1512 0.2766 0.9490
vn 0.7492 0.2955 0.5928
vn 0.7358 0.3072 0.6035
vn 0.0637 0.1138 0.9915
vn 0.1622 0.1752 0.9711
vn 0.0530 0.2960 0.9537
vn -0.9117 -0.3701 0.1785
vn -0.9729 -0.0999 0.2085
vn 0.6192 0.6222 0.4790
vn -0.7071 0.0307 0.7065
vn 0.6268 -0.3499 0.6962
vn -0.3090 -0.4916 0.8142
vn 0.1851 -0.6904 0.6993
vn -0.7396 -0.5880 0.3273
vn -0.6935 -0.6279 0.3532
vn 0.6194 -0.3538 0.7008
vn 0.5988 -0.3452 0.7227
vn 0.6955 -0.7104 -0.1073
vn 0.6943 -0.7126 -0.1006
vn 0.6930 -0.7148 -0.0938
vn -0.8199 0.3903 0.4189
vn -0.8259 0.3911 0.4060
vn -0.8319 0.3918 0.3931
vn 0.7455 0.0584 -0.6640
vn 0.7429 0.0508 -0.6674
vn 0.7404 0.0432 -0.6708
vn 0.7430 0.0508 -0.6674
vn 0.7108 0.1054 -0.6955
vn 0.7170 0.0976 -0.6903
vn 0.7231 0.0898 -0.6849
vn 0.7170 0.0976 -0.6902
vn 0.7536 -0.0679 -0.6538
vn 0.7645 -0.0668 -0.6412
vn 0.7751 -0.0656 -0.6284
vn -0.7209 -0.0561 0.6908
vn -0.6936 -0.0735 0.7166
vn -0.6652 -0.0908 0.7411
vn -0.8245 0.5042 0.2569
vn -0.8213 0.5022 0.2706
vn -0.8180 0.5001 0.2843
vn -0.8213 0.5022 0.2707
vn -0.0652 -0.8111 -0.5812
vn 0.8791 0.0422 0.4747
vn -0.7744 -0.3454 -0.5301
vn 0.7404 0.6607 0.1240
vn -0.1202 -0.5862 -0.8012
vn 0.2437 0.2428 0.9390
vn -0.2563 -0.6513 -0.7142
vn 0.1310 0.6426 0.7549
vn -0.7719 -0.4521 -0.4469
vn -0.3860 -0.4959 -0.7779
vn -0.0854 -0.1901 0.9781
vn 0.0770 -0.2647 0.9612
vn -0.1112 0.8528 0.5103
vn 0.8503 0.4981 0.1702
vn 0.8088 0.5513 0.2048
vn 0.9175 0.3823 0.1096
vn 0.8774 -0.0010 0.4798
vn -0.2236 0.5228 0.8226
vn -0.2515 -0.7338 -0.6311
vn 0.9145 0.3914 0.1026
vn -0.3676 -0.4180 -0.8308
vn -0.1393 0.4955 0.8574
vn -0.3671 -0.4942 -0.7880
vn -0.7320 0.0657 0.6782
vn -0.6991 -0.5496 -0.4574
vn -0.8472 -0.3770 -0.3744
vn -0.6530 -0.5798 -0.4872
vn -0.7342 0.0604 0.6762
vn -0.2157 0.2253 0.9501
vn -0.8073 -0.5811 -0.1026
vn -0.8774 -0.1712 -0.4481
vn -0.7636 -0.6394 -0.0894
vn -0.4957 0.7202 0.4853
vn 0.4925 0.5262 0.6932
vn 0.7437 -0.0649 -0.6653
vn 0.9990 0.0373 0.0251
vn -0.0936 0.2766 -0.9564
vn 0.3136 0.6035 0.7331
vn -0.6304 0.4754 0.6137
vn 0.4974 -0.0881 0.8630
vn -0.2356 0.5198 -0.8212
vn -0.6332 -0.1363 -0.7619
vn -0.6420 -0.0501 -0.7650
vn 0.5369 -0.6713 -0.5109
vn 0.5310 -0.0734 0.8442
vn 0.8287 -0.5206 0.2056
vn 0.0287 0.2071 0.9779
vn -0.1864 -0.4346 -0.8811
vn -0.6782 0.4874 0.5500
vn -0.9249 0.3417 -0.1666
vn -0.9581 0.2773 -0.0719
vn 0.3725 0.9161 -0.1484
vn -0.4733 0.8084 -0.3499
vn -0.2597 0.8307 0.4925
vn 0.9850 -0.0523 0.1645
vn 0.5356 -0.6759 -0.5063
vn 0.6632 -0.1746 -0.7278
vn 0.6769 0.2368 0.6969
vn -0.8981 0.4250 -0.1126
vn -0.7207 0.3838 0.5774
vn -0.5899 0.6759 -0.4417
vn -0.2415 0.9138 0.3266
vn 0.3304 0.8796 -0.3423
vn 0.8309 -0.5167 0.2065
vn 0.0086 0.2958 0.9552
vn -0.1652 -0.4253 -0.8898
vn 0.0764 -0.0278 -0.9967
vn 0.2627 0.7510 0.6058
vn -0.2595 0.3555 -0.8979
vn -0.6871 0.5140 0.5135
vn 0.0589 0.4369 0.8976
vn -0.0073 0.5344 0.8452
vn 0.5358 -0.0673 0.8416
vn 0.7359 0.1770 0.6535
vn 0.9827 0.1190 0.1419
vn -0.7417 0.6602 0.1183
vn -0.5260 0.2248 -0.8202
vn -0.3771 0.8434 -0.3828
vn 0.5909 0.7889 -0.1687
vn 0.0156 0.0316 -0.9994
vn 0.2980 0.9525 -0.0623
vn 0.1985 0.3297 -0.9230
vn 0.2279 0.4074 -0.8844
vn -0.6978 -0.4299 0.5729
vn -0.7441 0.0192 -0.6678
vn -0.9553 -0.2546 0.1501
vn -0.6225 -0.7518 -0.2177
vn -0.1571 -0.5700 -0.8065
vn -0.7072 0.1215 -0.6965
vn -0.6967 -0.4183 -0.5828
vn 0.2476 0.8139 -0.5256
vn 0.3136 0.8532 -0.4168
vn 0.1125 0.8784 -0.4644
vn -0.2481 0.9374 -0.2444
vn -0.9480 -0.3163 0.0344
vn -0.9310 0.3007 0.2071
vn -0.6106 0.0019 -0.7920
vn -0.3311 0.0664 -0.9413
vn -0.8893 -0.3147 0.3318
vn -0.9124 0.0668 0.4039
vn 0.4640 0.6720 -0.5772
vn -0.7913 0.5870 0.1710
vn 0.4543 0.7408 -0.4948
vn -0.3596 0.9042 -0.2306
vn -0.2511 0.6579 -0.7100
vn -0.9579 0.2869 0.0030
vn -0.4249 0.8604 -0.2812
vn 0.1926 0.9565 -0.2191
vn -0.3614 0.9013 -0.2387
vn 0.1272 0.9396 -0.3177
vn -0.9654 0.2596 -0.0228
vn -0.3038 0.2275 -0.9252
vn -0.0440 0.6376 -0.7691
vn -0.2444 -0.8240 0.5112
vn 0.5150 0.7267 -0.4546
vn -0.0109 -0.0721 0.9973
vn -0.7069 -0.4521 0.5439
vn -0.6094 -0.3839 -0.6937
vn 0.8784 -0.0101 -0.4779
vn -0.9789 0.0300 -0.2023
vn 0.2618 0.2192 -0.9399
vn -0.7436 0.0233 -0.6683
vn 0.8099 0.5471 0.2117
vn -0.7600 0.6246 -0.1797
vn 0.9477 0.2518 -0.1963
vn 0.7863 0.0409 0.6165
vn 0.8894 0.2309 0.3946
vn 0.6798 0.5267 0.5103
vn 0.7516 0.4206 -0.5082
vn 0.1915 0.0769 -0.9785
vn -0.2283 -0.2240 0.9475
vn -0.3298 -0.2305 0.9155
vn -0.7194 -0.4209 0.5526
vn -0.5900 -0.3937 -0.7049
vn 0.6058 0.3466 0.7162
vn -0.6453 -0.3880 -0.6581
vn 0.7777 0.5632 -0.2793
vn 0.3964 -0.0209 -0.9179
vn -0.6261 -0.3048 -0.7177
vn 0.9696 -0.1653 -0.1803
vn 0.9740 -0.1117 -0.1971
vn 0.9753 -0.0577 -0.2133
vn 0.9740 -0.1116 -0.1971
vn 0.9177 -0.0424 -0.3949
vn -0.9110 -0.1793 0.3714
vn 0.7689 0.6033 -0.2116
vn -0.6683 0.5677 0.4807
vn -0.2802 -0.5756 0.7682
vn -0.9149 0.0476 0.4009
vn -0.9097 -0.1698 0.3791
vn -0.9225 0.0717 0.3794
vn -0.5835 -0.1008 0.8058
vn 0.5155 -0.6025 0.6093
vn -0.2257 -0.1944 0.9546
vn -0.0101 -0.4739 0.8805
vn -0.0004 0.9963 -0.0856
vn 0.5250 -0.1380 0.8398
vn -0.6948 0.0429 0.7180
vn -0.4036 -0.0910 0.9104
vn -0.5773 -0.0730 0.8133
vn -0.1407 0.9529 0.2686
vn 0.9107 0.3318 -0.2460
vn 0.1036 0.9697 -0.2211
vn -0.5572 0.3063 0.7718
vn 0.1018 0.9375 -0.3327
vn -0.6279 0.1202 0.7690
vn 0.5178 0.5845 -0.6247
vn -0.5402 0.5680 0.6209
vn 0.9403 -0.2586 0.2213
vn 0.7733 0.3895 0.5003
vn 0.9355 -0.2023 0.2897
vn 0.6947 0.7190 -0.0185
vn 0.8873 0.3934 -0.2407
vn 0.9097 0.0195 0.4147
vn 0.8651 0.4836 -0.1335
vn 0.9700 0.0292 -0.2412
vn 0.8875 0.3938 -0.2393
vn -0.0686 0.8701 0.4881
vn 0.1688 0.9856 -0.0115
vn -0.4854 0.3142 0.8159
vn 0.0139 0.9548 -0.2968
vn -0.3917 0.2203 0.8934
vn -0.0956 0.9474 0.3056
vn -0.5348 -0.0859 0.8406
vn -0.6755 -0.2208 0.7035
vn 0.8558 0.1397 -0.4982
vn -0.7023 -0.7053 0.0967
vn 0.5721 0.5860 0.5739
vn 0.5858 0.4262 0.6894
vn 0.6100 0.7923 -0.0150
vn 0.4046 -0.5542 0.7274
vn -0.9462 0.1169 -0.3017
vn -0.6214 -0.7817 -0.0522
vn 0.1572 0.6090 -0.7774
vn -0.3952 0.4093 0.8224
vn 0.2573 0.0647 0.9642
vn 0.7324 0.6682 0.1309
vn 0.2615 0.1045 0.9595
vn -0.8200 -0.1714 0.5461
vn 0.8230 0.4098 0.3934
vn -0.8768 -0.1985 -0.4379
vn -0.8400 -0.5334 0.0995
vn 0.1846 -0.5890 0.7867
vn 0.1523 0.4413 -0.8843
vn 0.9135 0.0776 0.3993
vn -0.2442 0.5338 -0.8096
vn 0.8129 0.5340 -0.2326
vn 0.6581 0.6931 -0.2940
vn 0.7139 0.4476 -0.5385
vn 0.9787 0.0330 0.2028
vn 0.8569 0.2586 0.4460
vn -0.0475 0.1972 -0.9792
vn -0.0749 0.6908 -0.7191
vn 0.2647 -0.4732 0.8402
vn -0.9142 -0.2352 -0.3301
vn -0.8313 -0.5275 0.1755
vn 0.2777 -0.5243 0.8050
vn 0.3967 0.7269 0.5605
vn -0.3967 -0.7269 -0.5605
vn -0.8743 0.4853 -0.0107
vn -0.2801 -0.4856 0.8281
vn 0.9572 -0.0751 0.2796
vn 0.9572 -0.0752 0.2795
vn 0.8986 0.1709 0.4041
vn 0.8986 0.1708 0.4041
vn 0.8740 -0.4858 0.0115
vn 0.8987 0.1708 0.4039
vn -0.3377 0.8573 0.3887
vn 0.2796 0.4859 -0.8281
vn 0.3377 -0.8573 -0.3887
vn -0.8987 -0.1708 -0.4039
vn -0.2798 -0.4856 0.8282
vn -0.2797 -0.4856 0.8282
vn -0.2800 -0.4856 0.8281
vn 0.2801 0.4857 -0.8281
vn -0.7688 -0.4031 -0.4964
vn -0.3377 0.8572 0.3887
vn -0.8987 -0.1708 -0.4041
vn -0.8742 0.4855 -0.0110
vn -0.3968 -0.7272 -0.5602
vn 0.3968 0.7272 0.5602
vn 0.8742 -0.4855 0.0110
vn -0.6935 -0.2929 -0.6582
vn 0.9945 0.0278 0.1006
vn 0.9169 0.2065 0.3414
vn -0.8754 -0.1342 -0.4645
vt 1.203612 0.320421
vt 1.378937 0.384778
vt 1.203612 0.246185
vt 1.378937 0.212895
vt 1.084311 0.150882
vt 1.084311 0.410838
vt 1.003924 0.222652
vt 1.003924 0.330087
vt 1.085055 0.119967
vt 1.087473 0.037633
vt 1.104907 0.101549
vt 1.104814 0.071791
vt 1.441424 0.212895
vt 1.441424 0.384778
vt 1.261078 0.652786
vt 1.340860 0.637168
vt 1.261078 0.777862
vt 1.340860 0.777862
vt 1.180738 0.777862
vt 1.180738 0.637168
vt 1.037214 0.635890
vt 1.094028 0.579067
vt 1.094028 0.692697
vt 1.150843 0.635890
vt 1.054091 0.167048
vt 1.003924 0.177733
vt 1.003924 0.091792
vt 1.265634 0.003902
vt 1.410181 0.003902
vt 1.233414 0.130912
vt 1.224999 0.438084
vt 1.068596 0.155830
vt 1.195336 0.591214
vt 1.046512 0.010052
vt 1.410181 0.632815
vt 1.003924 0.001954
vt 1.049581 0.496931
vt 1.169951 0.003902
vt 1.299527 0.996110
vt 1.507816 0.882830
vt 1.273445 0.785168
vt 1.507816 0.785168
vt 1.996133 0.785168
vt 1.738329 0.882830
vt 1.738329 0.785168
vt 1.207053 0.835948
vt 1.008713 0.875006
vt 1.738329 0.996110
vt 1.507816 0.996110
vt 1.008713 0.996110
vt 1.996133 0.882830
vt 1.996133 0.996110
vt 1.144566 0.750006
vt 1.008713 0.699227
vt 1.613309 0.363285
vt 1.535201 0.363285
vt 1.613309 0.296873
vt 1.535201 0.296873
vt 1.613309 0.226564
vt 1.535201 0.226564
vt 1.613309 0.136726
vt 1.535201 0.136726
vt 1.652363 0.449227
vt 1.652363 0.371094
vt 1.566444 0.449227
vt 1.566444 0.371094
vt 1.632836 0.582035
vt 1.632836 0.542977
vt 1.812531 0.582035
vt 1.812531 0.542977
vt 1.480478 0.449227
vt 1.480478 0.371094
vt 1.453140 0.582035
vt 1.453140 0.542977
vt 1.992227 0.542977
vt 1.992227 0.582035
vt 1.480478 0.535168
vt 1.566444 0.535168
vt 1.433613 0.589859
vt 1.433613 0.644535
vt 1.621120 0.589859
vt 1.621120 0.644535
vt 1.808626 0.589859
vt 1.808626 0.644535
vt 1.996133 0.589859
vt 1.996133 0.644535
vt 1.652363 0.535168
vt 1.730518 0.449227
vt 1.730518 0.371094
vt 1.730518 0.535168
vt 1.410181 0.777359
vt 1.511722 0.777359
vt 1.511722 0.652359
vt 1.410181 0.652359
vt 1.996133 0.777359
vt 1.996133 0.652359
vt 1.900403 0.652359
vt 1.609403 0.652359
vt 1.900403 0.777359
vt 1.609403 0.777359
vt 1.705086 0.777359
vt 1.705086 0.652359
vt 1.804721 0.777359
vt 1.804721 0.652359
vt 1.738329 0.132814
vt 1.863302 0.003902
vt 1.738329 0.003902
vt 1.996133 0.132814
vt 1.863302 0.132814
vt 1.863302 0.242197
vt 1.996133 0.257814
vt 1.863302 0.257814
vt 1.996133 0.242197
vt 1.863302 0.222652
vt 1.996133 0.222652
vt 1.996133 0.003902
vt 1.863302 0.343756
vt 1.996133 0.500006
vt 1.996133 0.343756
vt 1.738329 0.242197
vt 1.738329 0.257814
vt 1.863302 0.535168
vt 1.738329 0.222652
vt 1.738329 0.492197
vt 1.738329 0.343756
vt 1.613309 0.003902
vt 1.519532 0.003902
vt 1.613309 0.128902
vt 1.519532 0.128902
vt 1.496100 0.066402
vt 1.621120 0.269535
vt 1.730518 0.269535
vt 1.621120 0.363285
vt 1.730518 0.363285
vt 1.621120 0.003902
vt 1.730518 0.003902
vt 1.621120 0.156256
vt 1.730518 0.156256
vt 3.002009 0.679697
vt 3.048874 0.789080
vt 3.002009 0.898448
vt 0.278354 0.001954
vt 0.226282 0.006855
vt 0.274960 0.064165
vt 0.222749 0.056250
vt 0.472742 0.771499
vt 0.547130 0.771499
vt 0.473160 0.751970
vt 0.550059 0.751970
vt 0.065974 0.320071
vt 0.003162 0.330087
vt 0.075459 0.285213
vt 0.003162 0.277344
vt 0.169746 0.187856
vt 0.114234 0.194310
vt 0.153381 0.230172
vt 0.098938 0.232547
vt 0.020597 0.200459
vt 0.019481 0.143576
vt 0.003162 0.197263
vt 0.003162 0.126954
vt 0.020597 0.214570
vt 0.003162 0.210947
vt 0.649369 0.782565
vt 0.633096 0.793921
vt 0.302531 0.091960
vt 0.276123 0.133362
vt 0.267893 0.083040
vt 0.260315 0.102356
vt 0.045982 0.239412
vt 0.045564 0.192179
vt 0.116372 0.167261
vt 0.168584 0.159330
vt 0.112095 0.104730
vt 0.165051 0.109936
vt 0.563729 0.943367
vt 0.591438 0.969213
vt 0.538994 0.965712
vt 0.544434 0.969243
vt 0.284863 0.267983
vt 0.294208 0.320604
vt 0.276541 0.269018
vt 0.656854 0.970690
vt 0.718969 0.950871
vt 0.594739 0.917262
vt 0.673824 0.359373
vt 0.663828 0.356055
vt 0.673824 0.435558
vt 0.202385 0.071532
vt 0.233721 0.087226
vt 0.216890 0.124214
vt 0.300113 0.238924
vt 0.331403 0.157215
vt 0.300113 0.128674
vt 0.188390 0.234419
vt 0.229072 0.234525
vt 0.208103 0.265364
vt 0.263104 0.147747
vt 0.532578 0.830985
vt 0.525418 0.876239
vt 0.507100 0.638873
vt 0.588835 0.661477
vt 0.580512 0.582583
vt 0.625471 0.353559
vt 0.661410 0.339920
vt 0.888668 0.845720
vt 0.826786 0.867669
vt 0.892109 0.915542
vt 0.575584 0.998058
vt 0.362088 0.112265
vt 0.319129 0.112265
vt 0.323592 0.132525
vt 0.918424 0.630669
vt 0.958082 0.649026
vt 0.913728 0.674476
vt 0.003162 0.001954
vt 0.082014 0.001954
vt 0.096148 0.062947
vt 0.057977 0.167763
vt 0.066578 0.116740
vt 0.247762 0.068807
vt 0.278354 0.072461
vt 0.752211 0.436699
vt 0.706602 0.436699
vt 0.752397 0.456320
vt 0.618451 0.849221
vt 0.487061 0.966275
vt 0.470231 0.977889
vt 0.497057 0.998134
vt 0.861516 0.723338
vt 0.925072 0.689241
vt 0.965242 0.729761
vt 0.440289 0.814470
vt 0.472649 0.820330
vt 0.453726 0.791759
vt 0.440289 0.841808
vt 0.472649 0.855477
vt 0.160680 0.348322
vt 0.153241 0.336541
vt 0.220052 0.282458
vt 0.632817 0.650396
vt 0.621101 0.625006
vt 0.613290 0.636727
vt 0.878533 0.779110
vt 0.942507 0.817179
vt 0.057977 0.380866
vt 0.147430 0.325931
vt 0.075319 0.396514
vt 0.595018 0.626604
vt 0.601155 0.594624
vt 0.691538 0.826328
vt 0.708554 0.882115
vt 0.642581 0.443366
vt 0.603480 0.418692
vt 0.601574 0.443366
vt 0.998066 0.845720
vt 0.998066 0.931661
vt 0.943391 0.845720
vt 0.090708 0.414734
vt 0.643836 0.419910
vt 0.263104 0.238924
vt 0.440289 0.878918
vt 0.453261 0.892435
vt 0.027199 0.408265
vt 0.837665 0.931585
vt 0.813861 0.953124
vt 0.902663 0.952165
vt 0.009810 0.390380
vt 0.710925 0.644535
vt 0.689446 0.650396
vt 0.683588 0.640639
vt 0.814140 0.887747
vt 0.279284 0.339844
vt 0.241206 0.284117
vt 0.131483 0.310451
vt 0.003162 0.246094
vt 0.226886 0.289415
vt 0.217448 0.169164
vt 0.955525 0.656880
vt 0.883043 0.649269
vt 0.602597 0.972668
vt 0.998066 0.779308
vt 0.497476 0.998058
vt 0.342329 0.055960
vt 0.346513 0.147747
vt 0.309505 0.238924
vt 0.346513 0.238924
vt 0.730546 0.893211
vt 0.757232 0.904430
vt 0.742773 0.942986
vt 0.162447 0.077240
vt 0.102378 0.083572
vt 0.258502 0.138401
vt 0.238556 0.163821
vt 0.778805 0.875874
vt 0.486782 0.965819
vt 0.473346 0.998819
vt 0.496686 0.998134
vt 0.003162 0.072263
vt 0.161610 0.056554
vt 0.333355 0.064667
vt 0.324754 0.013659
vt 0.044448 0.092781
vt 0.130878 0.001954
vt 0.451169 0.906256
vt 0.488270 0.921889
vt 0.267754 0.248849
vt 0.174442 0.021118
vt 0.172815 0.027039
vt 0.439127 0.950384
vt 0.232512 0.068031
vt 0.998066 0.638675
vt 0.998066 0.662116
vt 0.471300 0.977965
vt 0.309179 0.074607
vt 0.605433 0.650502
vt 0.440289 0.779308
vt 0.299834 0.238924
vt 0.262826 0.147747
vt 0.262826 0.238924
vt 0.470417 0.938587
vt 0.318199 0.073435
vt 0.522722 0.941418
vt 0.336796 0.154201
vt 0.998066 0.677749
vt 0.793358 0.830209
vt 0.870629 0.639101
vt 0.675172 0.334943
vt 0.755047 0.792231
vt 0.580234 0.944234
vt 0.440289 0.921889
vt 0.448147 0.998134
vt 0.440289 0.806646
vt 0.998066 0.576175
vt 0.445171 0.752822
vt 0.605665 0.635479
vt 0.581907 0.605020
vt 0.586975 0.652694
vt 0.610082 0.401385
vt 0.623054 0.330087
vt 0.435268 0.306235
vt 0.435268 0.254207
vt 0.404304 0.294925
vt 0.404304 0.244145
vt 0.947993 0.391110
vt 0.894759 0.391110
vt 0.947993 0.424035
vt 0.894759 0.424035
vt 0.462746 0.257738
vt 0.494175 0.257738
vt 0.462746 0.314926
vt 0.494175 0.314926
vt 0.681635 0.300785
vt 0.681635 0.363285
vt 0.716505 0.379694
vt 0.996346 0.390639
vt 0.996346 0.316418
vt 0.813257 0.317072
vt 0.813257 0.391110
vt 0.771227 0.379694
vt 0.750073 0.419621
vt 0.703766 0.419621
vt 0.996346 0.439454
vt 0.294906 0.306646
vt 0.349628 0.244145
vt 0.349628 0.306646
vt 0.294906 0.244145
vt 0.031244 0.654308
vt 0.013669 0.638675
vt 0.046865 0.638675
vt 0.813257 0.438419
vt 0.921353 0.435223
vt 0.894294 0.424035
vt 0.369155 0.634778
vt 0.369155 0.607425
vt 0.435547 0.607425
vt 0.419925 0.634778
vt 0.435547 0.634778
vt 0.025386 0.607425
vt 0.013669 0.619146
vt 0.025386 0.619146
vt 0.404304 0.208983
vt 0.001953 0.607425
vt 0.001953 0.640639
vt 0.760348 0.910747
vt 0.771924 0.946441
vt 0.821067 0.910792
vt 0.809444 0.946472
vt 0.558614 0.507815
vt 0.578141 0.447278
vt 0.658202 0.507815
vt 0.638675 0.447278
vt 0.609385 0.542977
vt 0.790754 0.888721
vt 0.550803 0.208983
vt 0.521513 0.210947
vt 0.550803 0.144535
vt 0.521513 0.146483
vt 0.550803 0.240233
vt 0.521513 0.240233
vt 0.623054 0.203123
vt 0.623054 0.166013
vt 0.656250 0.207035
vt 0.656250 0.167976
vt 0.366691 0.102813
vt 0.400259 0.093314
vt 0.351116 0.064226
vt 0.585952 0.214844
vt 0.585952 0.240233
vt 0.498034 0.162116
vt 0.623054 0.240233
vt 0.498034 0.218756
vt 0.585952 0.150395
vt 0.675777 0.162116
vt 0.675777 0.218756
vt 0.656250 0.240233
vt 0.498034 0.242197
vt 0.675777 0.242197
vt 0.494175 0.336206
vt 0.462746 0.336206
vt 0.494128 0.384778
vt 0.462885 0.384778
vt 0.385939 0.308213
vt 0.399050 0.287055
vt 0.361530 0.308213
vt 0.352929 0.287055
vt 0.308621 0.384778
vt 0.308249 0.363224
vt 0.283189 0.384778
vt 0.283189 0.357105
vt 0.436152 0.338063
vt 0.431642 0.384778
vt 0.430479 0.330361
vt 0.404304 0.384778
vt 0.352929 0.268180
vt 0.352929 0.230005
vt 0.399050 0.232958
vt 0.392495 0.207477
vt 0.362228 0.347668
vt 0.351581 0.384778
vt 0.314479 0.310557
vt 0.404304 0.310557
vt 0.356277 0.205072
vt 0.374037 0.198861
vt 0.085083 0.790267
vt 0.076202 0.722409
vt 0.150731 0.773935
vt 0.362228 0.713840
vt 0.433362 0.679697
vt 0.433362 0.716808
vt 0.149615 0.813450
vt 0.067229 0.673746
vt 0.003301 0.667977
vt 0.051933 0.649345
vt 0.003301 0.724617
vt 0.003301 0.796889
vt 0.292349 0.709014
vt 0.345723 0.781256
vt 0.302252 0.787543
vt 0.271194 0.768424
vt 0.433362 0.781256
vt 0.343770 0.820330
vt 0.375571 0.665831
vt 0.893690 0.564165
vt 0.921446 0.603878
vt 0.938462 0.540830
vt 0.674382 0.692331
vt 0.656761 0.772306
vt 0.740123 0.699501
vt 0.607060 0.654582
vt 0.614917 0.687871
vt 0.998066 0.792977
vt 0.998066 0.841808
vt 0.902337 0.841808
vt 0.982305 0.579296
vt 0.946087 0.593178
vt 0.954688 0.554058
vt 0.552710 0.714494
vt 0.563124 0.742822
vt 0.624588 0.722257
vt 0.793358 0.745333
vt 0.793358 0.702302
vt 0.857425 0.646499
vt 0.779317 0.572278
vt 0.792986 0.646499
vt 0.700790 0.826723
vt 0.793497 0.525913
vt 0.822276 0.443366
vt 0.862121 0.546021
vt 0.454423 0.737129
vt 0.506310 0.749047
vt 0.578048 0.424659
vt 0.523884 0.391004
vt 0.561497 0.474510
vt 0.499196 0.553997
vt 0.534763 0.526065
vt 0.580977 0.576723
vt 0.497522 0.638843
vt 0.501893 0.577271
vt 0.687028 0.654582
vt 0.466000 0.527466
vt 0.507472 0.510281
vt 0.969148 0.501026
vt 0.990442 0.491832
vt 0.470603 0.391004
vt 0.496314 0.425298
vt 0.974634 0.443366
vt 0.732452 0.646499
vt 0.982398 0.578702
vt 0.998066 0.748058
vt 0.726919 0.949105
vt 0.695304 0.998058
vt 0.632817 0.998058
vt 0.132831 0.478528
vt 0.066392 0.478528
vt 0.040682 0.431235
vt 0.861284 0.632373
vt 0.470603 0.439591
vt 0.526581 0.890639
vt 0.950969 0.633043
vt 0.503892 0.330087
vt 0.998066 0.443366
vt 0.751002 0.654582
vt 0.615336 0.702271
vt 0.545736 0.656302
vt 0.843803 0.537710
vt 0.001953 0.478528
vt 0.616452 0.548152
vt 0.637978 0.620972
vt 0.587998 0.563145
vt 0.919679 0.525517
vt 0.665316 0.509504
vt 0.622310 0.543388
vt 0.643697 0.602341
vt 0.714924 0.882115
vt 0.496081 0.490812
vt 0.279284 0.384778
vt 0.240230 0.392587
vt 0.781223 0.565109
vt 0.874209 0.597379
vt 0.862679 0.635768
vt 0.933627 0.443366
vt 0.794938 0.505866
vt 0.755884 0.505866
vt 0.794938 0.470704
vt 0.465954 0.661827
vt 0.441033 0.737022
vt 0.512865 0.674964
vt 0.235395 0.350012
vt 0.215356 0.307772
vt 0.441033 0.651766
vt 0.465954 0.600560
vt 0.441033 0.530769
vt 0.478088 0.611900
vt 0.664060 0.505866
vt 0.746818 0.484160
vt 0.789545 0.780815
vt 0.789545 0.680580
vt 0.175791 0.396484
vt 0.128926 0.396484
vt 0.101588 0.425572
vt 0.836922 0.610972
vt 0.765229 0.567773
vt 0.792102 0.509504
vt 0.684517 0.567773
vt 0.724408 0.645875
vt 0.848080 0.685923
vt 0.131483 0.459166
vt 0.774435 0.449318
vt 0.890760 0.666409
vt 0.545875 0.389512
vt 0.126973 0.392587
vt 0.906661 0.514954
vt 0.180207 0.418585
vt 0.122277 0.428890
vt 0.833993 0.650259
vt 0.099960 0.412710
vt 0.713064 0.763660
vt 0.815023 0.667916
vt 0.720782 0.769399
vt 0.148732 0.477767
vt 0.474648 0.997632
vt 0.473114 0.938800
vt 0.493710 0.987327
vt 0.474508 0.939424
vt 0.585952 0.326175
vt 0.585952 0.265623
vt 0.550803 0.326175
vt 0.550803 0.265623
vt 0.521513 0.326175
vt 0.521513 0.265623
vt 0.498034 0.326175
vt 0.498034 0.269535
vt 0.623054 0.265623
vt 0.656250 0.265623
vt 0.656250 0.326175
vt 0.675777 0.271484
vt 0.623054 0.326175
vt 0.675777 0.326175
vt 0.599249 0.108292
vt 0.029291 0.486337
vt 0.029291 0.550785
vt 0.001953 0.519535
vt 0.001953 0.539080
vt 0.185554 0.681646
vt 0.212892 0.681646
vt 0.185554 0.652359
vt 0.220703 0.652359
vt 0.279284 0.652359
vt 0.248041 0.681646
vt 0.220703 0.681646
vt 0.185554 0.708999
vt 0.212892 0.708999
vt 0.185554 0.619146
vt 0.220703 0.619146
vt 0.144640 0.603528
vt 0.144547 0.550785
vt 0.220703 0.603528
vt 0.220703 0.550785
vt 0.121115 0.615249
vt 0.029291 0.615249
vt 0.121115 0.603528
vt 0.029291 0.603528
vt 0.169932 0.619146
vt 0.169932 0.652359
vt 0.121115 0.550785
vt 0.001953 0.550785
vt 0.001953 0.603528
vt 0.220703 0.708999
vt 0.248041 0.708999
vt 0.220703 0.539065
vt 0.144640 0.539080
vt 0.396493 0.410168
vt 0.410534 0.443929
vt 0.365250 0.410168
vt 0.362228 0.443503
vt 0.144547 0.486337
vt 0.121115 0.486337
vt 0.671871 0.492197
vt 0.718783 0.470704
vt 0.662108 0.470704
vt 0.279284 0.681646
vt 0.220703 0.486337
vt 0.220703 0.525396
vt 0.279284 0.708999
vt 0.279284 0.619146
vt 0.322290 0.410168
vt 0.361344 0.482425
vt 0.435547 0.482425
vt 0.337912 0.482425
vt 0.246088 0.482425
vt 0.224608 0.482425
vt 0.240230 0.410168
vt 0.199223 0.396484
vt 0.242183 0.396484
vt 0.322290 0.396484
vt 0.369155 0.396484
vt 0.193365 0.410168
vt 0.417973 0.388675
vt 0.419647 0.392587
vt 0.462885 0.431646
vt 0.462885 0.406256
vt 0.169746 0.449820
vt 0.197270 0.458999
vt 0.197270 0.482425
vt 0.181649 0.482425
vt 0.462885 0.464844
vt 0.462885 0.482425
vt 0.785175 0.997419
vt 0.774435 0.958862
vt 0.904755 0.997419
vt 0.998020 0.997419
vt 0.718783 0.997419
vt 0.729151 0.959182
vt 0.872024 0.997419
vt 0.998066 0.970720
vt 0.205081 0.937522
vt 0.205081 0.888691
vt 0.173838 0.937522
vt 0.173838 0.888691
vt 0.234372 0.937933
vt 0.234372 0.888691
vt 0.234372 0.865660
vt 0.267568 0.865660
vt 0.267568 0.888691
vt 0.267568 0.937933
vt 0.267568 0.998058
vt 0.234511 0.998058
vt 0.205081 0.998058
vt 0.173838 0.998058
vt 0.246321 0.615082
vt 0.337912 0.615249
vt 0.246088 0.603528
vt 0.337912 0.603528
vt 0.361344 0.550785
vt 0.435547 0.550785
vt 0.361344 0.539080
vt 0.435547 0.539080
vt 0.173838 0.966808
vt 0.205081 0.966808
vt 0.361344 0.603528
vt 0.435547 0.603528
vt 0.205081 0.921889
vt 0.173838 0.921889
vt 0.246088 0.550785
vt 0.224608 0.603528
vt 0.224608 0.550785
vt 0.337912 0.550785
vt 0.224608 0.519535
vt 0.224608 0.539065
vt 0.662108 0.466808
vt 0.718783 0.466808
vt 0.671871 0.443366
vt 0.435547 0.525396
vt 0.433362 0.812506
vt 0.433362 0.855477
vt 0.097822 0.865645
vt 0.088337 0.940612
vt 0.003301 0.947279
vt 0.169932 0.886727
vt 0.169932 0.943367
vt 0.271473 0.841808
vt 0.349628 0.855477
vt 0.433362 0.931661
vt 0.349628 0.931661
vt 0.003301 0.863301
vt 0.271473 0.931661
vt 0.192296 0.850393
vt 0.223399 0.788882
vt 0.777364 0.001954
vt 0.778108 0.036294
vt 0.724176 0.001954
vt 0.724176 0.035152
vt 0.349628 0.998058
vt 0.433362 0.998058
vt 0.087872 0.998058
vt 0.169932 0.998058
vt 0.003301 0.998058
vt 0.271473 0.998058
vt 0.947993 0.292215
vt 0.894759 0.292307
vt 0.894759 0.256840
vt 0.947993 0.256049
vt 0.894759 0.271986
vt 0.947993 0.270905
vt 0.771227 0.296295
vt 0.716505 0.307026
vt 0.963755 0.165252
vt 0.894759 0.154718
vt 0.716505 0.225286
vt 0.771227 0.220567
vt 0.716505 0.261331
vt 0.771227 0.249747
vt 0.731196 0.105476
vt 0.731196 0.080087
vt 0.778108 0.099936
vt 0.778108 0.079447
vt 0.996346 0.277344
vt 0.947993 0.270920
vt 0.830459 0.240431
vt 0.830459 0.166713
vt 0.830459 0.300816
vt 0.996346 0.250006
vt 0.830459 0.277801
vt 0.681635 0.261726
vt 0.894759 0.154840
vt 0.778108 0.120668
vt 0.996346 0.162116
vt 0.731196 0.122768
vt 0.968264 0.117791
vt 0.894759 0.103893
vt 0.989512 0.102934
vt 0.996346 0.132814
vt 0.724176 0.119145
vt 0.830459 0.081198
vt 0.894759 0.054469
vt 0.974634 0.054682
vt 0.724176 0.082035
vt 0.681635 0.123042
vt 0.681635 0.242197
vt 0.681635 0.154292
vt 0.830459 0.042504
vt 0.974634 0.001954
vt 0.894526 0.001954
vt 0.830087 0.001954
vt 0.685680 0.059126
vt 0.717248 0.036903
vt 0.717248 0.059126
vt 0.685680 0.001269
vt 0.685680 0.036903
vt 0.685680 0.088093
vt 0.439453 0.001954
vt 0.466790 0.068366
vt 0.439453 0.068366
vt 0.466790 0.187506
vt 0.439453 0.187506
vt 0.439453 0.123042
vt 0.717248 0.088093
vt 0.466790 0.123042
vt 0.439453 0.248057
vt 0.466790 0.248057
vt 0.466790 0.001954
vt 0.511749 0.001954
vt 0.494128 0.248057
vt 0.685680 0.116573
vt 0.717248 0.116573
vt 0.717248 0.001269
vt 0.494128 0.068366
vt 0.494128 0.123042
vt 0.494128 0.187506
vt 0.370643 0.136879
vt 0.403606 0.129983
vt 0.369527 0.166515
vt 0.354417 0.190139
vt 0.398725 0.190139
vt 0.415834 0.159589
vt 0.425737 0.151522
vt 0.416160 0.125538
vt 0.432153 0.182346
vt 0.413509 0.197339
vt 0.193551 0.746734
vt 0.427690 0.022275
vt 0.427690 0.048289
vt 0.434431 0.036203
vt 0.434431 0.070253
vt 0.212985 0.807209
vt 0.292163 0.664461
vt 0.357532 0.619115
vt 0.292163 0.619115
vt 0.072344 0.619115
vt 0.150405 0.619146
vt 0.434431 0.162527
vt 0.150405 0.703139
vt 0.150405 0.654308
vt 0.292488 0.708893
vt 0.271194 0.768516
vt 0.248599 0.737707
vt 0.200385 0.744192
vt 0.248599 0.737692
vt 0.434431 0.127030
vt 0.427690 0.126376
vt 0.427690 0.101123
vt 0.427690 0.070512
vt 0.434431 0.104456
vt 0.416160 0.096435
vt 0.414532 0.178692
vt 0.405931 0.159163
vt 0.416160 0.067711
vt 0.416020 0.001954
vt 0.399887 0.012183
vt 0.417275 0.033326
vt 0.403513 0.062019
vt 0.354417 0.012274
vt 0.347582 0.032108
vt 0.175279 0.707934
vt 0.545875 0.001908
vt 0.550803 0.035152
vt 0.591903 0.033539
vt 0.593717 0.001908
vt 0.635514 0.032747
vt 0.509797 0.027100
vt 0.641790 0.012183
vt 0.516910 0.042946
vt 0.674614 0.034741
vt 0.657830 0.043920
vt 0.679682 0.072263
vt 0.498034 0.109373
vt 0.521513 0.091792
vt 0.498034 0.091792
vt 0.550803 0.072263
vt 0.591903 0.077195
vt 0.624448 0.073785
vt 0.521420 0.069979
vt 0.682053 0.100377
vt 0.675777 0.109373
vt 0.655785 0.084942
vt 0.550803 0.101564
vt 0.623612 0.100758
vt 2.062989 0.039064
vt 2.094279 0.039064
vt 2.062989 0.203123
vt 2.094279 0.203123
vt 2.094279 0.367197
vt 2.062989 0.367197
vt 2.044950 0.039064
vt 2.044950 0.210947
vt 2.001991 0.039064
vt 2.001991 0.210947
vt 2.998104 0.867198
vt 2.351618 0.867198
vt 2.998104 0.609389
vt 2.351618 0.609389
vt 2.351618 0.140623
vt 2.998104 0.140623
vt 2.210977 0.804698
vt 2.001991 0.804698
vt 2.210977 0.617197
vt 2.001991 0.617197
vt 2.259794 0.617197
vt 2.259794 0.804698
vt 2.210977 0.992198
vt 2.001991 0.992198
vt 2.210977 0.429697
vt 2.001991 0.429697
vt 2.998104 0.007814
vt 2.351618 0.007814
vt 2.998104 0.992198
vt 2.460970 0.992198
vt 2.998104 0.882830
vt 2.460970 0.882830
vt 2.138727 0.140623
vt 2.140679 0.070314
s 0
usemtl assets/textures/Clouddiss_01
f 1/1/1 2/2/2 3/3/2
f 4/4/3 3/3/4 2/2/4
f 5/1/5 6/3/6 7/2/7
f 8/4/8 7/2/9 6/3/9
f 9/3/10 10/1/11 11/5/11
f 12/6/12 11/5/11 10/1/11
f 13/5/13 14/7/14 15/6/14
f 16/8/15 15/6/14 14/7/14
f 17/9/16 18/10/17 19/11/17
f 20/12/18 19/11/19 18/10/19
f 21/4/20 22/13/20 23/2/20
f 24/14/20 23/2/20 22/13/20
f 25/1/21 26/3/22 27/6/22
f 28/5/23 27/6/22 26/3/22
f 29/7/24 30/5/25 31/8/25
f 32/6/26 31/8/27 30/5/27
f 33/10/28 34/9/29 35/12/29
f 36/11/30 35/12/31 34/9/31
f 37/15/32 38/16/33 39/17/33
f 40/18/34 39/17/34 38/16/34
f 41/17/35 42/15/35 43/19/35
f 44/20/36 43/19/36 42/15/36
f 45/18/37 46/16/37 47/17/37
f 48/15/38 47/17/39 46/16/39
f 49/20/40 50/15/40 51/19/40
f 52/17/41 51/19/41 50/15/41
f 53/21/42 54/22/43 55/23/43
f 56/24/44 55/23/45 54/22/45
f 57/15/46 58/16/46 59/17/46
f 60/18/47 59/17/47 58/16/47
f 61/17/48 62/15/48 63/19/48
f 64/20/49 63/19/49 62/15/49
f 65/18/50 66/16/50 67/17/50
f 68/15/51 67/17/51 66/16/51
f 69/20/52 70/15/52 71/19/52
f 72/17/53 71/19/53 70/15/53
f 73/21/54 74/22/55 75/23/55
f 76/24/56 75/23/57 74/22/57
f 77/16/58 78/15/59 79/18/59
f 80/17/60 79/18/59 78/15/59
f 81/19/61 82/20/61 83/17/61
f 84/15/62 83/17/62 82/20/62
f 85/17/63 86/15/63 87/19/63
f 88/20/64 87/19/64 86/15/64
f 89/15/65 90/16/66 91/17/66
f 92/18/67 91/17/67 90/16/67
f 93/22/68 94/24/68 95/21/68
f 96/23/69 95/21/69 94/24/69
f 97/15/70 98/16/70 99/17/70
f 100/18/71 99/17/71 98/16/71
f 101/20/72 102/19/72 103/15/72
f 104/17/73 103/15/73 102/19/73
f 105/15/74 106/17/75 107/20/75
f 108/19/76 107/20/77 106/17/77
f 109/16/78 110/15/79 111/18/79
f 112/17/80 111/18/79 110/15/79
f 113/21/81 114/22/82 115/23/82
f 116/24/83 115/23/84 114/22/84
f 117/25/85 118/26/85 119/27/85
f 120/28/86 121/29/86 122/30/86
f 123/6/87 124/31/87 125/1/87
f 126/32/88 127/9/88 128/27/88
f 129/2/89 130/1/89 131/31/89
f 132/31/90 133/33/90 134/6/90
f 135/9/91 136/27/91 137/34/91
f 138/1/92 139/2/92 140/31/92
f 141/2/93 142/14/93 143/35/93
f 144/13/94 145/4/94 146/29/94
f 147/26/95 148/25/95 149/27/95
f 150/34/96 151/10/96 152/9/96
f 153/35/97 154/33/97 155/2/97
f 156/9/98 157/32/98 158/27/98
f 159/30/99 160/3/99 161/5/99
f 162/36/100 163/34/100 164/27/100
f 165/33/101 166/31/101 167/6/101
f 168/10/102 169/34/102 170/9/102
f 171/34/103 172/27/103 173/9/103
f 174/30/104 175/28/104 176/5/104
f 177/37/105 178/33/105 179/6/105
f 180/34/106 181/36/106 182/27/106
f 183/4/107 184/30/107 185/3/107
f 186/33/108 187/37/108 188/6/108
f 189/29/109 190/30/109 191/4/109
f 192/3/110 193/30/110 194/5/110
f 195/28/111 196/30/111 197/5/111
f 198/8/112 199/37/112 200/6/112
f 201/4/113 202/30/113 203/29/113
f 204/1/114 205/31/114 206/6/114
f 207/37/115 208/8/115 209/6/115
f 210/5/116 211/38/116 212/28/116
f 213/28/117 214/38/117 215/5/117
f 216/27/118 217/32/118 218/25/118
f 219/29/119 220/28/119 221/30/119
f 222/3/120 223/30/120 224/4/120
f 225/25/121 226/32/121 227/27/121
f 228/2/122 229/31/122 230/33/122
f 231/33/123 232/35/123 233/2/123
f 234/33/124 235/31/124 236/2/124
f 237/39/125 238/40/126 239/41/126
f 240/42/127 239/41/126 238/40/126
f 241/42/128 242/40/129 243/41/129
f 244/39/130 243/41/131 242/40/132
f 245/43/133 246/44/133 247/45/133
f 248/39/134 249/40/134 250/41/134
f 251/46/135 252/39/135 253/47/135
f 254/40/136 255/48/136 256/49/136
f 257/42/137 258/44/137 259/40/137
f 260/41/138 261/42/138 262/40/138
f 263/40/139 264/49/139 265/39/139
f 266/40/140 267/42/140 268/41/140
f 269/47/141 270/39/141 271/50/141
f 272/48/142 273/40/142 274/44/142
f 275/44/143 276/51/143 277/48/143
f 278/46/144 279/39/144 280/41/144
f 281/48/145 282/51/145 283/52/145
f 284/53/146 285/47/146 286/54/146
f 287/39/147 288/46/147 289/47/147
f 290/44/148 291/42/148 292/45/148
f 293/51/149 294/48/149 295/52/149
f 296/39/150 297/46/150 298/41/150
f 299/46/151 300/47/151 301/53/151
f 302/39/152 303/46/152 304/41/152
f 305/39/153 306/47/153 307/50/153
f 308/40/154 309/39/154 310/41/154
f 311/47/155 312/53/155 313/54/155
f 314/40/156 315/49/156 316/39/156
f 317/48/157 318/51/157 319/44/157
f 320/41/158 321/46/158 322/39/158
f 323/44/159 324/43/159 325/45/159
f 326/43/160 327/44/160 328/51/160
f 329/39/161 330/46/161 331/47/161
f 332/47/162 333/53/162 334/54/162
f 335/43/163 336/44/163 337/45/163
f 338/44/164 339/40/164 340/42/164
f 341/53/165 342/47/165 343/54/165
f 344/51/166 345/44/166 346/48/166
f 347/48/167 348/40/167 349/49/167
f 350/39/168 351/47/168 352/50/168
f 353/48/169 354/51/169 355/52/169
f 356/40/170 357/44/170 358/48/170
f 359/49/171 360/40/171 361/39/171
f 362/44/172 363/51/172 364/43/172
f 365/42/173 366/44/173 367/45/173
f 368/40/174 369/48/174 370/44/174
f 371/47/175 372/39/175 373/50/175
f 374/46/176 375/47/176 376/53/176
f 377/46/177 378/39/177 379/47/177
f 380/44/178 381/43/178 382/51/178
f 383/44/179 384/43/179 385/45/179
f 386/51/180 387/48/180 388/52/180
f 389/51/181 390/48/181 391/44/181
f 392/44/182 393/42/182 394/45/182
f 395/44/183 396/42/183 397/40/183
f 398/40/184 399/48/184 400/49/184
f 401/47/185 402/46/185 403/53/185
f 404/47/186 405/46/186 406/53/186
f 407/51/187 408/44/187 409/43/187
f 410/48/188 411/40/188 412/49/188
f 413/40/189 414/44/189 415/42/189
f 416/49/190 417/40/190 418/39/190
f 419/44/191 420/40/191 421/48/191
f 422/42/192 423/44/192 424/45/192
f 425/55/193 426/56/194 427/57/194
f 428/58/195 427/57/194 426/56/194
f 429/57/196 430/58/197 431/55/197
f 432/56/198 431/55/197 430/58/197
f 433/59/199 434/57/200 435/60/200
f 436/58/201 435/60/200 434/57/200
f 437/59/202 438/61/203 439/60/203
f 440/62/204 439/60/203 438/61/203
f 441/57/205 442/59/206 443/58/206
f 444/60/207 443/58/206 442/59/206
f 445/61/208 446/59/209 447/62/209
f 448/60/210 447/62/209 446/59/209
f 449/63/211 450/64/212 451/65/212
f 452/66/213 451/65/214 450/64/214
f 453/67/215 454/68/215 455/69/215
f 456/70/216 455/69/216 454/68/216
f 457/65/217 458/66/217 459/71/217
f 460/72/218 459/71/218 458/66/218
f 461/73/219 462/74/220 463/67/220
f 464/68/221 463/67/220 462/74/220
f 465/65/222 466/66/223 467/63/223
f 468/64/224 467/63/223 466/66/223
f 469/71/225 470/72/226 471/65/226
f 472/66/227 471/65/228 470/72/228
f 473/70/229 474/69/230 475/75/230
f 476/76/231 475/75/232 474/69/232
f 477/69/233 478/70/233 479/76/233
f 480/75/234 479/76/235 478/70/235
f 481/67/236 482/68/236 483/73/236
f 484/74/236 483/73/236 482/68/236
f 485/77/237 486/71/238 487/78/238
f 488/65/239 487/78/240 486/71/240
f 489/69/241 490/70/242 491/67/242
f 492/68/243 491/67/244 490/70/244
f 493/79/245 494/80/245 495/81/245
f 496/82/246 495/81/246 494/80/246
f 497/81/247 498/82/248 499/83/248
f 500/84/249 499/83/248 498/82/248
f 501/83/250 502/84/251 503/85/251
f 504/86/252 503/85/252 502/84/252
f 505/81/253 506/82/253 507/79/253
f 508/80/253 507/79/253 506/82/253
f 509/83/254 510/84/254 511/81/254
f 512/82/255 511/81/255 510/84/255
f 513/70/256 514/69/257 515/68/257
f 516/67/258 515/68/259 514/69/259
f 517/78/260 518/65/261 519/87/261
f 520/63/262 519/87/261 518/65/261
f 521/87/263 522/63/264 523/78/264
f 524/65/265 523/78/264 522/63/264
f 525/88/266 526/89/267 527/63/267
f 528/64/268 527/63/267 526/89/269
f 529/68/236 530/67/236 531/74/236
f 532/73/236 531/74/236 530/67/236
f 533/81/270 534/82/270 535/83/270
f 536/84/271 535/83/272 534/82/272
f 537/83/273 538/84/273 539/85/273
f 540/86/274 539/85/274 538/84/274
f 541/83/275 542/84/275 543/81/275
f 544/82/275 543/81/275 542/84/275
f 545/79/276 546/80/277 547/81/277
f 548/82/278 547/81/278 546/80/278
f 549/74/279 550/73/280 551/68/280
f 552/67/281 551/68/281 550/73/281
f 553/68/282 554/67/282 555/70/282
f 556/69/282 555/70/282 554/67/282
f 557/81/283 558/82/283 559/79/283
f 560/80/283 559/79/283 558/82/283
f 561/90/284 562/88/285 563/87/285
f 564/63/286 563/87/285 562/88/285
f 565/78/287 566/65/287 567/77/287
f 568/71/288 567/77/288 566/65/288
f 569/91/289 570/92/289 571/93/289
f 572/93/290 573/94/290 574/91/290
f 575/95/291 576/96/291 577/97/291
f 578/98/292 579/93/292 580/92/292
f 581/95/293 582/97/293 583/99/293
f 584/100/294 585/98/294 586/92/294
f 587/59/295 588/57/296 589/60/296
f 590/58/297 589/60/296 588/57/296
f 591/59/298 592/61/299 593/60/299
f 594/62/300 593/60/299 592/61/299
f 595/56/301 596/55/302 597/58/302
f 598/57/303 597/58/302 596/55/302
f 599/58/304 600/57/305 601/56/305
f 602/55/306 601/56/305 600/57/305
f 603/57/307 604/59/308 605/58/308
f 606/60/309 605/58/310 604/59/310
f 607/61/311 608/59/312 609/62/312
f 610/60/313 609/62/314 608/59/314
f 611/101/315 612/102/315 613/98/315
f 614/103/316 615/104/316 616/101/316
f 617/104/317 618/102/317 619/101/317
f 620/99/318 621/97/318 622/103/318
f 623/97/319 624/104/319 625/103/319
f 626/101/320 627/98/320 628/100/320
f 629/105/321 630/106/321 631/107/321
f 632/108/322 633/106/322 634/109/322
f 635/110/323 636/111/323 637/112/323
f 638/111/324 639/110/324 640/113/324
f 641/113/325 642/114/325 643/115/325
f 644/114/326 645/113/326 646/110/326
f 647/115/327 648/114/327 649/108/327
f 650/108/328 651/114/328 652/109/328
f 653/113/329 654/114/329 655/110/329
f 656/106/330 657/105/330 658/109/330
f 659/108/331 660/106/331 661/116/331
f 662/106/332 663/108/332 664/109/332
f 665/110/333 666/111/333 667/113/333
f 668/106/334 669/108/334 670/116/334
f 671/105/335 672/106/335 673/109/335
f 674/106/336 675/105/336 676/107/336
f 677/114/337 678/108/337 679/109/337
f 680/114/338 681/113/338 682/115/338
f 683/111/339 684/110/339 685/112/339
f 686/114/340 687/115/340 688/108/340
f 689/117/341 690/118/341 691/119/341
f 692/120/342 693/112/342 694/110/342
f 695/112/343 696/111/343 697/117/343
f 698/120/344 699/112/344 700/121/344
f 701/112/345 702/120/345 703/110/345
f 704/118/346 705/117/346 706/119/346
f 707/122/347 708/117/347 709/118/347
f 710/117/348 711/111/348 712/119/348
f 713/117/349 714/122/349 715/118/349
f 716/111/350 717/117/350 718/119/350
f 719/111/351 720/112/351 721/117/351
f 722/112/352 723/120/352 724/121/352
f 725/123/353 726/109/353 727/105/353
f 728/117/354 729/122/354 730/124/354
f 731/121/355 732/112/355 733/125/355
f 734/123/356 735/110/356 736/120/356
f 737/125/357 738/112/357 739/117/357
f 740/110/358 741/123/358 742/114/358
f 743/123/359 744/114/359 745/109/359
f 746/110/360 747/123/360 748/120/360
f 749/123/361 750/110/361 751/114/361
f 752/117/362 753/125/362 754/124/362
f 755/114/363 756/123/363 757/109/363
f 758/125/364 759/117/364 760/124/364
f 761/112/365 762/125/365 763/117/365
f 764/109/366 765/123/366 766/105/366
f 767/122/367 768/117/367 769/124/367
f 770/112/368 771/121/368 772/125/368
f 773/126/369 774/127/370 775/128/370
f 776/129/371 775/128/372 774/127/372
f 777/127/373 778/130/373 779/129/373
f 780/131/374 781/132/375 782/133/375
f 783/134/376 782/133/375 781/132/375
f 784/135/377 785/136/378 786/137/378
f 787/138/379 786/137/378 785/136/378
f 788/126/380 789/127/381 790/128/381
f 791/129/382 790/128/381 789/127/381
f 792/133/383 793/134/384 794/131/384
f 795/132/385 794/131/384 793/134/384
f 796/137/386 797/138/387 798/131/387
f 799/132/388 798/131/387 797/138/387
f 800/131/389 801/132/390 802/137/390
f 803/138/391 802/137/392 801/132/392
f 804/129/393 805/127/393 806/130/393
usemtl assets/textures/Clouddiss_02
f 807/139/394 808/140/394 809/141/394
usemtl assets/textures/Clouddiss_03
f 810/142/395 811/143/396 812/144/396
f 813/145/397 812/144/396 811/143/396
f 814/146/398 815/147/399 816/148/399
f 817/149/400 816/148/399 815/147/399
f 818/150/401 819/151/402 820/152/402
f 821/153/403 820/152/402 819/151/402
f 822/154/404 823/155/405 824/156/405
f 825/157/406 824/156/407 823/155/407
f 826/153/408 827/151/409 828/152/409
f 829/150/410 828/152/411 827/151/411
f 830/158/412 831/159/413 832/160/413
f 833/161/414 832/160/413 831/159/413
f 834/158/415 835/162/416 836/160/416
f 837/163/417 836/160/416 835/162/416
f 838/156/418 839/157/419 840/154/419
f 841/155/420 840/154/421 839/157/421
f 842/160/422 843/161/423 844/158/423
f 845/159/424 844/158/423 843/161/423
f 846/149/425 847/147/426 848/164/426
f 849/165/427 848/164/426 847/147/426
f 850/166/428 851/167/429 852/168/429
f 853/169/430 852/168/429 851/167/429
f 854/160/431 855/163/432 856/158/432
f 857/162/433 856/158/432 855/163/432
f 858/170/434 859/157/435 860/171/435
f 861/155/436 860/171/435 859/157/437
f 862/171/438 863/155/439 864/170/439
f 865/157/440 864/170/441 863/155/441
f 866/172/442 867/173/443 868/174/443
f 869/175/444 868/174/445 867/173/445
f 870/176/446 871/177/447 872/178/447
f 873/179/448 872/178/449 871/177/449
f 874/180/450 875/181/450 876/182/450
f 877/183/451 878/184/451 879/185/451
f 880/186/452 881/187/452 882/188/452
f 883/189/453 884/190/453 885/191/453
f 886/192/454 887/193/454 888/194/454
f 889/195/455 890/196/455 891/197/455
f 892/173/456 893/172/456 894/155/456
f 895/192/457 896/198/457 897/194/457
f 898/199/458 899/200/458 900/185/458
f 901/155/459 902/172/459 903/173/459
f 904/201/460 905/202/460 906/203/460
f 907/204/461 908/187/461 909/205/461
f 910/206/462 911/207/462 912/208/462
f 913/177/463 914/209/463 915/179/463
f 916/210/464 917/211/464 918/212/464
f 919/213/465 920/214/465 921/215/465
f 922/216/466 923/217/466 924/218/466
f 925/219/467 926/220/467 927/159/467
f 928/221/468 929/222/468 930/168/468
f 931/223/469 932/224/469 933/225/469
f 934/226/470 935/165/470 936/147/470
f 937/227/471 938/228/471 939/229/471
f 940/230/472 941/231/472 942/232/472
f 943/233/473 944/234/473 945/235/473
f 946/234/474 947/236/474 948/237/474
f 949/238/475 950/239/475 951/240/475
f 952/185/476 953/226/476 954/199/476
f 955/241/477 956/242/477 957/243/477
f 958/244/478 959/232/478 960/245/478
f 961/246/479 962/247/479 963/248/479
f 964/249/480 965/250/480 966/203/480
f 967/251/481 968/226/481 969/252/481
f 970/190/482 971/189/482 972/191/482
f 973/253/483 974/254/483 975/255/483
f 976/256/484 977/257/484 978/258/484
f 979/238/485 980/239/485 981/259/485
f 982/188/486 983/260/486 984/253/486
f 985/261/487 986/196/487 987/197/487
f 988/197/488 989/240/488 990/247/488
f 991/262/489 992/263/489 993/237/489
f 994/248/490 995/264/490 996/259/490
f 997/162/491 998/170/491 999/158/491
f 1000/265/492 1001/266/492 1002/267/492
f 1003/264/493 1004/248/493 1005/268/493
f 1006/234/494 1007/146/494 1008/235/494
f 1009/269/495 1010/270/495 1011/271/495
f 1012/147/496 1013/199/496 1014/226/496
f 1015/207/497 1016/208/497 1017/272/497
f 1018/273/498 1019/274/498 1020/182/498
f 1021/182/499 1022/181/499 1023/273/499
f 1024/152/500 1025/275/500 1026/156/500
f 1027/147/501 1028/146/501 1029/199/501
f 1030/196/502 1031/261/502 1032/198/502
f 1033/247/503 1034/239/503 1035/240/503
f 1036/162/504 1037/276/504 1038/163/504
f 1039/238/505 1040/277/505 1041/240/505
f 1042/239/506 1043/238/506 1044/240/506
f 1045/193/507 1046/192/507 1047/194/507
f 1048/239/508 1049/247/508 1050/248/508
f 1051/191/509 1052/278/509 1053/173/509
f 1054/170/510 1055/162/510 1056/158/510
f 1057/239/511 1058/238/511 1059/259/511
f 1060/279/512 1061/215/512 1062/280/512
f 1063/261/513 1064/277/513 1065/240/513
f 1066/281/514 1067/183/514 1068/185/514
f 1069/247/515 1070/275/515 1071/246/515
f 1072/232/516 1073/282/516 1074/245/516
f 1075/265/517 1076/267/517 1077/266/517
f 1078/248/518 1079/259/518 1080/264/518
f 1081/265/519 1082/267/519 1083/208/519
f 1084/283/520 1085/209/520 1086/179/520
f 1087/210/521 1088/211/521 1089/284/521
f 1090/219/522 1091/171/522 1092/155/522
f 1093/271/523 1094/241/523 1095/242/523
f 1096/272/524 1097/265/524 1098/208/524
f 1099/232/525 1100/244/525 1101/245/525
f 1102/285/526 1103/286/526 1104/287/526
f 1105/288/527 1106/289/527 1107/290/527
f 1108/270/528 1109/269/528 1110/271/528
f 1111/195/529 1112/156/529 1113/278/529
f 1114/291/530 1115/175/530 1116/292/530
f 1117/240/531 1118/277/531 1119/238/531
f 1120/293/532 1121/294/532 1122/196/532
f 1123/246/533 1124/275/533 1125/247/533
f 1126/240/534 1127/277/534 1128/261/534
f 1129/154/535 1130/173/535 1131/155/535
f 1132/295/536 1133/289/536 1134/288/536
f 1135/296/537 1136/297/537 1137/298/537
f 1138/150/538 1139/151/538 1140/268/538
f 1141/162/539 1142/163/539 1143/276/539
f 1144/218/540 1145/299/540 1146/216/540
f 1147/218/541 1148/217/541 1149/300/541
f 1150/301/542 1151/302/542 1152/144/542
f 1153/154/543 1154/155/543 1155/173/543
f 1156/174/544 1157/220/544 1158/292/544
f 1159/278/545 1160/191/545 1161/173/545
f 1162/299/546 1163/303/546 1164/218/546
f 1165/174/547 1166/220/547 1167/172/547
f 1168/300/548 1169/304/548 1170/217/548
f 1171/198/549 1172/192/549 1173/194/549
f 1174/191/550 1175/175/550 1176/173/550
f 1177/196/551 1178/261/551 1179/197/551
f 1180/158/552 1181/171/552 1182/170/552
f 1183/257/553 1184/208/553 1185/267/553
f 1186/153/554 1187/152/554 1188/170/554
f 1189/170/555 1190/152/555 1191/153/555
f 1192/162/556 1193/276/556 1194/170/556
f 1195/159/557 1196/219/557 1197/171/557
f 1198/220/558 1199/219/558 1200/159/558
f 1201/220/559 1202/303/559 1203/159/559
f 1204/300/560 1205/291/560 1206/292/560
f 1207/292/561 1208/291/561 1209/300/561
f 1210/257/562 1211/256/562 1212/258/562
f 1213/291/563 1214/292/563 1215/175/563
f 1216/305/564 1217/306/564 1218/200/564
f 1219/307/565 1220/277/565 1221/261/565
f 1222/200/566 1223/237/566 1224/305/566
f 1225/308/567 1226/145/567 1227/143/567
f 1228/190/568 1229/309/568 1230/189/568
f 1231/276/569 1232/162/569 1233/170/569
f 1234/305/570 1235/310/570 1236/306/570
f 1237/220/571 1238/174/571 1239/292/571
f 1240/311/572 1241/168/572 1242/169/572
f 1243/271/573 1244/270/573 1245/241/573
f 1246/299/574 1247/218/574 1248/216/574
f 1249/245/575 1250/206/575 1251/244/575
f 1252/220/576 1253/159/576 1254/303/576
f 1255/282/577 1256/232/577 1257/245/577
f 1258/161/578 1259/303/578 1260/159/578
f 1261/303/579 1262/161/579 1263/159/579
f 1264/152/580 1265/170/580 1266/157/580
f 1267/277/581 1268/307/581 1269/261/581
f 1270/248/582 1271/246/582 1272/268/582
f 1273/191/583 1274/189/583 1275/291/583
f 1276/155/584 1277/172/584 1278/219/584
f 1279/189/585 1280/291/585 1281/300/585
f 1282/300/586 1283/291/586 1284/189/586
f 1285/152/587 1286/157/587 1287/156/587
f 1288/208/588 1289/257/588 1290/258/588
f 1291/219/589 1292/172/589 1293/155/589
f 1294/242/590 1295/241/590 1296/243/590
f 1297/214/591 1298/312/591 1299/313/591
f 1300/314/592 1301/297/592 1302/296/592
f 1303/232/593 1304/244/593 1305/230/593
f 1306/173/594 1307/154/594 1308/278/594
f 1309/190/595 1310/293/595 1311/294/595
f 1312/206/596 1313/258/596 1314/208/596
f 1315/166/597 1316/222/597 1317/315/597
f 1318/295/598 1319/207/598 1320/272/598
f 1321/170/599 1322/171/599 1323/158/599
f 1324/304/600 1325/300/600 1326/189/600
f 1327/260/601 1328/187/601 1329/204/601
f 1330/284/602 1331/211/602 1332/210/602
f 1333/189/603 1334/300/603 1335/304/603
f 1336/237/604 1337/236/604 1338/262/604
f 1339/206/605 1340/245/605 1341/244/605
f 1342/249/606 1343/202/606 1344/316/606
f 1345/226/607 1346/185/607 1347/252/607
f 1348/317/608 1349/235/608 1350/146/608
f 1351/197/609 1352/196/609 1353/195/609
f 1354/318/610 1355/319/610 1356/320/610
f 1357/294/611 1358/190/611 1359/191/611
f 1360/291/612 1361/189/612 1362/191/612
f 1363/292/613 1364/174/613 1365/175/613
f 1366/291/614 1367/175/614 1368/191/614
f 1369/175/615 1370/174/615 1371/292/615
f 1372/227/616 1373/321/616 1374/228/616
f 1375/315/617 1376/322/617 1377/166/617
f 1378/191/618 1379/175/618 1380/291/618
f 1381/170/619 1382/153/619 1383/276/619
f 1384/232/620 1385/231/620 1386/230/620
f 1387/176/621 1388/178/621 1389/323/621
f 1390/218/622 1391/217/622 1392/216/622
f 1393/208/623 1394/265/623 1395/272/623
f 1396/210/624 1397/212/624 1398/324/624
f 1399/209/625 1400/283/625 1401/179/625
f 1402/325/626 1403/215/626 1404/279/626
f 1405/309/627 1406/304/627 1407/189/627
f 1408/171/628 1409/219/628 1410/159/628
f 1411/146/629 1412/234/629 1413/199/629
f 1414/303/630 1415/299/630 1416/218/630
f 1417/303/631 1418/299/631 1419/161/631
f 1420/299/632 1421/303/632 1422/161/632
f 1423/259/633 1424/248/633 1425/239/633
f 1426/212/634 1427/211/634 1428/210/634
f 1429/158/635 1430/159/635 1431/171/635
f 1432/171/636 1433/159/636 1434/158/636
f 1435/294/637 1436/278/637 1437/191/637
f 1438/253/638 1439/260/638 1440/254/638
f 1441/295/639 1442/326/639 1443/207/639
f 1444/264/640 1445/268/640 1446/248/640
f 1447/151/641 1448/150/641 1449/268/641
f 1450/275/642 1451/150/642 1452/246/642
f 1453/150/643 1454/275/643 1455/152/643
f 1456/150/644 1457/275/644 1458/246/644
f 1459/278/645 1460/156/645 1461/195/645
f 1462/217/646 1463/218/646 1464/300/646
f 1465/217/647 1466/304/647 1467/300/647
f 1468/278/648 1469/196/648 1470/195/648
f 1471/228/649 1472/321/649 1473/227/649
f 1474/187/650 1475/260/650 1476/188/650
f 1477/271/651 1478/241/651 1479/270/651
f 1480/195/652 1481/156/652 1482/275/652
f 1483/155/653 1484/171/653 1485/219/653
f 1486/294/654 1487/278/654 1488/196/654
f 1489/258/655 1490/257/655 1491/208/655
f 1492/239/656 1493/248/656 1494/259/656
f 1495/275/657 1496/156/657 1497/195/657
f 1498/327/658 1499/213/658 1500/215/658
f 1501/196/659 1502/278/659 1503/195/659
f 1504/278/660 1505/154/660 1506/156/660
f 1507/156/661 1508/154/661 1509/278/661
f 1510/208/662 1511/207/662 1512/206/662
f 1513/220/663 1514/219/663 1515/172/663
f 1516/156/664 1517/157/664 1518/152/664
f 1519/265/665 1520/208/665 1521/267/665
f 1522/302/666 1523/142/666 1524/144/666
f 1525/191/667 1526/278/667 1527/294/667
f 1528/207/668 1529/272/668 1530/208/668
f 1531/241/669 1532/271/669 1533/242/669
f 1534/328/670 1535/205/670 1536/187/670
f 1537/268/671 1538/246/671 1539/248/671
f 1540/196/672 1541/294/672 1542/293/672
f 1543/229/673 1544/228/673 1545/227/673
f 1546/164/674 1547/251/674 1548/329/674
f 1549/249/675 1550/203/675 1551/202/675
f 1552/156/676 1553/275/676 1554/152/676
f 1555/195/677 1556/275/677 1557/197/677
f 1558/258/678 1559/206/678 1560/208/678
f 1561/309/679 1562/189/679 1563/304/679
f 1564/268/680 1565/246/680 1566/150/680
f 1567/197/681 1568/247/681 1569/275/681
f 1570/170/682 1571/152/682 1572/157/682
f 1573/220/683 1574/303/683 1575/292/683
f 1576/185/684 1577/330/684 1578/281/684
f 1579/165/685 1580/251/685 1581/164/685
f 1582/309/686 1583/190/686 1584/189/686
f 1585/233/687 1586/236/687 1587/234/687
f 1588/261/688 1589/240/688 1590/197/688
f 1591/197/689 1592/240/689 1593/261/689
f 1594/292/690 1595/303/690 1596/220/690
f 1597/326/691 1598/244/691 1599/206/691
f 1600/196/692 1601/278/692 1602/294/692
f 1603/198/693 1604/261/693 1605/196/693
f 1606/275/694 1607/247/694 1608/197/694
f 1609/153/695 1610/170/695 1611/276/695
f 1612/275/696 1613/150/696 1614/152/696
f 1615/230/697 1616/244/697 1617/232/697
f 1618/262/698 1619/331/698 1620/263/698
f 1621/166/699 1622/168/699 1623/222/699
f 1624/229/700 1625/332/700 1626/228/700
f 1627/300/701 1628/218/701 1629/292/701
f 1630/150/702 1631/246/702 1632/268/702
f 1633/224/703 1634/223/703 1635/225/703
f 1636/317/704 1637/333/704 1638/235/704
f 1639/206/705 1640/207/705 1641/326/705
f 1642/190/706 1643/294/706 1644/191/706
f 1645/195/707 1646/197/707 1647/275/707
f 1648/334/708 1649/312/708 1650/214/708
f 1651/218/709 1652/303/709 1653/292/709
f 1654/292/710 1655/218/710 1656/300/710
f 1657/292/711 1658/303/711 1659/218/711
f 1660/146/712 1661/335/712 1662/317/712
f 1663/278/713 1664/154/713 1665/173/713
f 1666/336/714 1667/337/714 1668/338/714
f 1669/234/715 1670/237/715 1671/200/715
f 1672/251/716 1673/165/716 1674/226/716
f 1675/260/717 1676/339/717 1677/254/717
f 1678/340/718 1679/204/718 1680/205/718
f 1681/184/719 1682/252/719 1683/185/719
f 1684/204/720 1685/339/720 1686/260/720
f 1687/294/721 1688/293/721 1689/190/721
f 1690/200/722 1691/199/722 1692/234/722
f 1693/267/723 1694/208/723 1695/257/723
f 1696/240/724 1697/239/724 1698/247/724
f 1699/240/725 1700/197/725 1701/247/725
f 1702/247/726 1703/246/726 1704/248/726
f 1705/247/727 1706/239/727 1707/248/727
f 1708/341/728 1709/342/729 1710/343/729
f 1711/344/730 1710/343/731 1709/342/731
f 1712/343/732 1713/344/733 1714/341/733
f 1715/342/734 1714/341/733 1713/344/733
f 1716/345/735 1717/346/736 1718/347/736
f 1719/348/737 1718/347/736 1717/346/736
f 1720/349/738 1721/350/739 1722/351/739
f 1723/352/740 1722/351/741 1721/350/741
f 1724/353/742 1725/354/742 1726/355/742
f 1727/345/743 1728/356/743 1729/357/743
f 1730/358/744 1731/359/744 1732/346/744
f 1733/360/745 1734/359/745 1735/358/745
f 1736/361/746 1737/355/746 1738/362/746
f 1739/349/747 1740/342/747 1741/341/747
f 1742/345/748 1743/347/748 1744/356/748
f 1745/363/749 1746/356/749 1747/347/749
f 1748/364/750 1749/365/750 1750/366/750
f 1751/367/751 1752/365/751 1753/364/751
f 1754/346/752 1755/359/752 1756/348/752
f 1757/368/753 1758/369/753 1759/370/753
f 1760/359/754 1761/371/754 1762/348/754
f 1763/349/755 1764/351/755 1765/341/755
f 1766/354/756 1767/362/756 1768/355/756
f 1769/355/757 1770/361/757 1771/360/757
f 1772/359/758 1773/360/758 1774/371/758
f 1775/361/759 1776/371/759 1777/360/759
f 1778/372/760 1779/373/760 1780/347/760
f 1781/367/761 1782/364/761 1783/365/761
f 1784/364/762 1785/366/762 1786/365/762
f 1787/374/763 1788/375/763 1789/376/763
f 1790/375/764 1791/374/764 1792/376/764
f 1793/377/765 1794/374/765 1795/376/765
f 1796/374/766 1797/377/766 1798/376/766
f 1799/378/767 1800/377/767 1801/376/767
f 1802/378/768 1803/376/768 1804/377/768
f 1805/379/769 1806/380/769 1807/381/769
f 1808/344/770 1809/342/770 1810/382/770
f 1811/383/771 1812/380/771 1813/384/771
f 1814/369/772 1815/380/772 1816/384/772
f 1817/383/773 1818/384/773 1819/380/773
f 1820/380/774 1821/379/774 1822/381/774
f 1823/342/775 1824/344/775 1825/382/775
f 1826/369/776 1827/384/776 1828/380/776
f 1829/380/777 1830/379/777 1831/383/777
f 1832/369/778 1833/368/778 1834/384/778
f 1835/369/779 1836/384/779 1837/368/779
f 1838/351/780 1839/349/780 1840/341/780
f 1841/341/781 1842/342/781 1843/349/781
f 1844/379/782 1845/380/782 1846/383/782
f 1847/385/783 1848/386/783 1849/387/783
f 1850/388/784 1849/387/784 1848/386/784
f 1851/389/785 1852/390/785 1853/391/785
f 1854/392/786 1853/391/786 1852/390/786
f 1855/387/787 1856/388/788 1857/385/788
f 1858/386/789 1857/385/787 1856/388/787
f 1859/391/790 1860/392/790 1861/389/790
f 1862/390/791 1861/389/791 1860/392/791
f 1863/389/792 1864/390/792 1865/391/792
f 1866/392/793 1865/391/793 1864/390/793
f 1867/391/794 1868/392/794 1869/389/794
f 1870/390/791 1869/389/791 1868/392/791
f 1871/393/785 1872/389/785 1873/391/785
f 1874/385/795 1875/394/795 1876/387/795
f 1877/389/796 1878/393/796 1879/391/796
f 1880/394/797 1881/385/797 1882/387/797
f 1883/393/785 1884/389/785 1885/391/785
f 1886/389/794 1887/393/794 1888/391/794
f 1889/346/798 1890/345/799 1891/348/799
f 1892/347/800 1891/348/799 1890/345/799
f 1893/350/801 1894/349/802 1895/352/802
f 1896/351/803 1895/352/804 1894/349/804
f 1897/344/805 1898/343/806 1899/342/806
f 1900/341/807 1899/342/806 1898/343/806
f 1901/342/808 1902/341/809 1903/344/809
f 1904/343/810 1903/344/809 1902/341/809
f 1905/353/811 1906/355/811 1907/354/811
f 1908/345/812 1909/357/812 1910/356/812
f 1911/358/813 1912/346/813 1913/359/813
f 1914/360/814 1915/358/814 1916/359/814
f 1917/380/815 1918/379/815 1919/381/815
f 1920/344/816 1921/342/816 1922/382/816
f 1923/368/817 1924/369/817 1925/384/817
f 1926/384/818 1927/369/818 1928/380/818
f 1929/379/819 1930/380/819 1931/383/819
f 1932/364/820 1933/367/820 1934/365/820
f 1935/342/821 1936/344/821 1937/382/821
f 1938/365/822 1939/364/822 1940/366/822
f 1941/341/823 1942/342/823 1943/349/823
f 1944/355/824 1945/361/824 1946/362/824
f 1947/361/825 1948/355/825 1949/360/825
f 1950/380/826 1951/379/826 1952/383/826
f 1953/342/827 1954/341/827 1955/349/827
f 1956/341/828 1957/351/828 1958/349/828
f 1959/379/829 1960/380/829 1961/381/829
f 1962/366/830 1963/364/830 1964/365/830
f 1965/376/831 1966/378/831 1967/377/831
f 1968/347/832 1969/345/832 1970/356/832
f 1971/371/833 1972/361/833 1973/360/833
f 1974/371/834 1975/359/834 1976/348/834
f 1977/375/835 1978/374/835 1979/376/835
f 1980/362/836 1981/354/836 1982/355/836
f 1983/374/837 1984/375/837 1985/376/837
f 1986/356/838 1987/363/838 1988/347/838
f 1989/360/839 1990/359/839 1991/371/839
f 1992/384/840 1993/369/840 1994/368/840
f 1995/380/841 1996/369/841 1997/384/841
f 1998/349/842 1999/351/842 2000/341/842
f 2001/347/843 2002/372/843 2003/373/843
f 2004/359/844 2005/346/844 2006/348/844
f 2007/384/845 2008/383/845 2009/380/845
f 2010/365/846 2011/367/846 2012/364/846
f 2013/380/847 2014/383/847 2015/384/847
f 2016/369/848 2017/368/848 2018/370/848
f 2019/374/849 2020/377/849 2021/376/849
f 2022/377/850 2023/374/850 2024/376/850
f 2025/377/851 2026/378/851 2027/376/851
f 2028/395/852 2029/396/853 2030/397/853
f 2031/398/854 2030/397/855 2029/396/855
f 2032/399/856 2033/400/857 2034/395/857
f 2035/396/858 2034/395/857 2033/400/857
f 2036/401/859 2037/402/860 2038/403/860
f 2039/404/861 2038/403/862 2037/402/862
f 2040/405/863 2041/406/863 2042/407/863
f 2043/399/864 2044/408/864 2045/409/864
f 2046/410/865 2047/398/865 2048/396/865
f 2049/409/866 2050/408/866 2051/411/866
f 2052/396/867 2053/400/867 2054/412/867
f 2055/408/868 2056/399/868 2057/395/868
f 2058/397/869 2059/413/869 2060/395/869
f 2061/414/870 2062/415/870 2063/403/870
f 2064/396/871 2065/412/871 2066/410/871
f 2067/413/872 2068/402/872 2069/401/872
f 2070/403/873 2071/415/873 2072/416/873
f 2073/413/874 2074/408/874 2075/395/874
f 2076/408/875 2077/401/875 2078/411/875
f 2079/412/876 2080/400/876 2081/417/876
f 2082/401/877 2083/403/877 2084/416/877
f 2085/416/878 2086/411/878 2087/401/878
f 2088/401/879 2089/408/879 2090/413/879
f 2091/403/880 2092/404/880 2093/414/880
f 2094/416/881 2095/415/881 2096/418/881
f 2097/419/882 2098/420/883 2099/421/883
f 2100/422/884 2099/421/883 2098/420/883
f 2101/423/885 2102/424/885 2103/425/885
f 2104/426/885 2103/425/885 2102/424/885
f 2105/427/886 2106/428/887 2107/429/887
f 2108/430/888 2107/429/887 2106/428/887
f 2109/429/889 2110/430/890 2111/427/890
f 2112/428/891 2111/427/890 2110/430/890
f 2113/431/892 2114/432/892 2115/420/892
f 2116/433/893 2117/420/893 2118/432/893
f 2119/422/894 2120/420/894 2121/432/894
f 2122/422/895 2123/432/895 2124/420/895
f 2125/434/896 2126/433/896 2127/432/896
f 2128/435/885 2129/426/885 2130/424/885
f 2131/436/885 2132/435/885 2133/437/885
f 2134/437/885 2135/435/885 2136/424/885
f 2137/437/885 2138/438/885 2139/436/885
f 2140/428/897 2141/439/897 2142/440/897
f 2143/441/898 2144/439/898 2145/442/898
f 2146/439/899 2147/431/899 2148/442/899
f 2149/439/900 2150/428/900 2151/430/900
f 2152/428/901 2153/427/901 2154/440/901
f 2155/433/902 2156/439/902 2157/442/902
f 2158/433/903 2159/434/903 2160/439/903
f 2161/427/904 2162/428/904 2163/440/904
f 2164/439/905 2165/441/905 2166/442/905
f 2167/443/885 2168/436/885 2169/438/885
f 2170/440/906 2171/439/906 2172/428/906
f 2173/428/907 2174/439/907 2175/430/907
f 2176/430/908 2177/441/908 2178/439/908
f 2179/440/909 2180/432/909 2181/439/909
f 2182/431/910 2183/439/910 2184/432/910
f 2185/439/911 2186/441/911 2187/430/911
f 2188/440/912 2189/439/912 2190/434/912
f 2191/444/885 2192/443/885 2193/438/885
f 2194/445/913 2195/446/913 2196/447/913
f 2197/448/914 2198/449/914 2199/450/914
f 2200/445/915 2201/447/915 2202/451/915
f 2203/452/916 2204/453/916 2205/454/916
f 2206/455/917 2207/445/917 2208/456/917
f 2209/455/918 2210/453/918 2211/452/918
f 2212/446/919 2213/445/919 2214/455/919
f 2215/452/920 2216/446/920 2217/455/920
f 2218/457/921 2219/458/921 2220/459/921
f 2221/460/922 2222/457/922 2223/459/922
f 2224/458/923 2225/448/923 2226/450/923
f 2227/461/924 2228/462/924 2229/458/924
f 2230/458/925 2231/450/925 2232/461/925
f 2233/458/926 2234/462/926 2235/459/926
f 2236/449/927 2237/448/927 2238/463/927
f 2239/448/928 2240/458/928 2241/457/928
f 2242/464/929 2243/465/929 2244/466/929
f 2245/467/930 2246/468/930 2247/469/930
f 2248/470/931 2249/471/931 2250/467/931
f 2251/472/932 2252/473/932 2253/474/932
f 2254/475/933 2255/476/933 2256/477/933
f 2257/478/934 2258/479/934 2259/480/934
f 2260/230/935 2261/481/935 2262/482/935
f 2263/483/936 2264/484/936 2265/485/936
f 2266/486/937 2267/326/937 2268/295/937
f 2269/487/938 2270/488/938 2271/489/938
f 2272/478/939 2273/490/939 2274/491/939
f 2275/492/940 2276/493/940 2277/494/940
f 2278/495/941 2279/496/941 2280/497/941
f 2281/498/942 2282/497/942 2283/499/942
f 2284/467/943 2285/500/943 2286/470/943
f 2287/501/944 2288/496/944 2289/502/944
f 2290/503/945 2291/504/945 2292/475/945
f 2293/493/946 2294/505/946 2295/506/946
f 2296/507/947 2297/504/947 2298/503/947
f 2299/496/948 2300/494/948 2301/502/948
f 2302/485/949 2303/484/949 2304/508/949
f 2305/465/950 2306/509/950 2307/466/950
f 2308/473/951 2309/472/951 2310/474/951
f 2311/244/952 2312/326/952 2313/481/952
f 2314/313/953 2315/510/953 2316/214/953
f 2317/511/954 2318/512/954 2319/513/954
f 2320/514/955 2321/515/955 2322/516/955
f 2323/491/956 2324/479/956 2325/478/956
f 2326/517/957 2327/465/957 2328/464/957
f 2329/506/958 2330/494/958 2331/493/958
f 2332/505/959 2333/518/959 2334/506/959
f 2335/323/960 2336/519/960 2337/176/960
f 2338/497/961 2339/496/961 2340/499/961
f 2341/520/962 2342/510/962 2343/280/962
f 2344/340/963 2345/521/963 2346/204/963
f 2347/507/964 2348/522/964 2349/504/964
f 2350/500/965 2351/467/965 2352/523/965
f 2353/214/966 2354/510/966 2355/215/966
f 2356/496/967 2357/501/967 2358/499/967
f 2359/480/968 2360/524/968 2361/478/968
f 2362/478/969 2363/525/969 2364/490/969
f 2365/524/970 2366/525/970 2367/478/970
f 2368/526/971 2369/488/971 2370/487/971
f 2371/484/972 2372/508/972 2373/485/972
f 2374/517/973 2375/526/973 2376/487/973
f 2377/517/974 2378/464/974 2379/526/974
f 2380/475/975 2381/477/975 2382/503/975
f 2383/244/976 2384/481/976 2385/230/976
f 2386/485/977 2387/484/977 2388/508/977
f 2389/471/978 2390/468/978 2391/467/978
f 2392/516/979 2393/515/979 2394/527/979
f 2395/483/980 2396/484/980 2397/485/980
f 2398/204/981 2399/521/981 2400/339/981
f 2401/511/982 2402/513/982 2403/512/982
f 2404/510/983 2405/215/983 2406/325/983
f 2407/467/984 2408/469/984 2409/523/984
f 2410/528/985 2411/529/985 2412/530/985
f 2413/485/986 2414/483/986 2415/484/986
f 2416/477/987 2417/531/987 2418/503/987
f 2419/532/988 2420/533/988 2421/534/988
f 2422/295/989 2423/288/989 2424/535/989
f 2425/536/990 2426/501/990 2427/502/990
f 2428/537/991 2429/538/991 2430/273/991
f 2431/515/992 2432/516/992 2433/527/992
f 2434/539/993 2435/487/993 2436/540/993
f 2437/487/994 2438/539/994 2439/517/994
f 2440/476/995 2441/541/995 2442/540/995
f 2443/503/996 2444/531/996 2445/542/996
f 2446/543/997 2447/544/997 2448/545/997
f 2449/546/998 2450/547/998 2451/548/998
f 2452/549/999 2453/550/999 2454/274/999
f 2455/274/1000 2456/273/1000 2457/549/1000
f 2458/512/1001 2459/511/1001 2460/513/1001
f 2461/547/1002 2462/546/1002 2463/551/1002
f 2464/547/1003 2465/546/1003 2466/548/1003
f 2467/499/1004 2468/552/1004 2469/498/1004
f 2470/511/1005 2471/512/1005 2472/513/1005
f 2473/551/1006 2474/552/1006 2475/553/1006
f 2476/473/1007 2477/472/1007 2478/474/1007
f 2479/540/1008 2480/489/1008 2481/477/1008
f 2482/498/1009 2483/554/1009 2484/497/1009
f 2485/555/1010 2486/544/1010 2487/556/1010
f 2488/546/1011 2489/548/1011 2490/498/1011
f 2491/469/1012 2492/557/1012 2493/558/1012
f 2494/559/1013 2495/560/1013 2496/561/1013
f 2497/556/1014 2498/543/1014 2499/545/1014
f 2500/541/1015 2501/562/1015 2502/540/1015
f 2503/477/1016 2504/476/1016 2505/540/1016
f 2506/563/1017 2507/564/1017 2508/565/1017
f 2509/556/1018 2510/544/1018 2511/543/1018
f 2512/338/1019 2513/337/1019 2514/201/1019
f 2515/534/1020 2516/566/1020 2517/565/1020
f 2518/567/1021 2519/230/1021 2520/482/1021
f 2521/542/1022 2522/507/1022 2523/503/1022
f 2524/295/1023 2525/535/1023 2526/486/1023
f 2527/515/1024 2528/514/1024 2529/568/1024
f 2530/518/1025 2531/536/1025 2532/506/1025
f 2533/545/1026 2534/556/1026 2535/569/1026
f 2536/473/1027 2537/474/1027 2538/472/1027
f 2539/570/1028 2540/231/1028 2541/567/1028
f 2542/540/1029 2543/562/1029 2544/539/1029
f 2545/544/1030 2546/555/1030 2547/556/1030
f 2548/553/1031 2549/552/1031 2550/501/1031
f 2551/542/1032 2552/531/1032 2553/488/1032
f 2554/254/1033 2555/571/1033 2556/255/1033
f 2557/534/1034 2558/565/1034 2559/532/1034
f 2560/564/1035 2561/532/1035 2562/565/1035
f 2563/572/1036 2564/549/1036 2565/538/1036
f 2566/568/1037 2567/516/1037 2568/515/1037
f 2569/488/1038 2570/531/1038 2571/489/1038
f 2572/464/1039 2573/573/1039 2574/526/1039
f 2575/574/1040 2576/559/1040 2577/575/1040
f 2578/567/1041 2579/576/1041 2580/570/1041
f 2581/565/1042 2582/566/1042 2583/563/1042
f 2584/567/1043 2585/231/1043 2586/230/1043
f 2587/536/1044 2588/494/1044 2589/506/1044
f 2590/472/1045 2591/473/1045 2592/474/1045
f 2593/560/1046 2594/577/1046 2595/561/1046
f 2596/557/1047 2597/469/1047 2598/578/1047
f 2599/558/1048 2600/523/1048 2601/469/1048
f 2602/567/1049 2603/482/1049 2604/579/1049
f 2605/501/1050 2606/552/1050 2607/499/1050
f 2608/489/1051 2609/531/1051 2610/477/1051
f 2611/548/1052 2612/546/1052 2613/498/1052
f 2614/552/1053 2615/551/1053 2616/546/1053
f 2617/494/1054 2618/536/1054 2619/502/1054
f 2620/329/1055 2621/580/1055 2622/164/1055
f 2623/576/1056 2624/567/1056 2625/579/1056
f 2626/544/1057 2627/556/1057 2628/545/1057
f 2629/572/1058 2630/550/1058 2631/549/1058
f 2632/554/1059 2633/495/1059 2634/497/1059
f 2635/575/1060 2636/581/1060 2637/574/1060
f 2638/530/1061 2639/529/1061 2640/528/1061
f 2641/582/1062 2642/583/1062 2643/584/1062
f 2644/487/1063 2645/489/1063 2646/540/1063
f 2647/573/1064 2648/488/1064 2649/526/1064
f 2650/538/1065 2651/549/1065 2652/273/1065
f 2653/559/1066 2654/561/1066 2655/575/1066
f 2656/339/1067 2657/571/1067 2658/254/1067
f 2659/552/1068 2660/546/1068 2661/498/1068
f 2662/314/1069 2663/296/1069 2664/585/1069
f 2665/573/1070 2666/464/1070 2667/466/1070
f 2668/586/1071 2669/587/1072 2670/588/1072
f 2671/589/1073 2670/588/1074 2669/587/1074
f 2672/590/1075 2673/591/1076 2674/592/1076
f 2675/593/1077 2674/592/1076 2673/591/1078
f 2676/588/1079 2677/589/1080 2678/590/1080
f 2679/591/1081 2678/590/1080 2677/589/1082
f 2680/594/1083 2681/595/1084 2682/411/1084
f 2683/416/1085 2682/411/1084 2681/595/1084
f 2684/395/1086 2685/397/1087 2686/396/1087
f 2687/398/1088 2686/396/1087 2685/397/1087
f 2688/395/1089 2689/396/1090 2690/399/1090
f 2691/400/1091 2690/399/1092 2689/396/1092
f 2692/403/1093 2693/404/1094 2694/401/1094
f 2695/402/1095 2694/401/1094 2693/404/1094
f 2696/589/1096 2697/587/1096 2698/399/1096
f 2699/595/1097 2700/596/1097 2701/597/1097
f 2702/400/1098 2703/589/1098 2704/399/1098
f 2705/591/1099 2706/400/1099 2707/593/1099
f 2708/598/1100 2709/594/1100 2710/586/1100
f 2711/595/1101 2712/594/1101 2713/598/1101
f 2714/594/1102 2715/587/1102 2716/586/1102
f 2717/598/1103 2718/596/1103 2719/595/1103
f 2720/596/1104 2721/599/1104 2722/597/1104
f 2723/589/1105 2724/400/1105 2725/591/1105
f 2726/587/1106 2727/408/1106 2728/399/1106
f 2729/410/1107 2730/396/1107 2731/398/1107
f 2732/587/1108 2733/411/1108 2734/408/1108
f 2735/597/1109 2736/416/1109 2737/595/1109
f 2738/587/1110 2739/594/1110 2740/411/1110
f 2741/600/1111 2742/413/1111 2743/402/1111
f 2744/400/1112 2745/412/1112 2746/593/1112
f 2747/399/1113 2748/408/1113 2749/395/1113
f 2750/408/1114 2751/401/1114 2752/413/1114
f 2753/414/1115 2754/404/1115 2755/403/1115
f 2756/412/1116 2757/400/1116 2758/396/1116
f 2759/415/1117 2760/416/1117 2761/597/1117
f 2762/396/1118 2763/410/1118 2764/412/1118
f 2765/413/1119 2766/397/1119 2767/395/1119
f 2768/413/1120 2769/395/1120 2770/408/1120
f 2771/416/1121 2772/403/1121 2773/401/1121
f 2774/415/1122 2775/403/1122 2776/416/1122
f 2777/408/1123 2778/411/1123 2779/401/1123
f 2780/403/1124 2781/415/1124 2782/414/1124
f 2783/416/1125 2784/401/1125 2785/411/1125
f 2786/401/1126 2787/402/1126 2788/413/1126
f 2789/601/1127 2790/602/1128 2791/603/1128
f 2792/604/1129 2791/603/1128 2790/602/1128
f 2793/605/1130 2794/606/1131 2795/607/1131
f 2796/608/1132 2795/607/1131 2794/606/1131
f 2797/609/1133 2798/608/1134 2799/610/1134
f 2800/611/1135 2799/610/1134 2798/608/1136
f 2801/605/1137 2802/612/1138 2803/606/1138
f 2804/613/1139 2803/606/1140 2802/612/1140
f 2805/607/1141 2806/608/1142 2807/614/1142
f 2808/615/1143 2807/614/1142 2806/608/1142
f 2809/616/1144 2810/617/1145 2811/618/1145
f 2812/619/1146 2811/618/1145 2810/617/1145
f 2813/620/1147 2814/621/1148 2815/622/1148
f 2816/623/1149 2815/622/1148 2814/621/1148
f 2817/624/1150 2818/625/1151 2819/614/1151
f 2820/607/1152 2819/614/1153 2818/625/1153
f 2821/616/1154 2822/622/1155 2823/617/1155
f 2824/626/1156 2823/617/1155 2822/622/1155
f 2825/608/1157 2826/606/1158 2827/607/1158
f 2828/605/1159 2827/607/1160 2826/606/1160
f 2829/602/1161 2830/623/1162 2831/627/1162
f 2832/628/1163 2831/627/1164 2830/623/1164
f 2833/611/1165 2834/629/1166 2835/610/1166
f 2836/630/1167 2835/610/1166 2834/629/1166
f 2837/613/1168 2838/629/1169 2839/606/1169
f 2840/611/1170 2839/606/1171 2838/629/1171
f 2841/619/1172 2842/617/1173 2843/631/1173
f 2844/632/1174 2843/631/1173 2842/617/1173
f 2845/633/1175 2846/634/1176 2847/635/1176
f 2848/636/1177 2847/635/1178 2846/634/1178
f 2849/602/1179 2850/626/1179 2851/622/1179
f 2852/622/1180 2853/623/1180 2854/602/1180
f 2855/608/1181 2856/610/1181 2857/611/1181
f 2858/626/1182 2859/632/1182 2860/617/1182
f 2861/604/1183 2862/602/1183 2863/627/1183
f 2864/608/1184 2865/611/1184 2866/606/1184
f 2867/608/1185 2868/606/1185 2869/611/1185
f 2870/602/1186 2871/601/1186 2872/626/1186
f 2873/631/1187 2874/632/1187 2875/637/1187
f 2876/626/1188 2877/638/1188 2878/637/1188
f 2879/610/1189 2880/608/1189 2881/609/1189
f 2882/639/1190 2883/640/1190 2884/641/1190
f 2885/641/1191 2886/640/1191 2887/639/1191
f 2888/601/1192 2889/638/1192 2890/626/1192
f 2891/609/1193 2892/610/1193 2893/642/1193
f 2894/637/1194 2895/643/1194 2896/644/1194
f 2897/642/1195 2898/645/1195 2899/630/1195
f 2900/642/1196 2901/630/1196 2902/610/1196
f 2903/646/1197 2904/608/1197 2905/609/1197
f 2906/608/1198 2907/646/1198 2908/615/1198
f 2909/637/1199 2910/644/1199 2911/631/1199
f 2912/637/1200 2913/632/1200 2914/626/1200
f 2915/635/1201 2916/636/1201 2917/647/1201
f 2918/634/1202 2919/648/1202 2920/636/1202
f 2921/634/1203 2922/649/1203 2923/648/1203
f 2924/650/1204 2925/636/1204 2926/648/1204
f 2927/647/1205 2928/650/1205 2929/651/1205
f 2930/651/1206 2931/652/1206 2932/653/1206
f 2933/653/1207 2934/647/1207 2935/651/1207
f 2936/636/1208 2937/650/1208 2938/647/1208
f 2939/654/1209 2940/655/1209 2941/653/1209
f 2942/655/1210 2943/656/1210 2944/647/1210
f 2945/635/1211 2946/657/1211 2947/633/1211
f 2948/635/1212 2949/647/1212 2950/656/1212
f 2951/656/1213 2952/657/1213 2953/635/1213
f 2954/647/1214 2955/653/1214 2956/655/1214
f 2957/653/1215 2958/658/1215 2959/654/1215
f 2960/657/1216 2961/659/1216 2962/633/1216
f 2963/659/1217 2964/660/1217 2965/633/1217
f 2966/605/1218 2967/611/1219 2968/612/1219
f 2969/629/1220 2968/612/1221 2967/611/1221
f 2970/607/1222 2971/625/1223 2972/614/1223
f 2973/624/1224 2972/614/1225 2971/625/1225
f 2974/605/1226 2975/611/1227 2976/607/1227
f 2977/608/1228 2976/607/1227 2975/611/1227
f 2978/614/1229 2979/615/1230 2980/607/1230
f 2981/608/1231 2980/607/1230 2979/615/1230
f 2982/611/1232 2983/605/1233 2984/608/1233
f 2985/607/1234 2984/608/1233 2983/605/1233
f 2986/608/1235 2987/611/1235 2988/610/1235
f 2989/611/1236 2990/630/1236 2991/629/1236
f 2992/661/1237 2993/660/1237 2994/662/1237
f 2995/608/1238 2996/610/1238 2997/609/1238
f 2998/653/1239 2999/663/1239 3000/658/1239
f 3001/633/1240 3002/661/1240 3003/634/1240
f 3004/661/1241 3005/633/1241 3006/660/1241
f 3007/646/1242 3008/608/1242 3009/615/1242
f 3010/664/1243 3011/653/1243 3012/652/1243
f 3013/664/1244 3014/652/1244 3015/665/1244
f 3016/665/1245 3017/666/1245 3018/664/1245
f 3019/653/1246 3020/664/1246 3021/663/1246
f 3022/649/1247 3023/634/1247 3024/667/1247
f 3025/667/1248 3026/668/1248 3027/649/1248
f 3028/667/1249 3029/634/1249 3030/661/1249
f 3031/608/1250 3032/610/1250 3033/611/1250
f 3034/608/1251 3035/646/1251 3036/609/1251
f 3037/630/1252 3038/611/1252 3039/610/1252
f 3040/610/1253 3041/608/1253 3042/609/1253
f 3043/424/885 3044/423/885 3045/426/885
f 3046/425/885 3045/426/885 3044/423/885
f 3047/420/1254 3048/419/1255 3049/422/1255
f 3050/421/1256 3049/422/1255 3048/419/1255
f 3051/430/1257 3052/429/1258 3053/428/1258
f 3054/427/1259 3053/428/1258 3052/429/1258
f 3055/428/1260 3056/427/1261 3057/430/1261
f 3058/429/1262 3057/430/1261 3056/427/1261
f 3059/435/885 3060/437/885 3061/424/885
f 3062/420/1263 3063/422/1263 3064/432/1263
f 3065/432/1264 3066/422/1264 3067/420/1264
f 3068/426/885 3069/435/885 3070/424/885
f 3071/433/1265 3072/434/1265 3073/432/1265
f 3074/435/885 3075/436/885 3076/437/885
f 3077/432/1266 3078/431/1266 3079/420/1266
f 3080/420/1267 3081/433/1267 3082/432/1267
f 3083/428/1268 3084/439/1268 3085/440/1268
f 3086/430/1269 3087/428/1269 3088/439/1269
f 3089/440/1270 3090/439/1270 3091/428/1270
f 3092/439/1271 3093/441/1271 3094/442/1271
f 3095/430/1272 3096/441/1272 3097/439/1272
f 3098/427/1273 3099/440/1273 3100/428/1273
f 3101/436/885 3102/443/885 3103/438/885
f 3104/441/1274 3105/430/1274 3106/439/1274
f 3107/432/1275 3108/440/1275 3109/439/1275
f 3110/439/1276 3111/440/1276 3112/434/1276
f 3113/439/1277 3114/428/1277 3115/430/1277
f 3116/441/1278 3117/439/1278 3118/442/1278
f 3119/439/1279 3120/434/1279 3121/433/1279
f 3122/439/1280 3123/431/1280 3124/432/1280
f 3125/438/885 3126/437/885 3127/436/885
f 3128/442/1281 3129/431/1281 3130/439/1281
f 3131/439/1282 3132/433/1282 3133/442/1282
f 3134/440/1283 3135/427/1283 3136/428/1283
f 3137/443/885 3138/444/885 3139/438/885
f 3140/669/1284 3141/670/1284 3142/266/1284
f 3143/266/1285 3144/670/1285 3145/669/1285
f 3146/267/1286 3147/671/1286 3148/672/1286
f 3149/673/1287 3150/670/1287 3151/674/1287
f 3152/266/1288 3153/669/1288 3154/675/1288
f 3155/673/1289 3156/669/1289 3157/670/1289
f 3158/669/1290 3159/266/1290 3160/675/1290
f 3161/673/1291 3162/674/1291 3163/670/1291
f 3164/673/1292 3165/670/1292 3166/669/1292
f 3167/676/1293 3168/672/1293 3169/267/1293
f 3170/672/1294 3171/671/1294 3172/267/1294
f 3173/672/1295 3174/676/1295 3175/267/1295
f 3176/267/1296 3177/676/1296 3178/257/1296
f 3179/676/1297 3180/267/1297 3181/257/1297
f 3182/267/1298 3183/671/1298 3184/675/1298
f 3185/266/1299 3186/267/1299 3187/675/1299
f 3188/267/1300 3189/266/1300 3190/675/1300
f 3191/675/1301 3192/671/1301 3193/267/1301
f 3194/634/1302 3195/633/1303 3196/636/1303
f 3197/635/1304 3196/636/1305 3195/633/1305
f 3198/677/1306 3199/678/1307 3200/679/1307
f 3201/680/1308 3200/679/1307 3199/678/1307
f 3202/677/1309 3203/678/1310 3204/681/1310
f 3205/682/1311 3204/681/1310 3203/678/1310
f 3206/678/1312 3207/677/1313 3208/682/1313
f 3209/681/1314 3208/682/1315 3207/677/1315
f 3210/683/1316 3211/682/1317 3212/684/1317
f 3213/685/1318 3212/684/1317 3211/682/1317
f 3214/686/1319 3215/685/1320 3216/681/1320
f 3217/682/1321 3216/681/1320 3215/685/1320
f 3218/634/1322 3219/636/1322 3220/648/1322
f 3221/653/1323 3222/652/1323 3223/651/1323
f 3224/647/1324 3225/653/1324 3226/651/1324
f 3227/647/1325 3228/650/1325 3229/636/1325
f 3230/636/1326 3231/635/1326 3232/647/1326
f 3233/634/1327 3234/648/1327 3235/649/1327
f 3236/636/1328 3237/650/1328 3238/648/1328
f 3239/651/1329 3240/650/1329 3241/647/1329
f 3242/633/1330 3243/634/1330 3244/661/1330
f 3245/653/1331 3246/658/1331 3247/663/1331
f 3248/661/1332 3249/660/1332 3250/633/1332
f 3251/687/1333 3252/686/1333 3253/681/1333
f 3254/661/1334 3255/662/1334 3256/660/1334
f 3257/681/1335 3258/688/1335 3259/689/1335
f 3260/681/1336 3261/689/1336 3262/677/1336
f 3263/677/1337 3264/679/1337 3265/690/1337
f 3266/665/1338 3267/664/1338 3268/666/1338
f 3269/667/1339 3270/649/1339 3271/668/1339
f 3272/653/1340 3273/664/1340 3274/652/1340
f 3275/649/1341 3276/667/1341 3277/634/1341
f 3278/667/1342 3279/661/1342 3280/634/1342
f 3281/690/1343 3282/689/1343 3283/677/1343
f 3284/664/1344 3285/665/1344 3286/652/1344
f 3287/653/1345 3288/663/1345 3289/664/1345
f 3290/681/1346 3291/677/1346 3292/689/1346
f 3293/681/1347 3294/688/1347 3295/687/1347
f 3296/689/1348 3297/688/1348 3298/681/1348
f 3299/691/1349 3300/692/1350 3301/693/1350
f 3302/694/1351 3301/693/1350 3300/692/1350
f 3303/695/1352 3304/696/1353 3305/697/1353
f 3306/698/1354 3305/697/1355 3304/696/1353
f 3307/679/1356 3308/677/1357 3309/699/1357
f 3310/700/1358 3309/699/1357 3308/677/1357
f 3311/701/1359 3312/702/1360 3313/695/1360
f 3314/696/1361 3313/695/1360 3312/702/1360
f 3315/703/1362 3316/678/1363 3317/681/1363
f 3318/682/1364 3317/681/1363 3316/678/1363
f 3319/680/1365 3320/678/1366 3321/704/1366
f 3322/703/1367 3321/704/1368 3320/678/1368
f 3323/681/1369 3324/682/1370 3325/686/1370
f 3326/685/1371 3325/686/1370 3324/682/1370
f 3327/684/1372 3328/683/1373 3329/685/1373
f 3330/682/1374 3329/685/1375 3328/683/1375
f 3331/703/1376 3332/681/1377 3333/678/1377
f 3334/682/1378 3333/678/1379 3332/681/1379
f 3335/693/1380 3336/705/1381 3337/706/1381
f 3338/707/1382 3337/706/1381 3336/705/1381
f 3339/694/1383 3340/701/1384 3341/708/1384
f 3342/695/1385 3341/708/1386 3340/701/1386
f 3343/679/1387 3344/704/1388 3345/677/1388
f 3346/703/1389 3345/677/1388 3344/704/1388
f 3347/709/1390 3348/710/1391 3349/651/1391
f 3350/705/1392 3349/651/1393 3348/710/1393
f 3351/681/1394 3352/688/1395 3353/677/1395
f 3354/700/1396 3353/677/1395 3352/688/1395
f 3355/694/1397 3356/708/1397 3357/705/1397
f 3358/705/1398 3359/693/1398 3360/694/1398
f 3361/681/1399 3362/677/1399 3363/700/1399
f 3364/708/1400 3365/695/1400 3366/697/1400
f 3367/705/1401 3368/710/1401 3369/707/1401
f 3370/677/1402 3371/681/1402 3372/703/1402
f 3373/703/1403 3374/681/1403 3375/677/1403
f 3376/690/1404 3377/700/1404 3378/689/1404
f 3379/705/1405 3380/708/1405 3381/651/1405
f 3382/690/1406 3383/699/1406 3384/700/1406
f 3385/711/1407 3386/712/1407 3387/713/1407
f 3388/687/1408 3389/688/1408 3390/681/1408
f 3391/698/1409 3392/714/1409 3393/648/1409
f 3394/708/1410 3395/697/1410 3396/648/1410
f 3397/708/1411 3398/650/1411 3399/651/1411
f 3400/681/1412 3401/686/1412 3402/687/1412
f 3403/697/1413 3404/698/1413 3405/648/1413
f 3406/650/1414 3407/708/1414 3408/648/1414
f 3409/688/1415 3410/681/1415 3411/700/1415
f 3412/712/1416 3413/711/1416 3414/713/1416
f 3415/688/1417 3416/689/1417 3417/700/1417
f 3418/648/1418 3419/714/1418 3420/649/1418
f 3421/656/1419 3422/647/1419 3423/635/1419
f 3424/656/1420 3425/655/1420 3426/647/1420
f 3427/633/1421 3428/660/1421 3429/657/1421
f 3430/657/1422 3431/656/1422 3432/635/1422
f 3433/657/1423 3434/635/1423 3435/633/1423
f 3436/658/1424 3437/653/1424 3438/655/1424
f 3439/655/1425 3440/653/1425 3441/647/1425
f 3442/655/1426 3443/654/1426 3444/658/1426
f 3445/433/1427 3446/341/1427 3447/343/1427
f 3448/341/1428 3449/431/1428 3450/442/1428
f 3451/352/1429 3452/420/1429 3453/351/1429
f 3454/343/1430 3455/442/1430 3456/433/1430
f 3457/420/1431 3458/351/1431 3459/341/1431
f 3460/431/1432 3461/341/1432 3462/351/1432
f 3463/442/1433 3464/343/1433 3465/341/1433
f 3466/351/1434 3467/420/1434 3468/431/1434
f 3469/341/1435 3470/433/1435 3471/420/1435
f 3472/420/1436 3473/352/1436 3474/419/1436
f 3475/420/1437 3476/351/1437 3477/431/1437
f 3478/433/1438 3479/341/1438 3480/420/1438
f 3481/352/1439 3482/420/1439 3483/419/1439
f 3484/442/1440 3485/343/1440 3486/433/1440
f 3487/351/1441 3488/420/1441 3489/352/1441
f 3490/343/1442 3491/442/1442 3492/341/1442
f 3493/341/1443 3494/431/1443 3495/351/1443
f 3496/351/1444 3497/420/1444 3498/341/1444
f 3499/341/1445 3500/433/1445 3501/343/1445
f 3502/431/1446 3503/341/1446 3504/442/1446
f 3505/715/1447 3506/716/1447 3507/462/1447
f 3508/717/1448 3509/718/1448 3510/719/1448
f 3511/716/1449 3512/715/1449 3513/462/1449
f 3514/717/1450 3515/720/1450 3516/721/1450
f 3517/722/1451 3518/459/1451 3519/462/1451
f 3520/717/1452 3521/721/1452 3522/720/1452
f 3523/716/1453 3524/723/1453 3525/462/1453
f 3526/719/1454 3527/718/1454 3528/717/1454
f 3529/724/1455 3530/723/1455 3531/725/1455
f 3532/726/1456 3533/719/1456 3534/717/1456
f 3535/725/1457 3536/722/1457 3537/727/1457
f 3538/721/1458 3539/717/1458 3540/718/1458
f 3541/462/1459 3542/459/1459 3543/722/1459
f 3544/462/1460 3545/723/1460 3546/722/1460
f 3547/723/1461 3548/462/1461 3549/722/1461
f 3550/724/1462 3551/725/1462 3552/723/1462
f 3553/719/1463 3554/726/1463 3555/717/1463
f 3556/725/1464 3557/727/1464 3558/722/1464
f 3559/721/1465 3560/718/1465 3561/717/1465
f 3562/725/1466 3563/722/1466 3564/723/1466
f 3565/724/1467 3566/723/1467 3567/716/1467
f 3568/723/1468 3569/724/1468 3570/716/1468
f 3571/722/1469 3572/725/1469 3573/723/1469
f 3574/462/1470 3575/723/1470 3576/716/1470
f 3577/445/1471 3578/726/1471 3579/456/1471
f 3580/726/1472 3581/445/1472 3582/717/1472
f 3583/451/1473 3584/728/1473 3585/720/1473
f 3586/451/1474 3587/717/1474 3588/445/1474
f 3589/720/1475 3590/717/1475 3591/451/1475
f 3592/459/1476 3593/722/1476 3594/460/1476
f 3595/722/1477 3596/729/1477 3597/460/1477
f 3598/730/1478 3599/731/1479 3600/732/1479
f 3601/733/1480 3600/732/1479 3599/731/1479
f 3602/732/1481 3603/733/1482 3604/730/1482
f 3605/731/1483 3604/730/1482 3603/733/1482
f 3606/727/1484 3607/725/1484 3608/734/1484
f 3609/725/1485 3610/735/1485 3611/724/1485
f 3612/735/1486 3613/725/1486 3614/724/1486
f 3615/725/1487 3616/734/1487 3617/735/1487
f 3618/727/1488 3619/734/1488 3620/725/1488
f 3621/725/1489 3622/735/1489 3623/734/1489
f 3624/718/1490 3625/736/1490 3626/737/1490
f 3627/719/1491 3628/736/1491 3629/718/1491
f 3630/718/1492 3631/737/1492 3632/736/1492
f 3633/737/1493 3634/718/1493 3635/721/1493
f 3636/719/1494 3637/736/1494 3638/738/1494
f 3639/727/1495 3640/734/1495 3641/739/1495
f 3642/736/1496 3643/719/1496 3644/738/1496
f 3645/718/1497 3646/737/1497 3647/721/1497
f 3648/734/1498 3649/727/1498 3650/739/1498
f 3651/719/1499 3652/718/1499 3653/736/1499
f 3654/740/1500 3655/345/1501 3656/741/1501
f 3657/346/1502 3656/741/1503 3655/345/1503
f 3658/742/1504 3659/743/1505 3660/744/1505
f 3661/745/1506 3660/744/1507 3659/743/1505
f 3662/744/1508 3663/745/1509 3664/741/1509
f 3665/740/1510 3664/741/1509 3663/745/1509
f 3666/746/1511 3667/360/1512 3668/747/1512
f 3669/355/1513 3668/747/1512 3667/360/1512
f 3670/748/1514 3671/743/1515 3672/749/1515
f 3673/742/1516 3672/749/1517 3671/743/1515
f 3674/750/1518 3675/751/1519 3676/752/1519
f 3677/753/1520 3676/752/1521 3675/751/1521
f 3678/747/1522 3679/752/1523 3680/746/1523
f 3681/753/1524 3680/746/1525 3679/752/1525
f 3682/754/1526 3683/755/1527 3684/756/1527
f 3685/757/1528 3684/756/1529 3683/755/1530
f 3686/758/1531 3687/740/1531 3688/759/1531
f 3689/760/1532 3690/751/1532 3691/761/1532
f 3692/346/1533 3693/358/1533 3694/762/1533
f 3695/743/1534 3696/758/1534 3697/759/1534
f 3698/743/1535 3699/763/1535 3700/758/1535
f 3701/760/1536 3702/742/1536 3703/744/1536
f 3704/353/1537 3705/747/1537 3706/355/1537
f 3707/741/1538 3708/762/1538 3709/764/1538
f 3710/764/1539 3711/746/1539 3712/760/1539
f 3713/357/1540 3714/740/1540 3715/758/1540
f 3716/358/1541 3717/360/1541 3718/746/1541
f 3719/744/1542 3720/741/1542 3721/764/1542
f 3722/747/1543 3723/353/1543 3724/765/1543
f 3725/357/1544 3726/345/1544 3727/740/1544
f 3728/358/1545 3729/746/1545 3730/762/1545
f 3731/764/1546 3732/760/1546 3733/744/1546
f 3734/762/1547 3735/741/1547 3736/346/1547
f 3737/763/1548 3738/743/1548 3739/748/1548
f 3740/760/1549 3741/761/1549 3742/766/1549
f 3743/742/1550 3744/760/1550 3745/766/1550
f 3746/762/1551 3747/746/1551 3748/764/1551
f 3749/761/1552 3750/751/1552 3751/767/1552
f 3752/768/1553 3753/763/1553 3754/748/1553
f 3755/769/1554 3756/767/1554 3757/751/1554
f 3758/770/1555 3759/749/1555 3760/771/1555
f 3761/772/1556 3762/768/1556 3763/770/1556
f 3764/768/1557 3765/772/1557 3766/773/1557
f 3767/769/1558 3768/774/1558 3769/754/1558
f 3770/767/1559 3771/775/1559 3772/761/1559
f 3773/775/1560 3774/776/1560 3775/771/1560
f 3776/766/1561 3777/761/1561 3778/775/1561
f 3779/775/1562 3780/767/1562 3781/756/1562
f 3782/770/1563 3783/776/1563 3784/777/1563
f 3785/772/1564 3786/770/1564 3787/777/1564
f 3788/754/1565 3789/774/1565 3790/778/1565
f 3791/756/1566 3792/757/1566 3793/775/1566
f 3794/733/1567 3795/731/1567 3796/757/1567
f 3797/767/1568 3798/769/1568 3799/754/1568
f 3800/771/1569 3801/776/1569 3802/770/1569
f 3803/766/1570 3804/775/1570 3805/771/1570
f 3806/767/1571 3807/754/1571 3808/756/1571
f 3809/774/1572 3810/769/1572 3811/779/1572
f 3812/748/1573 3813/770/1573 3814/768/1573
f 3815/749/1574 3816/770/1574 3817/748/1574
f 3818/750/1575 3819/779/1575 3820/769/1575
f 3821/750/1576 3822/780/1576 3823/781/1576
f 3824/779/1577 3825/750/1577 3826/781/1577
f 3827/769/1578 3828/751/1578 3829/750/1578
f 3830/780/1579 3831/750/1579 3832/752/1579
f 3833/751/1580 3834/760/1580 3835/753/1580
f 3836/752/1581 3837/765/1581 3838/780/1581
f 3839/765/1582 3840/752/1582 3841/747/1582
f 3842/753/1583 3843/760/1583 3844/746/1583
f 3845/778/1584 3846/733/1584 3847/755/1584
f 3848/757/1585 3849/755/1585 3850/733/1585
f 3851/782/1586 3852/757/1586 3853/731/1586
f 3854/775/1587 3855/757/1587 3856/782/1587
f 3857/776/1588 3858/775/1588 3859/782/1588
f 3860/778/1589 3861/755/1589 3862/754/1589
f 3863/776/1590 3864/783/1590 3865/777/1590
f 3866/783/1591 3867/776/1591 3868/784/1591
f 3869/782/1592 3870/785/1592 3871/784/1592
f 3872/782/1593 3873/730/1593 3874/785/1593
f 3875/782/1594 3876/731/1594 3877/730/1594
f 3878/782/1595 3879/784/1595 3880/776/1595
f 3881/755/1596 3882/754/1597 3883/757/1597
f 3884/756/1598 3883/757/1597 3882/754/1597
f 3885/770/1599 3886/776/1599 3887/771/1599
f 3888/771/1600 3889/776/1600 3890/775/1600
f 3891/775/1601 3892/756/1601 3893/767/1601
f 3894/770/1602 3895/777/1602 3896/776/1602
f 3897/772/1603 3898/777/1603 3899/770/1603
f 3900/774/1604 3901/769/1604 3902/754/1604
f 3903/756/1605 3904/775/1605 3905/757/1605
f 3906/733/1606 3907/757/1606 3908/731/1606
f 3909/767/1607 3910/754/1607 3911/769/1607
f 3912/774/1608 3913/754/1608 3914/778/1608
f 3915/771/1609 3916/749/1609 3917/770/1609
f 3918/775/1610 3919/766/1610 3920/771/1610
f 3921/754/1611 3922/767/1611 3923/756/1611
f 3924/769/1612 3925/774/1612 3926/779/1612
f 3927/770/1613 3928/749/1613 3929/748/1613
f 3930/775/1614 3931/761/1614 3932/766/1614
f 3933/768/1615 3934/770/1615 3935/748/1615
f 3936/768/1616 3937/772/1616 3938/770/1616
f 3939/772/1617 3940/768/1617 3941/773/1617
f 3942/767/1618 3943/761/1618 3944/775/1618
f 3945/783/1619 3946/776/1619 3947/777/1619
f 3948/776/1620 3949/783/1620 3950/784/1620
f 3951/782/1621 3952/730/1621 3953/731/1621
f 3954/784/1622 3955/782/1622 3956/776/1622
f 3957/782/1623 3958/784/1623 3959/785/1623
f 3960/782/1624 3961/785/1624 3962/730/1624
f 3963/782/1625 3964/731/1625 3965/757/1625
f 3966/775/1626 3967/782/1626 3968/757/1626
f 3969/778/1627 3970/754/1627 3971/755/1627
f 3972/778/1628 3973/755/1628 3974/733/1628
f 3975/775/1629 3976/776/1629 3977/782/1629
f 3978/757/1630 3979/733/1630 3980/755/1630
f 3981/451/1631 3982/720/1631 3983/728/1631
f 3984/451/1632 3985/445/1632 3986/717/1632
f 3987/720/1633 3988/451/1633 3989/717/1633
f 3990/445/1634 3991/456/1634 3992/726/1634
f 3993/445/1635 3994/726/1635 3995/717/1635
f 3996/729/1636 3997/722/1636 3998/460/1636
f 3999/460/1637 4000/722/1637 4001/459/1637
f 4002/745/1638 4003/744/1639 4004/740/1639
f 4005/741/1640 4004/740/1639 4003/744/1639
f 4006/360/1641 4007/746/1642 4008/355/1642
f 4009/747/1643 4008/355/1642 4007/746/1642
f 4010/741/1644 4011/346/1645 4012/740/1645
f 4013/345/1646 4012/740/1647 4011/346/1647
f 4014/743/1648 4015/742/1649 4016/745/1649
f 4017/744/1650 4016/745/1651 4015/742/1651
f 4018/748/1652 4019/749/1653 4020/743/1653
f 4021/742/1654 4020/743/1653 4019/749/1653
f 4022/753/1655 4023/751/1656 4024/752/1656
f 4025/750/1657 4024/752/1656 4023/751/1656
f 4026/752/1658 4027/747/1659 4028/753/1659
f 4029/746/1660 4028/753/1661 4027/747/1661
f 4030/743/1662 4031/758/1662 4032/763/1662
f 4033/741/1663 4034/744/1663 4035/764/1663
f 4036/353/1664 4037/355/1664 4038/747/1664
f 4039/741/1665 4040/764/1665 4041/762/1665
f 4042/743/1666 4043/763/1666 4044/748/1666
f 4045/764/1667 4046/760/1667 4047/746/1667
f 4048/357/1668 4049/758/1668 4050/740/1668
f 4051/358/1669 4052/746/1669 4053/360/1669
f 4054/747/1670 4055/765/1670 4056/353/1670
f 4057/357/1671 4058/740/1671 4059/345/1671
f 4060/358/1672 4061/762/1672 4062/746/1672
f 4063/346/1673 4064/762/1673 4065/358/1673
f 4066/762/1674 4067/764/1674 4068/746/1674
f 4069/741/1675 4070/762/1675 4071/346/1675
f 4072/766/1676 4073/761/1676 4074/760/1676
f 4075/760/1677 4076/742/1677 4077/766/1677
f 4078/744/1678 4079/760/1678 4080/764/1678
f 4081/760/1679 4082/761/1679 4083/751/1679
f 4084/759/1680 4085/740/1680 4086/758/1680
f 4087/744/1681 4088/742/1681 4089/760/1681
f 4090/758/1682 4091/743/1682 4092/759/1682
f 4093/761/1683 4094/767/1683 4095/751/1683
f 4096/763/1684 4097/768/1684 4098/748/1684
f 4099/769/1685 4100/751/1685 4101/767/1685
f 4102/779/1686 4103/750/1686 4104/769/1686
f 4105/750/1687 4106/781/1687 4107/780/1687
f 4108/779/1688 4109/781/1688 4110/750/1688
f 4111/769/1689 4112/750/1689 4113/751/1689
f 4114/760/1690 4115/751/1690 4116/753/1690
f 4117/752/1691 4118/780/1691 4119/765/1691
f 4120/765/1692 4121/747/1692 4122/752/1692
f 4123/752/1693 4124/750/1693 4125/780/1693
f 4126/753/1694 4127/746/1694 4128/760/1694
f 4129/786/1695 4130/787/1695 4131/788/1695
f 4132/789/1696 4133/790/1696 4134/787/1696
f 4135/787/1697 4136/790/1697 4137/789/1697
f 4138/787/1698 4139/786/1698 4140/788/1698
f 4141/791/1699 4142/786/1699 4143/788/1699
f 4144/792/1700 4145/793/1700 4146/794/1700
f 4147/795/1701 4148/796/1701 4149/797/1701
f 4150/798/1702 4151/788/1702 4152/791/1702
f 4153/794/1703 4154/797/1703 4155/793/1703
f 4156/797/1704 4157/799/1704 4158/793/1704
f 4159/795/1705 4160/800/1705 4161/801/1705
f 4162/799/1706 4163/795/1706 4164/797/1706
f 4165/795/1707 4166/801/1707 4167/800/1707
f 4168/794/1708 4169/793/1708 4170/797/1708
f 4171/797/1709 4172/796/1709 4173/795/1709
f 4174/793/1710 4175/802/1710 4176/803/1710
f 4177/793/1711 4178/792/1711 4179/794/1711
f 4180/793/1712 4181/802/1712 4182/792/1712
f 4183/795/1713 4184/801/1713 4185/804/1713
f 4186/805/1714 4187/798/1714 4188/791/1714
f 4189/798/1715 4190/806/1715 4191/805/1715
f 4192/807/1716 4193/787/1716 4194/789/1716
f 4195/800/1717 4196/795/1717 4197/796/1717
f 4198/787/1718 4199/807/1718 4200/789/1718
f 4201/786/1719 4202/790/1719 4203/787/1719
f 4204/802/1720 4205/793/1720 4206/803/1720
f 4207/802/1721 4208/793/1721 4209/792/1721
f 4210/798/1722 4211/805/1722 4212/806/1722
f 4213/798/1723 4214/805/1723 4215/791/1723
f 4216/795/1724 4217/804/1724 4218/801/1724
f 4219/795/1725 4220/800/1725 4221/796/1725
f 4222/793/1726 4223/799/1726 4224/797/1726
f 4225/795/1727 4226/799/1727 4227/797/1727
f 4228/787/1728 4229/790/1728 4230/786/1728
f 4231/788/1729 4232/798/1729 4233/791/1729
f 4234/788/1730 4235/786/1730 4236/791/1730
f 4237/793/1731 4238/803/1731 4239/808/1731
f 4240/799/1732 4241/793/1732 4242/808/1732
f 4243/799/1733 4244/808/1733 4245/809/1733
f 4246/795/1734 4247/799/1734 4248/810/1734
f 4249/810/1735 4250/799/1735 4251/809/1735
f 4252/804/1736 4253/795/1736 4254/810/1736
f 4255/793/1737 4256/808/1737 4257/803/1737
f 4258/799/1738 4259/808/1738 4260/793/1738
f 4261/799/1739 4262/809/1739 4263/808/1739
f 4264/799/1740 4265/795/1740 4266/810/1740
f 4267/810/1741 4268/809/1741 4269/799/1741
f 4270/795/1742 4271/804/1742 4272/810/1742
f 4273/405/1743 4274/811/1743 4275/812/1743
f 4276/406/1744 4277/405/1744 4278/812/1744
f 4279/813/1745 4280/814/1745 4281/815/1745
f 4282/816/1746 4283/817/1746 4284/818/1746
f 4285/817/1747 4286/816/1747 4287/819/1747
f 4288/820/1748 4289/819/1748 4290/816/1748
f 4291/728/1749 4292/451/1749 4293/821/1749
f 4294/822/1750 4295/823/1750 4296/824/1750
f 4297/825/1751 4298/824/1751 4299/823/1751
f 4300/821/1752 4301/826/1752 4302/728/1752
f 4303/827/1753 4304/828/1753 4305/463/1753
f 4306/828/1754 4307/827/1754 4308/829/1754
f 4309/454/1755 4310/830/1755 4311/831/1755
f 4312/819/1756 4313/832/1756 4314/817/1756
f 4315/833/1757 4316/452/1757 4317/834/1757
f 4318/835/1758 4319/836/1758 4320/837/1758
f 4321/838/1759 4322/460/1759 4323/729/1759
f 4324/446/1760 4325/833/1760 4326/447/1760
f 4327/446/1761 4328/452/1761 4329/833/1761
f 4330/827/1762 4331/448/1762 4332/457/1762
f 4333/452/1763 4334/454/1763 4335/834/1763
f 4336/827/1764 4337/463/1764 4338/448/1764
f 4339/454/1765 4340/831/1765 4341/834/1765
f 4342/460/1766 4343/838/1766 4344/839/1766
f 4345/840/1767 4346/841/1767 4347/832/1767
f 4348/841/1768 4349/840/1768 4350/842/1768
f 4351/825/1769 4352/843/1769 4353/844/1769
f 4354/840/1770 4355/844/1770 4356/842/1770
f 4357/843/1771 4358/842/1771 4359/844/1771
f 4360/841/1772 4361/817/1772 4362/832/1772
f 4363/841/1773 4364/842/1773 4365/845/1773
f 4366/845/1774 4367/818/1774 4368/841/1774
f 4369/846/1775 4370/816/1775 4371/847/1775
f 4372/848/1776 4373/845/1776 4374/842/1776
f 4375/822/1777 4376/849/1777 4377/850/1777
f 4378/847/1778 4379/815/1778 4380/846/1778
f 4381/847/1779 4382/816/1779 4383/818/1779
f 4384/823/1780 4385/843/1780 4386/825/1780
f 4387/823/1781 4388/822/1781 4389/851/1781
f 4390/842/1782 4391/843/1782 4392/848/1782
f 4393/817/1783 4394/841/1783 4395/818/1783
f 4396/848/1784 4397/843/1784 4398/823/1784
f 4399/850/1785 4400/851/1785 4401/822/1785
f 4402/848/1786 4403/852/1786 4404/406/1786
f 4405/851/1787 4406/852/1787 4407/823/1787
f 4408/852/1788 4409/848/1788 4410/823/1788
f 4411/852/1789 4412/851/1789 4413/407/1789
f 4414/848/1790 4415/406/1790 4416/845/1790
f 4417/812/1791 4418/818/1791 4419/845/1791
f 4420/853/1792 4421/854/1792 4422/851/1792
f 4423/851/1793 4424/850/1793 4425/853/1793
f 4426/815/1794 4427/847/1794 4428/813/1794
f 4429/847/1795 4430/818/1795 4431/812/1795
f 4432/851/1796 4433/854/1796 4434/407/1796
f 4435/811/1797 4436/813/1797 4437/847/1797
f 4438/406/1798 4439/852/1798 4440/407/1798
f 4441/845/1799 4442/406/1799 4443/812/1799
f 4444/812/1800 4445/811/1800 4446/847/1800
f 4447/462/1801 4448/715/1802 4449/458/1802
f 4450/461/1803 4449/458/1804 4448/715/1804
f 4451/462/1805 4452/461/1805 4453/715/1805
f 4454/445/1806 4455/455/1806 4456/456/1806
f 4457/448/1807 4458/450/1807 4459/449/1807
f 4460/452/1808 4461/454/1808 4462/453/1808
f 4463/445/1809 4464/451/1809 4465/447/1809
f 4466/455/1810 4467/452/1810 4468/453/1810
f 4469/445/1811 4470/446/1811 4471/455/1811
f 4472/446/1812 4473/452/1812 4474/455/1812
f 4475/446/1813 4476/445/1813 4477/447/1813
f 4478/451/1814 4479/728/1814 4480/821/1814
f 4481/447/1815 4482/821/1815 4483/855/1815
f 4484/821/1816 4485/447/1816 4486/451/1816
f 4487/454/1817 4488/831/1817 4489/830/1817
f 4490/838/1818 4491/729/1818 4492/460/1818
f 4493/839/1819 4494/460/1819 4495/457/1819
f 4496/855/1820 4497/833/1820 4498/447/1820
f 4499/447/1821 4500/833/1821 4501/446/1821
f 4502/454/1822 4503/834/1822 4504/831/1822
f 4505/827/1823 4506/457/1823 4507/448/1823
f 4508/828/1824 4509/829/1824 4510/827/1824
f 4511/452/1825 4512/833/1825 4513/834/1825
f 4514/827/1826 4515/463/1826 4516/828/1826
f 4517/452/1827 4518/446/1827 4519/833/1827
f 4520/827/1828 4521/448/1828 4522/463/1828
f 4523/454/1829 4524/452/1829 4525/834/1829
f 4526/728/1830 4527/826/1830 4528/821/1830
f 4529/839/1831 4530/838/1831 4531/460/1831
f 4532/459/1832 4533/462/1832 4534/458/1832
f 4535/448/1833 4536/449/1833 4537/463/1833
f 4538/458/1834 4539/448/1834 4540/457/1834
f 4541/458/1835 4542/457/1835 4543/459/1835
f 4544/458/1836 4545/461/1836 4546/450/1836
f 4547/457/1837 4548/460/1837 4549/459/1837
f 4550/448/1838 4551/458/1838 4552/450/1838
f 4553/856/1839 4554/857/1839 4555/858/1839
f 4556/859/1840 4557/858/1840 4558/860/1840
f 4559/857/1841 4560/856/1841 4561/861/1841
f 4562/862/1842 4563/859/1842 4564/860/1842
f 4565/861/1843 4566/863/1843 4567/857/1843
f 4568/858/1844 4569/859/1844 4570/856/1844
f 4571/864/1845 4572/865/1845 4573/866/1845
f 4574/865/1846 4575/864/1846 4576/862/1846
f 4577/860/1847 4578/865/1847 4579/862/1847
f 4580/867/1848 4581/868/1848 4582/869/1848
f 4583/870/1849 4584/871/1849 4585/857/1849
f 4586/871/1850 4587/858/1850 4588/857/1850
f 4589/871/1851 4590/872/1851 4591/858/1851
f 4592/873/1852 4593/868/1852 4594/870/1852
f 4595/874/1853 4596/866/1853 4597/875/1853
f 4598/868/1854 4599/873/1854 4600/869/1854
f 4601/865/1855 4602/860/1855 4603/872/1855
f 4604/866/1856 4605/876/1856 4606/875/1856
f 4607/870/1857 4608/863/1857 4609/873/1857
f 4610/872/1858 4611/860/1858 4612/858/1858
f 4613/870/1859 4614/857/1859 4615/863/1859
f 4616/876/1860 4617/866/1860 4618/865/1860
f 4619/877/1861 4620/413/1861 4621/600/1861
f 4622/404/1862 4623/414/1862 4624/876/1862
f 4625/410/1863 4626/398/1863 4627/867/1863
f 4628/397/1864 4629/868/1864 4630/398/1864
f 4631/878/1865 4632/865/1865 4633/872/1865
f 4634/870/1866 4635/877/1866 4636/871/1866
f 4637/404/1867 4638/876/1867 4639/402/1867
f 4640/871/1868 4641/600/1868 4642/872/1868
f 4643/402/1869 4644/878/1869 4645/600/1869
f 4646/878/1870 4647/872/1870 4648/600/1870
f 4649/877/1871 4650/600/1871 4651/871/1871
f 4652/877/1872 4653/397/1872 4654/413/1872
f 4655/865/1873 4656/878/1873 4657/876/1873
f 4658/876/1874 4659/878/1874 4660/402/1874
f 4661/868/1875 4662/397/1875 4663/877/1875
f 4664/414/1876 4665/875/1876 4666/876/1876
f 4667/398/1877 4668/868/1877 4669/867/1877
f 4670/877/1878 4671/870/1878 4672/868/1878
usemtl assets/textures/Clouddiss_00
f 4673/879/1879 4674/880/1879 4675/881/1879
f 4676/882/1879 4675/881/1879 4674/880/1879
f 4677/883/1880 4678/882/1880 4679/884/1880
f 4680/881/1880 4679/884/1880 4678/882/1880
f 4681/881/1881 4682/882/1881 4683/879/1881
f 4684/880/1881 4683/879/1881 4682/882/1881
f 4685/885/1882 4686/886/1882 4687/887/1882
f 4688/888/1882 4687/887/1882 4686/886/1882
f 4689/889/1883 4690/890/1883 4691/891/1883
f 4692/892/1884 4691/891/1884 4690/890/1884
f 4693/893/1885 4694/894/1885 4695/892/1885
f 4696/891/1886 4695/892/1886 4694/894/1886
f 4697/882/1887 4698/883/1887 4699/881/1887
f 4700/884/1887 4699/881/1887 4698/883/1887
f 4701/895/1888 4702/896/1888 4703/897/1888
f 4704/898/1888 4703/897/1888 4702/896/1888
f 4705/899/1889 4706/900/1889 4707/897/1889
f 4708/895/1889 4707/897/1889 4706/900/1889
f 4709/887/1890 4710/885/1890 4711/888/1890
f 4712/886/1890 4711/888/1890 4710/885/1890
f 4713/900/1891 4714/895/1891 4715/899/1891
f 4716/897/1891 4715/899/1891 4714/895/1891
f 4717/897/1892 4718/895/1892 4719/898/1892
f 4720/896/1892 4719/898/1892 4718/895/1892
f 4721/901/1882 4722/902/1893 4723/895/1893
f 4724/896/1894 4723/895/1895 4722/902/1895
f 4725/903/1896 4726/897/1896 4727/904/1896
f 4728/898/1896 4727/904/1896 4726/897/1896
f 4729/892/1897 4730/890/1897 4731/891/1897
f 4732/889/1897 4731/891/1897 4730/890/1897
f 4733/894/1898 4734/905/1898 4735/893/1898
f 4736/906/1898 4735/893/1898 4734/905/1898
f 4737/892/1899 4738/891/1899 4739/893/1899
f 4740/894/1899 4739/893/1899 4738/891/1899
f 4741/907/1900 4742/908/1900 4743/909/1900
f 4744/910/1900 4743/909/1900 4742/908/1900
f 4745/909/1901 4746/910/1901 4747/907/1901
f 4748/908/1901 4747/907/1901 4746/910/1901
f 4749/909/1902 4750/910/1902 4751/907/1902
f 4752/908/1902 4751/907/1902 4750/910/1902
f 4753/907/1903 4754/908/1903 4755/909/1903
f 4756/910/1903 4755/909/1903 4754/908/1903
f 4757/911/1904 4758/890/1904 4759/892/1904
f 4760/892/1905 4761/890/1905 4762/911/1905
f 4763/893/1906 4764/892/1906 4765/911/1906
f 4766/912/1889 4767/893/1889 4768/906/1889
f 4769/892/1907 4770/893/1907 4771/911/1907
